Date,ProductID,ProductName,ProductCategory,Price,Promotion,DiscountRate,QuantitySold,Sales,PreviousDaySales,PreviousWeekSales,Rolling7DaySales,Month,DayOfWeek,WeekOfYear,Year
2023-01-08,P001,Laptop,Electronics,725.53,Yes,0.242,58,31881.96,27588.63,32713.93,25177.818571428572,1,6,1,2023
2023-01-09,P001,Laptop,Electronics,766.45,No,0.0,26,19927.72,31881.96,18016.36,25058.965714285714,1,0,2,2023
2023-01-10,P001,Laptop,Electronics,762.51,No,0.0,27,20587.74,19927.72,25851.5,25332.01714285714,1,1,2,2023
2023-01-11,P001,Laptop,Electronics,728.33,Yes,0.051,44,30416.18,20587.74,24657.66,24580.051428571427,1,2,2,2023
2023-01-12,P001,Laptop,Electronics,750.82,No,0.0,26,19521.44,30416.18,19575.43,25402.697142857145,1,3,2,2023
2023-01-13,P001,Laptop,Electronics,773.25,No,0.0,25,19331.22,19521.44,27841.22,25394.984285714287,1,4,2,2023
2023-01-14,P001,Laptop,Electronics,750.25,No,0.0,26,19506.52,19331.22,27588.63,24179.27,1,5,2,2023
2023-01-15,P001,Laptop,Electronics,713.98,No,0.0,30,21419.52,19506.52,31881.96,23024.682857142856,1,6,2,2023
2023-01-16,P001,Laptop,Electronics,747.35,No,0.0,25,18683.74,21419.52,19927.72,21530.04857142857,1,0,3,2023
2023-01-17,P001,Laptop,Electronics,774.95,No,0.0,24,18598.72,18683.74,20587.74,21352.337142857144,1,1,3,2023
2023-01-18,P001,Laptop,Electronics,723.45,No,0.0,26,18809.64,18598.72,30416.18,21068.191428571427,1,2,3,2023
2023-01-19,P001,Laptop,Electronics,744.89,Yes,0.124,38,24803.07,18809.64,19521.44,19410.114285714288,1,3,3,2023
2023-01-20,P001,Laptop,Electronics,767.94,No,0.0,25,19198.4,24803.07,19331.22,20164.632857142857,1,4,3,2023
2023-01-21,P001,Laptop,Electronics,731.28,No,0.0,26,19013.4,19198.4,19506.52,20145.658571428572,1,5,3,2023
2023-01-22,P001,Laptop,Electronics,770.63,Yes,0.154,53,34566.13,19013.4,21419.52,20075.212857142855,1,6,3,2023
2023-01-23,P001,Laptop,Electronics,758.13,No,0.0,20,15162.56,34566.13,18683.74,21953.3,1,0,4,2023
2023-01-24,P001,Laptop,Electronics,732.67,Yes,0.165,46,28138.73,15162.56,18598.72,21450.274285714284,1,1,4,2023
2023-01-25,P001,Laptop,Electronics,786.23,No,0.0,22,17296.99,28138.73,18809.64,22813.132857142857,1,2,4,2023
2023-01-26,P001,Laptop,Electronics,784.14,No,0.0,31,24308.41,17296.99,24803.07,22597.04,1,3,4,2023
2023-01-27,P001,Laptop,Electronics,745.31,No,0.0,27,20123.37,24308.41,19198.4,22526.374285714286,1,4,4,2023
2023-01-28,P001,Laptop,Electronics,730.35,Yes,0.184,54,32171.1,20123.37,19013.4,22658.512857142858,1,5,4,2023
2023-01-29,P001,Laptop,Electronics,723.73,No,0.0,33,23883.02,32171.1,34566.13,24538.184285714287,1,6,4,2023
2023-01-30,P001,Laptop,Electronics,734.36,Yes,0.105,34,22342.84,23883.02,15162.56,23012.02571428571,1,0,5,2023
2023-01-31,P001,Laptop,Electronics,705.76,No,0.0,27,19055.48,22342.84,28138.73,24037.78,1,1,5,2023
2023-02-01,P001,Laptop,Electronics,746.96,No,0.0,23,17180.19,19055.48,17296.99,22740.172857142858,2,2,5,2023
2023-02-02,P001,Laptop,Electronics,742.87,Yes,0.131,61,39377.92,17180.19,24308.41,22723.487142857142,2,3,5,2023
2023-02-03,P001,Laptop,Electronics,757.2,No,0.0,45,34074.06,39377.92,20123.37,24876.274285714284,2,4,5,2023
2023-02-04,P001,Laptop,Electronics,754.08,No,0.0,33,24884.64,34074.06,32171.1,26869.23,2,5,5,2023
2023-02-05,P001,Laptop,Electronics,744.54,No,0.0,20,14890.75,24884.64,23883.02,25828.307142857142,2,6,5,2023
2023-02-06,P001,Laptop,Electronics,750.58,Yes,0.056,48,34004.28,14890.75,22342.84,24543.697142857145,2,0,6,2023
2023-02-07,P001,Laptop,Electronics,708.34,No,0.0,32,22666.73,34004.28,19055.48,26209.617142857143,2,1,6,2023
2023-02-08,P001,Laptop,Electronics,735.87,No,0.0,27,19868.4,22666.73,17180.19,26725.510000000002,2,2,6,2023
2023-02-09,P001,Laptop,Electronics,732.41,Yes,0.162,45,27625.65,19868.4,39377.92,27109.54,2,3,6,2023
2023-02-10,P001,Laptop,Electronics,775.41,Yes,0.234,51,30300.15,27625.65,34074.06,25430.644285714283,2,4,6,2023
2023-02-11,P001,Laptop,Electronics,688.51,Yes,0.135,64,38117.2,30300.15,24884.64,24891.514285714286,2,5,6,2023
2023-02-12,P001,Laptop,Electronics,756.74,No,0.0,31,23458.88,38117.2,14890.75,26781.88,2,6,6,2023
2023-02-13,P001,Laptop,Electronics,742.16,No,0.0,24,17811.87,23458.88,34004.28,28005.898571428574,2,0,7,2023
2023-02-14,P001,Laptop,Electronics,777.51,No,0.0,27,20992.78,17811.87,22666.73,25692.697142857145,2,1,7,2023
2023-02-15,P001,Laptop,Electronics,776.05,No,0.0,38,29489.9,20992.78,19868.4,25453.56142857143,2,2,7,2023
2023-02-16,P001,Laptop,Electronics,761.53,Yes,0.119,44,29527.44,29489.9,27625.65,26828.06142857143,2,3,7,2023
2023-02-17,P001,Laptop,Electronics,730.01,Yes,0.209,49,28277.42,29527.44,30300.15,27099.745714285713,2,4,7,2023
2023-02-18,P001,Laptop,Electronics,807.6,No,0.0,18,14536.86,28277.42,38117.2,26810.78428571429,2,5,7,2023
2023-02-19,P001,Laptop,Electronics,722.74,No,0.0,42,30355.21,14536.86,23458.88,23442.164285714283,2,6,7,2023
2023-02-20,P001,Laptop,Electronics,732.75,No,0.0,38,27844.55,30355.21,17811.87,24427.354285714282,2,0,8,2023
2023-02-21,P001,Laptop,Electronics,721.61,No,0.0,29,20926.74,27844.55,20992.78,25860.594285714287,2,1,8,2023
2023-02-22,P001,Laptop,Electronics,715.13,No,0.0,28,20023.63,20926.74,29489.9,25851.16,2,2,8,2023
2023-02-23,P001,Laptop,Electronics,759.85,Yes,0.207,60,36167.65,20023.63,29527.44,24498.835714285717,2,3,8,2023
2023-02-24,P001,Laptop,Electronics,771.51,No,0.0,36,27774.28,36167.65,28277.42,25447.437142857143,2,4,8,2023
2023-02-25,P001,Laptop,Electronics,738.56,No,0.0,35,25849.5,27774.28,14536.86,25375.559999999998,2,5,8,2023
2023-02-26,P001,Laptop,Electronics,765.13,No,0.0,31,23718.93,25849.5,30355.21,26991.65142857143,2,6,8,2023
2023-02-27,P001,Laptop,Electronics,776.52,No,0.0,31,24072.15,23718.93,27844.55,26043.611428571432,2,0,9,2023
2023-02-28,P001,Laptop,Electronics,740.02,No,0.0,31,22940.77,24072.15,20926.74,25504.697142857145,2,1,9,2023
2023-03-01,P001,Laptop,Electronics,746.72,No,0.0,30,22401.51,22940.77,20023.63,25792.415714285715,3,2,9,2023
2023-03-02,P001,Laptop,Electronics,756.82,No,0.0,22,16650.03,22401.51,36167.65,26132.11285714286,3,3,9,2023
2023-03-03,P001,Laptop,Electronics,812.88,Yes,0.172,47,31643.54,16650.03,27774.28,23343.88142857143,3,4,9,2023
2023-03-04,P001,Laptop,Electronics,755.2,No,0.0,27,20390.39,31643.54,25849.5,23896.632857142857,3,5,9,2023
2023-03-05,P001,Laptop,Electronics,730.42,No,0.0,23,16799.63,20390.39,23718.93,23116.760000000002,3,6,9,2023
2023-03-06,P001,Laptop,Electronics,746.43,Yes,0.109,50,33271.31,16799.63,24072.15,22128.288571428573,3,0,10,2023
2023-03-07,P001,Laptop,Electronics,786.13,No,0.0,21,16508.64,33271.31,22940.77,23442.454285714284,3,1,10,2023
2023-03-08,P001,Laptop,Electronics,772.27,Yes,0.236,63,37150.94,16508.64,22401.51,22523.57857142857,3,2,10,2023
2023-03-09,P001,Laptop,Electronics,750.85,No,0.0,37,27781.35,37150.94,16650.03,24630.639999999996,3,3,10,2023
2023-03-10,P001,Laptop,Electronics,767.51,No,0.0,32,24560.26,27781.35,31643.54,26220.82857142857,3,4,10,2023
2023-03-11,P001,Laptop,Electronics,776.26,No,0.0,49,38036.9,24560.26,20390.39,25208.93142857143,3,5,10,2023
2023-03-12,P001,Laptop,Electronics,764.99,Yes,0.221,61,36341.32,38036.9,16799.63,27729.86142857143,3,6,10,2023
2023-03-13,P001,Laptop,Electronics,723.1,No,0.0,30,21692.94,36341.32,33271.31,30521.53142857143,3,0,11,2023
2023-03-14,P001,Laptop,Electronics,740.79,No,0.0,43,31854.13,21692.94,16508.64,28867.47857142857,3,1,11,2023
2023-03-15,P001,Laptop,Electronics,745.95,No,0.0,34,25362.17,31854.13,37150.94,31059.691428571434,3,2,11,2023
2023-03-16,P001,Laptop,Electronics,743.71,No,0.0,39,29004.67,25362.17,27781.35,29375.58142857143,3,3,11,2023
2023-03-17,P001,Laptop,Electronics,745.68,No,0.0,32,23861.79,29004.67,24560.26,29550.34142857143,3,4,11,2023
2023-03-18,P001,Laptop,Electronics,768.34,No,0.0,40,30733.72,23861.79,38036.9,29450.559999999998,3,5,11,2023
2023-03-19,P001,Laptop,Electronics,746.11,No,0.0,34,25367.8,30733.72,36341.32,28407.24857142857,3,6,11,2023
2023-03-20,P001,Laptop,Electronics,776.56,No,0.0,24,18637.45,25367.8,21692.94,26839.602857142858,3,0,12,2023
2023-03-21,P001,Laptop,Electronics,753.9,Yes,0.061,42,29743.74,18637.45,31854.13,26403.104285714282,3,1,12,2023
2023-03-22,P001,Laptop,Electronics,725.07,No,0.0,35,25377.46,29743.74,25362.17,26101.62,3,2,12,2023
2023-03-23,P001,Laptop,Electronics,735.17,No,0.0,33,24260.69,25377.46,29004.67,26103.804285714286,3,3,12,2023
2023-03-24,P001,Laptop,Electronics,714.42,Yes,0.102,48,30810.67,24260.69,23861.79,25426.09285714286,3,4,12,2023
2023-03-25,P001,Laptop,Electronics,771.76,Yes,0.155,51,33245.92,30810.67,30733.72,26418.79,3,5,12,2023
2023-03-26,P001,Laptop,Electronics,794.46,Yes,0.217,46,28612.68,33245.92,25367.8,26777.675714285717,3,6,12,2023
2023-03-27,P001,Laptop,Electronics,780.55,No,0.0,38,29660.81,28612.68,18637.45,27241.23,3,0,13,2023
2023-03-28,P001,Laptop,Electronics,764.16,No,0.0,29,22160.76,29660.81,29743.74,28815.995714285713,3,1,13,2023
2023-03-29,P001,Laptop,Electronics,733.36,No,0.0,27,19800.76,22160.76,25377.46,27732.712857142855,3,2,13,2023
2023-03-30,P001,Laptop,Electronics,698.74,No,0.0,51,35635.83,19800.76,24260.69,26936.041428571425,3,3,13,2023
2023-03-31,P001,Laptop,Electronics,716.75,No,0.0,28,20068.9,35635.83,30810.67,28561.06142857143,3,4,13,2023
2023-04-01,P001,Laptop,Electronics,754.38,No,0.0,36,27157.69,20068.9,33245.92,27026.522857142856,4,5,13,2023
2023-04-02,P001,Laptop,Electronics,733.33,No,0.0,39,28599.92,27157.69,28612.68,26156.77571428571,4,6,13,2023
2023-04-03,P001,Laptop,Electronics,753.72,No,0.0,31,23365.36,28599.92,29660.81,26154.95285714286,4,0,14,2023
2023-04-04,P001,Laptop,Electronics,754.78,No,0.0,31,23398.08,23365.36,22160.76,25255.602857142858,4,1,14,2023
2023-04-05,P001,Laptop,Electronics,711.61,No,0.0,36,25618.05,23398.08,19800.76,25432.36285714286,4,2,14,2023
2023-04-06,P001,Laptop,Electronics,753.54,No,0.0,33,24866.83,25618.05,35635.83,26263.40428571429,4,3,14,2023
2023-04-07,P001,Laptop,Electronics,764.67,No,0.0,28,21410.68,24866.83,20068.9,24724.975714285716,4,4,14,2023
2023-04-08,P001,Laptop,Electronics,810.57,No,0.0,28,22695.99,21410.68,27157.69,24916.658571428572,4,5,14,2023
2023-04-09,P001,Laptop,Electronics,750.53,No,0.0,30,22515.91,22695.99,28599.92,24279.272857142856,4,6,14,2023
2023-04-10,P001,Laptop,Electronics,717.65,No,0.0,44,31576.7,22515.91,23365.36,23410.12857142857,4,0,15,2023
2023-04-11,P001,Laptop,Electronics,751.11,No,0.0,34,25537.76,31576.7,23398.08,24583.177142857145,4,1,15,2023
2023-04-12,P001,Laptop,Electronics,718.76,Yes,0.073,44,29331.62,25537.76,25618.05,24888.84571428571,4,2,15,2023
2023-04-13,P001,Laptop,Electronics,742.41,No,0.0,29,21529.76,29331.62,24866.83,25419.355714285713,4,3,15,2023
2023-04-14,P001,Laptop,Electronics,706.56,No,0.0,40,28262.53,21529.76,21410.68,24942.631428571425,4,4,15,2023
2023-04-15,P001,Laptop,Electronics,751.96,No,0.0,43,32334.32,28262.53,22695.99,25921.467142857142,4,5,15,2023
2023-04-16,P001,Laptop,Electronics,720.66,No,0.0,30,21619.8,32334.32,22515.91,27298.37142857143,4,6,15,2023
2023-04-17,P001,Laptop,Electronics,757.19,No,0.0,27,20444.02,21619.8,31576.7,27170.355714285713,4,0,16,2023
2023-04-18,P001,Laptop,Electronics,712.27,No,0.0,36,25641.89,20444.02,25537.76,25579.972857142857,4,1,16,2023
2023-04-19,P001,Laptop,Electronics,790.9,No,0.0,28,22145.12,25641.89,29331.62,25594.84857142857,4,2,16,2023
2023-04-20,P001,Laptop,Electronics,756.3,Yes,0.105,49,33184.58,22145.12,21529.76,24568.205714285716,4,3,16,2023
2023-04-21,P001,Laptop,Electronics,741.86,Yes,0.132,57,36695.82,33184.58,28262.53,26233.18,4,4,16,2023
2023-04-22,P001,Laptop,Electronics,767.3,Yes,0.125,58,38930.39,36695.82,32334.32,27437.93571428571,4,5,16,2023
2023-04-23,P001,Laptop,Electronics,719.78,No,0.0,38,27351.57,38930.39,21619.8,28380.231428571427,4,6,16,2023
2023-04-24,P001,Laptop,Electronics,776.14,Yes,0.192,49,30710.27,27351.57,20444.02,29199.055714285718,4,0,17,2023
2023-04-25,P001,Laptop,Electronics,754.24,No,0.0,34,25644.28,30710.27,25641.89,30665.662857142856,4,1,17,2023
2023-04-26,P001,Laptop,Electronics,730.26,No,0.0,31,22638.16,25644.28,22145.12,30666.004285714287,4,2,17,2023
2023-04-27,P001,Laptop,Electronics,723.45,No,0.0,40,28937.97,22638.16,33184.58,30736.43857142857,4,3,17,2023
2023-04-28,P001,Laptop,Electronics,690.13,Yes,0.137,56,33344.29,28937.97,36695.82,30129.78,4,4,17,2023
2023-04-29,P001,Laptop,Electronics,746.59,No,0.0,43,32103.32,33344.29,38930.39,29650.989999999998,4,5,17,2023
2023-04-30,P001,Laptop,Electronics,716.68,Yes,0.158,64,38629.59,32103.32,27351.57,28675.694285714282,4,6,17,2023
2023-05-01,P001,Laptop,Electronics,737.66,No,0.0,31,22867.36,38629.59,30710.27,30286.839999999997,5,0,18,2023
2023-05-02,P001,Laptop,Electronics,774.11,No,0.0,28,21675.12,22867.36,25644.28,29166.424285714285,5,1,18,2023
2023-05-03,P001,Laptop,Electronics,749.46,No,0.0,25,18736.57,21675.12,22638.16,28599.40142857143,5,2,18,2023
2023-05-04,P001,Laptop,Electronics,791.96,No,0.0,27,21382.92,18736.57,28937.97,28042.03142857143,5,3,18,2023
2023-05-05,P001,Laptop,Electronics,770.0,No,0.0,26,20019.88,21382.92,33344.29,26962.73857142857,5,4,18,2023
2023-05-06,P001,Laptop,Electronics,786.84,Yes,0.153,47,31326.42,20019.88,32103.32,25059.25142857143,5,5,18,2023
2023-05-07,P001,Laptop,Electronics,766.54,No,0.0,35,26828.84,31326.42,38629.59,24948.265714285713,5,6,18,2023
2023-05-08,P001,Laptop,Electronics,725.76,No,0.0,25,18144.01,26828.84,22867.36,23262.44428571429,5,0,19,2023
2023-05-09,P001,Laptop,Electronics,747.91,No,0.0,29,21689.3,18144.01,21675.12,22587.679999999997,5,1,19,2023
2023-05-10,P001,Laptop,Electronics,718.81,No,0.0,36,25877.32,21689.3,18736.57,22589.705714285716,5,2,19,2023
2023-05-11,P001,Laptop,Electronics,726.35,No,0.0,44,31959.45,25877.32,21382.92,23609.812857142853,5,3,19,2023
2023-05-12,P001,Laptop,Electronics,746.53,No,0.0,26,19409.9,31959.45,20019.88,25120.745714285713,5,4,19,2023
2023-05-13,P001,Laptop,Electronics,758.75,No,0.0,47,35661.11,19409.9,31326.42,25033.605714285713,5,5,19,2023
2023-05-14,P001,Laptop,Electronics,717.78,No,0.0,30,21533.3,35661.11,26828.84,25652.847142857147,5,6,19,2023
2023-05-15,P001,Laptop,Electronics,709.74,No,0.0,39,27679.74,21533.3,18144.01,24896.341428571428,5,0,20,2023
2023-05-16,P001,Laptop,Electronics,718.14,No,0.0,32,22980.32,27679.74,21689.3,26258.588571428572,5,1,20,2023
2023-05-17,P001,Laptop,Electronics,789.55,No,0.0,27,21317.77,22980.32,25877.32,26443.019999999997,5,2,20,2023
2023-05-18,P001,Laptop,Electronics,734.38,No,0.0,35,25703.31,21317.77,31959.45,25791.655714285716,5,3,20,2023
2023-05-19,P001,Laptop,Electronics,686.1,No,0.0,46,31560.73,25703.31,19409.9,24897.92142857143,5,4,20,2023
2023-05-20,P001,Laptop,Electronics,775.3,No,0.0,46,35663.68,31560.73,35661.11,26633.754285714287,5,5,20,2023
2023-05-21,P001,Laptop,Electronics,761.33,No,0.0,32,24362.72,35663.68,21533.3,26634.121428571427,5,6,20,2023
2023-05-22,P001,Laptop,Electronics,765.85,No,0.0,30,22975.5,24362.72,27679.74,27038.324285714287,5,0,21,2023
2023-05-23,P001,Laptop,Electronics,730.03,No,0.0,37,27011.03,22975.5,22980.32,26366.290000000005,5,1,21,2023
2023-05-24,P001,Laptop,Electronics,764.94,No,0.0,45,34422.14,27011.03,21317.77,26942.105714285713,5,2,21,2023
2023-05-25,P001,Laptop,Electronics,742.86,No,0.0,29,21542.84,34422.14,25703.31,28814.15857142857,5,3,21,2023
2023-05-26,P001,Laptop,Electronics,716.42,Yes,0.152,61,37059.84,21542.84,31560.73,28219.80571428571,5,4,21,2023
2023-05-27,P001,Laptop,Electronics,737.49,Yes,0.096,63,42012.25,37059.84,35663.68,29005.39285714286,5,5,21,2023
2023-05-28,P001,Laptop,Electronics,729.75,No,0.0,41,29919.78,42012.25,24362.72,29912.33142857143,5,6,21,2023
2023-05-29,P001,Laptop,Electronics,781.01,No,0.0,34,26554.25,29919.78,22975.5,30706.197142857138,5,0,22,2023
2023-05-30,P001,Laptop,Electronics,780.23,No,0.0,26,20286.0,26554.25,27011.03,31217.447142857145,5,1,22,2023
2023-05-31,P001,Laptop,Electronics,722.34,Yes,0.207,73,41796.49,20286.0,34422.14,30256.728571428568,5,2,22,2023
2023-06-01,P001,Laptop,Electronics,741.92,No,0.0,30,22257.59,41796.49,21542.84,31310.20714285714,6,3,22,2023
2023-06-02,P001,Laptop,Electronics,723.22,No,0.0,38,27482.35,22257.59,37059.84,31412.314285714285,6,4,22,2023
2023-06-03,P001,Laptop,Electronics,717.19,No,0.0,36,25818.81,27482.35,42012.25,30044.101428571426,6,5,22,2023
2023-06-04,P001,Laptop,Electronics,763.09,Yes,0.077,54,38026.53,25818.81,29919.78,27730.752857142856,6,6,22,2023
2023-06-05,P001,Laptop,Electronics,755.5,No,0.0,31,23420.58,38026.53,26554.25,28888.859999999997,6,0,23,2023
2023-06-06,P001,Laptop,Electronics,757.68,Yes,0.077,49,34281.83,23420.58,20286.0,28441.192857142858,6,1,23,2023
2023-06-07,P001,Laptop,Electronics,769.22,No,0.0,25,19230.56,34281.83,41796.49,30440.597142857143,6,2,23,2023
2023-06-08,P001,Laptop,Electronics,708.53,No,0.0,41,29049.7,19230.56,22257.59,27216.89285714286,6,3,23,2023
2023-06-09,P001,Laptop,Electronics,717.17,No,0.0,40,28686.88,29049.7,27482.35,28187.19428571429,6,4,23,2023
2023-06-10,P001,Laptop,Electronics,719.72,No,0.0,39,28068.96,28686.88,25818.81,28359.27,6,5,23,2023
2023-06-11,P001,Laptop,Electronics,761.47,Yes,0.189,79,48759.43,28068.96,38026.53,28680.72,6,6,23,2023
2023-06-12,P001,Laptop,Electronics,776.81,No,0.0,27,20973.95,48759.43,23420.58,30213.99142857143,6,0,24,2023
2023-06-13,P001,Laptop,Electronics,692.47,No,0.0,37,25621.37,20973.95,34281.83,29864.472857142857,6,1,24,2023
2023-06-14,P001,Laptop,Electronics,755.09,No,0.0,40,30203.42,25621.37,19230.56,28627.264285714286,6,2,24,2023
2023-06-15,P001,Laptop,Electronics,721.83,No,0.0,37,26707.63,30203.42,29049.7,30194.815714285716,6,3,24,2023
2023-06-16,P001,Laptop,Electronics,723.28,No,0.0,31,22421.62,26707.63,28686.88,29860.234285714287,6,4,24,2023
2023-06-17,P001,Laptop,Electronics,734.01,No,0.0,43,31562.57,22421.62,28068.96,28965.197142857145,6,5,24,2023
2023-06-18,P001,Laptop,Electronics,758.13,No,0.0,31,23501.9,31562.57,48759.43,29464.284285714286,6,6,24,2023
2023-06-19,P001,Laptop,Electronics,778.25,No,0.0,30,23347.46,23501.9,20973.95,25856.065714285716,6,0,25,2023
2023-06-20,P001,Laptop,Electronics,767.4,No,0.0,30,23022.01,23347.46,25621.37,26195.13857142857,6,1,25,2023
2023-06-21,P001,Laptop,Electronics,748.81,No,0.0,43,32198.82,23022.01,30203.42,25823.80142857143,6,2,25,2023
2023-06-22,P001,Laptop,Electronics,721.27,No,0.0,34,24523.08,32198.82,26707.63,26108.85857142857,6,3,25,2023
2023-06-23,P001,Laptop,Electronics,709.75,No,0.0,38,26970.56,24523.08,22421.62,25796.78,6,4,25,2023
2023-06-24,P001,Laptop,Electronics,756.32,Yes,0.148,59,38030.91,26970.56,31562.57,26446.62857142857,6,5,25,2023
2023-06-25,P001,Laptop,Electronics,757.21,Yes,0.056,55,39329.67,38030.91,23501.9,27370.677142857145,6,6,25,2023
2023-06-26,P001,Laptop,Electronics,741.29,No,0.0,39,28910.46,39329.67,23347.46,29631.787142857145,6,0,26,2023
2023-06-27,P001,Laptop,Electronics,736.87,No,0.0,40,29474.87,28910.46,23022.01,30426.50142857143,6,1,26,2023
2023-06-28,P001,Laptop,Electronics,706.29,No,0.0,38,26839.11,29474.87,32198.82,31348.338571428572,6,2,26,2023
2023-06-29,P001,Laptop,Electronics,749.34,No,0.0,37,27725.67,26839.11,24523.08,30582.665714285715,6,3,26,2023
2023-06-30,P001,Laptop,Electronics,735.29,No,0.0,37,27205.84,27725.67,26970.56,31040.178571428572,6,4,26,2023
2023-07-01,P001,Laptop,Electronics,733.73,No,0.0,39,28615.61,27205.84,38030.91,31073.79,7,5,26,2023
2023-07-02,P001,Laptop,Electronics,755.08,Yes,0.235,77,44490.25,28615.61,39329.67,29728.74714285714,7,6,26,2023
2023-07-03,P001,Laptop,Electronics,763.24,No,0.0,31,23660.36,44490.25,28910.46,30465.972857142857,7,0,27,2023
2023-07-04,P001,Laptop,Electronics,750.11,No,0.0,41,30754.71,23660.36,29474.87,29715.95857142857,7,1,27,2023
2023-07-05,P001,Laptop,Electronics,763.6,No,0.0,29,22144.36,30754.71,26839.11,29898.792857142857,7,2,27,2023
2023-07-06,P001,Laptop,Electronics,726.52,No,0.0,35,25428.16,22144.36,27725.67,29228.114285714288,7,3,27,2023
2023-07-07,P001,Laptop,Electronics,720.54,No,0.0,27,19454.7,25428.16,27205.84,28899.898571428574,7,4,27,2023
2023-07-08,P001,Laptop,Electronics,719.54,No,0.0,35,25184.05,19454.7,28615.61,27792.592857142856,7,5,27,2023
2023-07-09,P001,Laptop,Electronics,770.93,Yes,0.12,54,36645.03,25184.05,44490.25,27302.37,7,6,27,2023
2023-07-10,P001,Laptop,Electronics,685.59,No,0.0,43,29480.32,36645.03,23660.36,26181.624285714286,7,0,28,2023
2023-07-11,P001,Laptop,Electronics,733.54,No,0.0,42,30808.79,29480.32,30754.71,27013.04714285714,7,1,28,2023
2023-07-12,P001,Laptop,Electronics,734.39,No,0.0,39,28641.31,30808.79,22144.36,27020.772857142856,7,2,28,2023
2023-07-13,P001,Laptop,Electronics,714.84,No,0.0,43,30737.98,28641.31,25428.16,27948.90857142857,7,3,28,2023
2023-07-14,P001,Laptop,Electronics,704.68,No,0.0,36,25368.31,30737.98,19454.7,28707.454285714284,7,4,28,2023
2023-07-15,P001,Laptop,Electronics,755.64,No,0.0,32,24180.59,25368.31,25184.05,29552.255714285715,7,5,28,2023
2023-07-16,P001,Laptop,Electronics,770.68,No,0.0,30,23120.29,24180.59,36645.03,29408.904285714285,7,6,28,2023
2023-07-17,P001,Laptop,Electronics,772.65,No,0.0,35,27042.77,23120.29,29480.32,27476.79857142857,7,0,29,2023
2023-07-18,P001,Laptop,Electronics,696.37,No,0.0,33,22980.09,27042.77,30808.79,27128.577142857142,7,1,29,2023
2023-07-19,P001,Laptop,Electronics,764.83,No,0.0,38,29063.35,22980.09,28641.31,26010.191428571427,7,2,29,2023
2023-07-20,P001,Laptop,Electronics,720.05,No,0.0,34,24481.65,29063.35,30737.98,26070.48285714286,7,3,29,2023
2023-07-21,P001,Laptop,Electronics,705.56,No,0.0,48,33866.98,24481.65,25368.31,25176.721428571425,7,4,29,2023
2023-07-22,P001,Laptop,Electronics,768.9,No,0.0,54,41520.42,33866.98,24180.59,26390.817142857144,7,5,29,2023
2023-07-23,P001,Laptop,Electronics,747.18,No,0.0,33,24656.88,41520.42,23120.29,28867.93571428571,7,6,29,2023
2023-07-24,P001,Laptop,Electronics,775.43,No,0.0,37,28690.99,24656.88,27042.77,29087.44857142857,7,0,30,2023
2023-07-25,P001,Laptop,Electronics,733.27,No,0.0,33,24197.93,28690.99,22980.09,29322.908571428572,7,1,30,2023
2023-07-26,P001,Laptop,Electronics,749.06,No,0.0,44,32958.46,24197.93,29063.35,29496.885714285716,7,2,30,2023
2023-07-27,P001,Laptop,Electronics,759.72,No,0.0,32,24311.02,32958.46,24481.65,30053.329999999998,7,3,30,2023
2023-07-28,P001,Laptop,Electronics,702.73,No,0.0,48,33730.86,24311.02,33866.98,30028.954285714288,7,4,30,2023
2023-07-29,P001,Laptop,Electronics,743.48,No,0.0,38,28252.27,33730.86,41520.42,30009.50857142857,7,5,30,2023
2023-07-30,P001,Laptop,Electronics,732.39,No,0.0,32,23436.53,28252.27,24656.88,28114.058571428573,7,6,30,2023
2023-07-31,P001,Laptop,Electronics,756.63,No,0.0,30,22698.88,23436.53,28690.99,27939.722857142857,7,0,31,2023
2023-08-01,P001,Laptop,Electronics,762.67,No,0.0,34,25930.88,22698.88,24197.93,27083.70714285714,8,1,31,2023
2023-08-02,P001,Laptop,Electronics,738.6,Yes,0.231,70,39741.06,25930.88,32958.46,27331.27142857143,8,2,31,2023
2023-08-03,P001,Laptop,Electronics,708.55,No,0.0,36,25507.73,39741.06,24311.02,28300.214285714286,8,3,31,2023
2023-08-04,P001,Laptop,Electronics,758.6,No,0.0,22,16689.2,25507.73,33730.86,28471.172857142858,8,4,31,2023
2023-08-05,P001,Laptop,Electronics,738.43,No,,32,23629.82,16689.2,28252.27,26036.649999999998,8,5,31,2023
2023-08-06,P001,Laptop,Electronics,737.04,No,0.0,40,29481.58,23629.82,23436.53,25376.3,8,6,31,2023
2023-08-07,P001,Laptop,Electronics,774.65,No,0.0,32,24788.69,29481.58,22698.88,26239.878571428573,8,0,32,2023
2023-08-08,P001,Laptop,Electronics,728.68,Yes,0.124,40,25539.61,24788.69,25930.88,26538.422857142858,8,1,32,2023
2023-08-09,P001,Laptop,Electronics,761.05,No,0.0,26,19787.25,25539.61,39741.06,26482.527142857143,8,2,32,2023
2023-08-10,P001,Laptop,Electronics,757.36,No,0.0,37,28022.44,19787.25,25507.73,23631.98285714286,8,3,32,2023
2023-08-11,P001,Laptop,Electronics,739.15,No,0.0,23,17000.56,28022.44,16689.2,23991.227142857144,8,4,32,2023
2023-08-12,P001,Laptop,Electronics,680.78,No,0.0,50,34039.01,17000.56,23629.82,24035.707142857143,8,5,32,2023
2023-08-13,P001,Laptop,Electronics,764.98,Yes,0.064,42,30082.32,34039.01,29481.58,25522.734285714287,8,6,32,2023
2023-08-14,P001,Laptop,Electronics,757.85,Yes,0.054,36,25802.84,30082.32,24788.69,25608.554285714283,8,0,33,2023
2023-08-15,P001,Laptop,Electronics,722.65,No,0.0,32,23124.83,25802.84,25539.61,25753.432857142856,8,1,33,2023
2023-08-16,P001,Laptop,Electronics,804.07,No,0.0,19,15277.35,23124.83,19787.25,25408.464285714286,8,2,33,2023
2023-08-17,P001,Laptop,Electronics,739.67,No,0.0,30,22190.01,15277.35,28022.44,24764.192857142858,8,3,33,2023
2023-08-18,P001,Laptop,Electronics,771.8,No,0.0,37,28556.47,22190.01,17000.56,23930.98857142857,8,4,33,2023
2023-08-19,P001,Laptop,Electronics,758.92,Yes,0.141,58,37820.97,28556.47,34039.01,25581.832857142854,8,5,33,2023
2023-08-20,P001,Laptop,Electronics,754.73,No,0.0,31,23396.69,37820.97,30082.32,26122.11285714286,8,6,33,2023
2023-08-21,P001,Laptop,Electronics,788.34,No,0.0,25,19708.51,23396.69,25802.84,25167.022857142856,8,0,34,2023
2023-08-22,P001,Laptop,Electronics,756.79,No,0.0,27,20433.37,19708.51,23124.83,24296.40428571429,8,1,34,2023
2023-08-23,P001,Laptop,Electronics,720.1,No,0.0,38,27363.72,20433.37,15277.35,23911.91,8,2,34,2023
2023-08-24,P001,Laptop,Electronics,800.62,No,0.0,32,25619.96,27363.72,22190.01,25638.534285714286,8,3,34,2023
2023-08-25,P001,Laptop,Electronics,739.83,No,0.0,29,21455.03,25619.96,28556.47,26128.527142857143,8,4,34,2023
2023-08-26,P001,Laptop,Electronics,769.99,No,,32,24639.83,21455.03,37820.97,25114.035714285714,8,5,34,2023
2023-08-27,P001,Laptop,Electronics,728.24,No,0.0,21,15292.97,24639.83,23396.69,23231.015714285717,8,6,34,2023
2023-08-28,P001,Laptop,Electronics,729.46,No,0.0,26,18965.87,15292.97,19708.51,22073.34142857143,8,0,35,2023
2023-08-29,P001,Laptop,Electronics,782.16,No,0.0,29,22682.55,18965.87,20433.37,21967.25,8,1,35,2023
2023-08-30,P001,Laptop,Electronics,762.04,No,0.0,27,20575.16,22682.55,27363.72,22288.56142857143,8,2,35,2023
2023-08-31,P001,Laptop,Electronics,714.95,No,0.0,35,25023.2,20575.16,25619.96,21318.76714285714,8,3,35,2023
2023-09-01,P001,Laptop,Electronics,773.22,No,0.0,26,20103.79,25023.2,21455.03,21233.515714285717,9,4,35,2023
2023-09-02,P001,Laptop,Electronics,686.25,No,0.0,37,25391.38,20103.79,24639.83,21040.481428571427,9,5,35,2023
2023-09-03,P001,Laptop,Electronics,747.8,Yes,0.191,77,46566.88,25391.38,15292.97,21147.845714285715,9,6,35,2023
2023-09-04,P001,Laptop,Electronics,747.83,Yes,0.136,37,23900.23,46566.88,18965.87,25615.547142857144,9,0,36,2023
2023-09-05,P001,Laptop,Electronics,741.02,No,0.0,32,23712.63,23900.23,22682.55,26320.455714285716,9,1,36,2023
2023-09-06,P001,Laptop,Electronics,730.76,No,0.0,27,19730.42,23712.63,20575.16,26467.609999999997,9,2,36,2023
2023-09-07,P001,Laptop,Electronics,680.65,Yes,0.103,51,31136.48,19730.42,25023.2,26346.932857142852,9,3,36,2023
2023-09-08,P001,Laptop,Electronics,772.36,Yes,0.143,36,23839.12,31136.48,20103.79,27220.25857142857,9,4,36,2023
2023-09-09,P001,Laptop,Electronics,740.77,No,0.0,26,19259.96,23839.12,25391.38,27753.87714285714,9,5,36,2023
2023-09-10,P001,Laptop,Electronics,776.46,Yes,0.074,33,23730.34,19259.96,46566.88,26877.959999999995,9,6,36,2023
2023-09-11,P001,Laptop,Electronics,771.65,No,0.0,33,25464.58,23730.34,23900.23,23615.597142857143,9,0,37,2023
2023-09-12,P001,Laptop,Electronics,731.67,No,0.0,33,24145.08,25464.58,23712.63,23839.075714285715,9,1,37,2023
2023-09-13,P001,Laptop,Electronics,758.02,No,0.0,21,15918.38,24145.08,19730.42,23900.854285714286,9,2,37,2023
2023-09-14,P001,Laptop,Electronics,731.03,No,0.0,34,24854.97,15918.38,31136.48,23356.27714285714,9,3,37,2023
2023-09-15,P001,Laptop,Electronics,739.06,No,0.0,35,25867.17,24854.97,23839.12,22458.91857142857,9,4,37,2023
2023-09-16,P001,Laptop,Electronics,785.88,Yes,0.084,44,31675.96,25867.17,19259.96,22748.640000000003,9,5,37,2023
2023-09-17,P001,Laptop,Electronics,765.04,Yes,0.194,51,31435.19,31675.96,23730.34,24522.354285714286,9,6,37,2023
2023-09-18,P001,Laptop,Electronics,695.29,No,0.0,28,19468.07,31435.19,25464.58,25623.04714285714,9,0,38,2023
2023-09-19,P001,Laptop,Electronics,745.72,No,0.0,26,19388.68,19468.07,24145.08,24766.402857142857,9,1,38,2023
2023-09-20,P001,Laptop,Electronics,743.34,No,0.0,27,20070.24,19388.68,15918.38,24086.91714285714,9,2,38,2023
2023-09-21,P001,Laptop,Electronics,823.52,Yes,0.072,31,23682.44,20070.24,24854.97,24680.040000000005,9,3,38,2023
2023-09-22,P001,Laptop,Electronics,739.27,No,0.0,34,25135.1,23682.44,25867.17,24512.53571428571,9,4,38,2023
2023-09-23,P001,Laptop,Electronics,746.83,No,0.0,36,26885.87,25135.1,31675.96,24407.954285714284,9,5,38,2023
2023-09-24,P001,Laptop,Electronics,757.3,No,0.0,20,15145.95,26885.87,31435.19,23723.655714285713,9,6,38,2023
2023-09-25,P001,Laptop,Electronics,746.08,No,0.0,28,20890.14,15145.95,19468.07,21396.62142857143,9,0,39,2023
2023-09-26,P001,Laptop,Electronics,753.42,No,0.0,22,16575.28,20890.14,19388.68,21599.774285714284,9,1,39,2023
2023-09-27,P001,Laptop,Electronics,776.95,No,0.0,20,15538.93,16575.28,20070.24,21197.859999999997,9,2,39,2023
2023-09-28,P001,Laptop,Electronics,793.9,No,0.0,17,13496.32,15538.93,23682.44,20550.53,9,3,39,2023
2023-09-29,P001,Laptop,Electronics,684.67,Yes,0.159,57,32825.24,13496.32,25135.1,19095.37,9,4,39,2023
2023-09-30,P001,Laptop,Electronics,744.25,No,0.0,37,27537.23,32825.24,26885.87,20193.961428571427,9,5,39,2023
2023-10-01,P001,Laptop,Electronics,714.35,No,0.0,38,27145.18,27537.23,15145.95,20287.012857142858,10,6,39,2023
2023-10-02,P001,Laptop,Electronics,781.17,No,0.0,29,22654.02,27145.18,20890.14,22001.188571428567,10,0,40,2023
2023-10-03,P001,Laptop,Electronics,744.01,No,0.0,23,17112.12,22654.02,16575.28,22253.17142857143,10,1,40,2023
2023-10-04,P001,Laptop,Electronics,774.16,No,0.0,23,17805.71,17112.12,15538.93,22329.86285714286,10,2,40,2023
2023-10-05,P001,Laptop,Electronics,702.91,No,0.0,28,19681.58,17805.71,13496.32,22653.688571428567,10,3,40,2023
2023-10-06,P001,Laptop,Electronics,764.77,No,0.0,27,20648.68,19681.58,32825.24,23537.297142857144,10,4,40,2023
2023-10-07,P001,Laptop,Electronics,779.4,No,0.0,24,18705.71,20648.68,27537.23,21797.788571428573,10,5,40,2023
2023-10-08,P001,Laptop,Electronics,754.93,Yes,0.071,39,27358.52,18705.71,27145.18,20536.14285714286,10,6,40,2023
2023-10-09,P001,Laptop,Electronics,711.54,No,0.0,27,19211.47,27358.52,22654.02,20566.62,10,0,41,2023
2023-10-10,P001,Laptop,Electronics,751.61,Yes,0.228,52,30156.76,19211.47,17112.12,20074.827142857142,10,1,41,2023
2023-10-11,P001,Laptop,Electronics,759.6,No,0.0,24,18230.51,30156.76,17805.71,21938.347142857143,10,2,41,2023
2023-10-12,P001,Laptop,Electronics,747.13,No,0.0,25,18678.26,18230.51,19681.58,21999.032857142858,10,3,41,2023
2023-10-13,P001,Laptop,Electronics,728.21,No,0.0,27,19661.54,18678.26,20648.68,21855.701428571425,10,4,41,2023
2023-10-14,P001,Laptop,Electronics,738.66,No,0.0,32,23637.08,19661.54,18705.71,21714.681428571428,10,5,41,2023
2023-10-15,P001,Laptop,Electronics,757.99,No,0.0,29,21981.79,23637.08,27358.52,22419.16285714286,10,6,41,2023
2023-10-16,P001,Laptop,Electronics,751.35,No,0.0,23,17281.13,21981.79,19211.47,21651.058571428573,10,0,42,2023
2023-10-17,P001,Laptop,Electronics,781.9,No,0.0,26,20329.45,17281.13,30156.76,21375.295714285716,10,1,42,2023
2023-10-18,P001,Laptop,Electronics,704.0,No,0.0,30,21119.97,20329.45,18230.51,19971.394285714287,10,2,42,2023
2023-10-19,P001,Laptop,Electronics,756.3,No,0.0,30,22688.97,21119.97,18678.26,20384.174285714285,10,3,42,2023
2023-10-20,P001,Laptop,Electronics,758.97,No,0.0,31,23528.0,22688.97,19661.54,20957.132857142857,10,4,42,2023
2023-10-21,P001,Laptop,Electronics,759.45,Yes,,51,30345.55,23528.0,23637.08,21509.484285714287,10,5,42,2023
2023-10-22,P001,Laptop,Electronics,738.93,No,0.0,32,23645.88,30345.55,21981.79,22467.837142857144,10,6,42,2023
2023-10-23,P001,Laptop,Electronics,755.8,Yes,0.132,45,29505.18,23645.88,17281.13,22705.56428571429,10,0,43,2023
2023-10-24,P001,Laptop,Electronics,723.74,No,0.0,21,15198.45,29505.18,20329.45,24451.85714285714,10,1,43,2023
2023-10-25,P001,Laptop,Electronics,740.72,No,0.0,21,15555.1,15198.45,21119.97,23718.85714285714,10,2,43,2023
2023-10-26,P001,Laptop,Electronics,748.44,No,0.0,22,16465.74,15555.1,22688.97,22923.875714285714,10,3,43,2023
2023-10-27,P001,Laptop,Electronics,740.96,No,0.0,21,15560.21,16465.74,23528.0,22034.84285714286,10,4,43,2023
2023-10-28,P001,Laptop,Electronics,711.49,Yes,0.168,66,39065.04,15560.21,30345.55,20896.58714285714,10,5,43,2023
2023-10-29,P001,Laptop,Electronics,739.35,No,0.0,36,26616.45,39065.04,23645.88,22142.22857142857,10,6,43,2023
2023-10-30,P001,Laptop,Electronics,769.45,Yes,0.08,42,29736.01,26616.45,29505.18,22566.595714285715,10,0,44,2023
2023-10-31,P001,Laptop,Electronics,745.31,No,0.0,27,20123.31,29736.01,15198.45,22599.571428571428,10,1,44,2023
2023-11-01,P001,Laptop,Electronics,752.68,No,0.0,30,22580.44,20123.31,15555.1,23303.122857142855,11,2,44,2023
2023-11-02,P001,Laptop,Electronics,785.42,Yes,0.096,48,34062.33,22580.44,16465.74,24306.742857142857,11,3,44,2023
2023-11-03,P001,Laptop,Electronics,763.69,No,0.0,32,24437.99,34062.33,15560.21,26820.541428571425,11,4,44,2023
2023-11-04,P001,Laptop,Electronics,709.34,No,0.0,46,32629.43,24437.99,39065.04,28088.795714285716,11,5,44,2023
2023-11-05,P001,Laptop,Electronics,790.5,No,0.0,31,24505.62,32629.43,26616.45,27169.422857142858,11,6,44,2023
2023-11-06,P001,Laptop,Electronics,758.08,No,0.0,29,21984.31,24505.62,29736.01,26867.875714285714,11,0,45,2023
2023-11-07,P001,Laptop,Electronics,801.75,Yes,0.052,39,29643.67,21984.31,20123.31,25760.489999999998,11,1,45,2023
2023-11-08,P001,Laptop,Electronics,719.98,No,0.0,30,21599.43,29643.67,22580.44,27120.54142857143,11,2,45,2023
2023-11-09,P001,Laptop,Electronics,735.26,No,0.0,48,35292.53,21599.43,34062.33,26980.397142857142,11,3,45,2023
2023-11-10,P001,Laptop,Electronics,762.17,Yes,0.201,61,37134.7,35292.53,24437.99,27156.140000000003,11,4,45,2023
2023-11-11,P001,Laptop,Electronics,751.21,Yes,0.205,79,47181.6,37134.7,32629.43,28969.955714285716,11,5,45,2023
2023-11-12,P001,Laptop,Electronics,773.41,No,0.0,36,27842.63,47181.6,24505.62,31048.83714285714,11,6,45,2023
2023-11-13,P001,Laptop,Electronics,734.14,No,0.0,31,22758.44,27842.63,21984.31,31525.552857142855,11,0,46,2023
2023-11-14,P001,Laptop,Electronics,742.92,No,0.0,33,24516.5,22758.44,29643.67,31636.14285714286,11,1,46,2023
2023-11-15,P001,Laptop,Electronics,752.96,No,0.0,35,26353.48,24516.5,21599.43,30903.69,11,2,46,2023
2023-11-16,P001,Laptop,Electronics,727.67,No,0.0,38,27651.34,26353.48,35292.53,31582.84,11,3,46,2023
2023-11-17,P001,Laptop,Electronics,723.06,Yes,0.241,78,42829.21,27651.34,37134.7,30491.24142857143,11,4,46,2023
2023-11-18,P001,Laptop,Electronics,760.78,No,0.0,31,23584.17,42829.21,47181.6,31304.742857142854,11,5,46,2023
2023-11-19,P001,Laptop,Electronics,762.71,No,0.0,38,28982.88,23584.17,27842.63,27933.68142857143,11,6,46,2023
2023-11-20,P001,Laptop,Electronics,734.68,No,0.0,36,26448.4,28982.88,22758.44,28096.574285714283,11,0,47,2023
2023-11-21,P001,Laptop,Electronics,732.73,No,0.0,38,27843.89,26448.4,24516.5,28623.71142857143,11,1,47,2023
2023-11-22,P001,Laptop,Electronics,772.03,No,0.0,31,23932.91,27843.89,26353.48,29099.052857142855,11,2,47,2023
2023-11-23,P001,Laptop,Electronics,766.06,Yes,0.097,43,29729.06,23932.91,27651.34,28753.257142857143,11,3,47,2023
2023-11-24,P001,Laptop,Electronics,756.68,No,0.0,32,24213.76,29729.06,42829.21,29050.074285714283,11,4,47,2023
2023-11-25,P001,Laptop,Electronics,736.66,No,0.0,42,30939.81,24213.76,23584.17,26390.72428571429,11,5,47,2023
2023-11-26,P001,Laptop,Electronics,770.52,No,0.0,32,24656.58,30939.81,28982.88,27441.530000000002,11,6,47,2023
2023-11-27,P001,Laptop,Electronics,751.19,No,0.0,42,31550.11,24656.58,26448.4,26823.487142857142,11,0,48,2023
2023-11-28,P001,Laptop,Electronics,771.8,No,0.0,36,27784.76,31550.11,27843.89,27552.302857142855,11,1,48,2023
2023-11-29,P001,Laptop,Electronics,769.5,No,0.0,45,34627.29,27784.76,23932.91,27543.855714285713,11,2,48,2023
2023-11-30,P001,Laptop,Electronics,720.47,No,0.0,39,28098.21,34627.29,29729.06,29071.624285714286,11,3,48,2023
2023-12-01,P001,Laptop,Electronics,692.27,No,0.0,36,24921.88,28098.21,24213.76,28838.645714285718,12,4,48,2023
2023-12-02,P001,Laptop,Electronics,743.3,Yes,0.146,77,48887.07,24921.88,30939.81,28939.80571428571,12,5,48,2023
2023-12-03,P001,Laptop,Electronics,734.47,No,0.0,37,27175.45,48887.07,24656.58,31503.7,12,6,48,2023
2023-12-04,P001,Laptop,Electronics,758.55,No,0.0,33,25031.99,27175.45,31550.11,31863.538571428573,12,0,49,2023
2023-12-05,P001,Laptop,Electronics,755.25,No,,39,29454.69,25031.99,27784.76,30932.37857142857,12,1,49,2023
2023-12-06,P001,Laptop,Electronics,750.25,No,0.0,36,27008.96,29454.69,34627.29,31170.940000000002,12,2,49,2023
2023-12-07,P001,Laptop,Electronics,760.15,No,0.0,34,25845.22,27008.96,28098.21,30082.60714285714,12,3,49,2023
2023-12-08,P001,Laptop,Electronics,715.53,No,0.0,41,29336.59,25845.22,24921.88,29760.751428571424,12,4,49,2023
2023-12-09,P001,Laptop,Electronics,758.84,Yes,0.106,66,44753.04,29336.59,48887.07,30391.424285714285,12,5,49,2023
2023-12-10,P001,Laptop,Electronics,771.3,No,0.0,39,30080.67,44753.04,27175.45,29800.84857142857,12,6,49,2023
2023-12-11,P001,Laptop,Electronics,756.05,No,0.0,34,25705.53,30080.67,25031.99,30215.879999999997,12,0,50,2023
2023-12-12,P001,Laptop,Electronics,739.98,No,0.0,45,33299.29,25705.53,29454.69,30312.100000000002,12,1,50,2023
2023-12-13,P001,Laptop,Electronics,725.72,No,0.0,45,32657.18,33299.29,27008.96,30861.32857142857,12,2,50,2023
2023-12-14,P001,Laptop,Electronics,761.88,No,0.0,20,15237.63,32657.18,25845.22,31668.217142857146,12,3,50,2023
2023-12-15,P001,Laptop,Electronics,744.71,No,0.0,28,20851.92,15237.63,29336.59,30152.847142857143,12,4,50,2023
2023-12-16,P001,Laptop,Electronics,754.36,Yes,0.194,63,38309.86,20851.92,44753.04,28940.75142857143,12,5,50,2023
2023-12-17,P001,Laptop,Electronics,757.93,Yes,0.128,69,45622.08,38309.86,30080.67,28020.29714285714,12,6,50,2023
2023-12-18,P001,Laptop,Electronics,706.58,No,0.0,27,19077.72,45622.08,25705.53,30240.49857142857,12,0,51,2023
2023-12-19,P001,Laptop,Electronics,734.97,No,0.0,43,31603.76,19077.72,33299.29,29293.668571428574,12,1,51,2023
2023-12-20,P001,Laptop,Electronics,753.93,No,0.0,36,27141.35,31603.76,32657.18,29051.45,12,2,51,2023
2023-12-21,P001,Laptop,Electronics,763.3,No,0.0,40,30531.83,27141.35,15237.63,28263.47428571428,12,3,51,2023
2023-12-22,P001,Laptop,Electronics,771.65,No,,35,27007.79,30531.83,20851.92,30448.360000000004,12,4,51,2023
2023-12-23,P001,Laptop,Electronics,725.67,No,0.0,50,36283.44,27007.79,38309.86,31327.769999999997,12,5,51,2023
2023-12-24,P001,Laptop,Electronics,709.82,No,,53,37620.72,36283.44,45622.08,31038.281428571434,12,6,51,2023
2023-12-25,P001,Laptop,Electronics,766.09,No,0.0,44,33707.79,37620.72,19077.72,29895.23,12,0,52,2023
2023-12-26,P001,Laptop,Electronics,730.82,Yes,0.08,78,52462.96,33707.79,31603.76,31985.239999999998,12,1,52,2023
2023-12-27,P001,Laptop,Electronics,759.75,Yes,0.082,65,45324.78,52462.96,27141.35,34965.125714285714,12,2,52,2023
2023-12-28,P001,Laptop,Electronics,798.34,No,0.0,39,31135.44,45324.78,30531.83,37562.758571428574,12,3,52,2023
2023-12-29,P001,Laptop,Electronics,736.07,No,0.0,40,29442.64,31135.44,27007.79,37648.98857142857,12,4,52,2023
2023-12-30,P001,Laptop,Electronics,721.48,No,0.0,44,31745.02,29442.64,36283.44,37996.82428571429,12,5,52,2023
2023-12-31,P001,Laptop,Electronics,755.7,No,0.0,37,27961.07,31745.02,37620.72,37348.478571428575,12,6,52,2023
2024-01-01,P001,Laptop,Electronics,751.38,No,0.0,40,30055.16,27961.07,33707.79,35968.52857142857,1,0,1,2024
2024-01-02,P001,Laptop,Electronics,727.85,No,0.0,47,34209.11,30055.16,52462.96,35446.724285714285,1,1,1,2024
2024-01-03,P001,Laptop,Electronics,760.55,No,0.0,41,31182.68,34209.11,45324.78,32839.03142857143,1,2,1,2024
2024-01-04,P001,Laptop,Electronics,749.16,No,0.0,28,20976.59,31182.68,31135.44,30818.73142857143,1,3,1,2024
2024-01-05,P001,Laptop,Electronics,779.09,No,0.0,33,25710.09,20976.59,29442.64,29367.467142857146,1,4,1,2024
2024-01-06,P001,Laptop,Electronics,743.73,Yes,0.131,73,47189.52,25710.09,31745.02,28834.245714285713,1,5,1,2024
2024-01-07,P001,Laptop,Electronics,753.64,Yes,0.097,50,34009.88,47189.52,27961.07,31040.602857142858,1,6,1,2024
2024-01-08,P001,Laptop,Electronics,803.63,No,0.0,31,24912.43,34009.88,30055.16,31904.71857142857,1,0,2,2024
2024-01-09,P001,Laptop,Electronics,818.08,No,0.0,24,19633.95,24912.43,34209.11,31170.042857142857,1,1,2,2024
2024-01-10,P001,Laptop,Electronics,734.97,No,0.0,33,24254.13,19633.95,31182.68,29087.877142857145,1,2,2,2024
2024-01-11,P001,Laptop,Electronics,787.48,No,0.0,23,18112.14,24254.13,20976.59,28098.084285714285,1,3,2,2024
2024-01-12,P001,Laptop,Electronics,788.77,No,0.0,28,22085.53,18112.14,25710.09,27688.87714285714,1,4,2,2024
2024-01-13,P001,Laptop,Electronics,748.16,No,0.0,31,23192.81,22085.53,47189.52,27171.082857142854,1,5,2,2024
2024-01-14,P001,Laptop,Electronics,738.21,No,,39,28790.36,23192.81,34009.88,23742.981428571427,1,6,2,2024
2024-01-15,P001,Laptop,Electronics,769.19,No,0.0,24,18460.55,28790.36,24912.43,22997.335714285717,1,0,3,2024
2024-01-16,P001,Laptop,Electronics,695.71,No,0.0,38,26436.84,18460.55,19633.95,22075.63857142857,1,1,3,2024
2024-01-17,P001,Laptop,Electronics,745.47,No,0.0,36,26837.08,26436.84,24254.13,23047.48,1,2,3,2024
2024-01-18,P001,Laptop,Electronics,723.5,No,0.0,37,26769.66,26837.08,18112.14,23416.472857142857,1,3,3,2024
2024-01-19,P001,Laptop,Electronics,733.7,No,0.0,35,25679.45,26769.66,22085.53,24653.26142857143,1,4,3,2024
2024-01-20,P001,Laptop,Electronics,766.16,No,0.0,41,31412.64,25679.45,23192.81,25166.678571428572,1,5,3,2024
2024-01-21,P001,Laptop,Electronics,739.21,No,0.0,48,35482.0,31412.64,28790.36,26340.940000000002,1,6,3,2024
2024-01-22,P001,Laptop,Electronics,747.22,No,0.0,34,25405.53,35482.0,18460.55,27296.88857142857,1,0,4,2024
2024-01-23,P001,Laptop,Electronics,745.91,No,0.0,29,21631.4,25405.53,26436.84,28289.028571428575,1,1,4,2024
2024-01-24,P001,Laptop,Electronics,746.14,No,0.0,31,23130.19,21631.4,26837.08,27602.537142857145,1,2,4,2024
2024-01-25,P001,Laptop,Electronics,776.05,Yes,0.205,56,34532.07,23130.19,26769.66,27072.981428571427,1,3,4,2024
2024-01-26,P001,Laptop,Electronics,744.66,Yes,0.228,61,35048.16,34532.07,25679.45,28181.897142857142,1,4,4,2024
2024-01-27,P001,Laptop,Electronics,760.63,No,0.0,46,34988.85,35048.16,31412.64,29520.28428571429,1,5,4,2024
2024-01-28,P001,Laptop,Electronics,692.45,No,0.0,39,27005.62,34988.85,35482.0,30031.17142857143,1,6,4,2024
2024-01-29,P001,Laptop,Electronics,693.32,No,0.0,32,22186.15,27005.62,25405.53,28820.260000000002,1,0,5,2024
2024-01-30,P001,Laptop,Electronics,741.33,No,0.0,27,20015.79,22186.15,21631.4,28360.34857142857,1,1,5,2024
2024-01-31,P001,Laptop,Electronics,711.11,No,0.0,43,30577.7,20015.79,23130.19,28129.547142857144,1,2,5,2024
2024-02-01,P001,Laptop,Electronics,770.16,No,0.0,21,16173.29,30577.7,34532.07,29193.477142857148,2,3,5,2024
2024-02-02,P001,Laptop,Electronics,744.0,No,0.0,38,28271.86,16173.29,35048.16,26570.794285714284,2,4,5,2024
2024-02-03,P001,Laptop,Electronics,757.46,No,0.0,36,27268.51,28271.86,34988.85,25602.75142857143,2,5,5,2024
2024-02-04,P001,Laptop,Electronics,799.64,No,0.0,36,28786.97,27268.51,27005.62,24499.84571428571,2,6,5,2024
2024-02-05,P001,Laptop,Electronics,733.51,No,0.0,47,34475.16,28786.97,22186.15,24754.324285714283,2,0,6,2024
2024-02-06,P001,Laptop,Electronics,757.1,No,0.0,36,27255.56,34475.16,20015.79,26509.897142857146,2,1,6,2024
2024-02-07,P001,Laptop,Electronics,745.38,No,0.0,41,30560.68,27255.56,30577.7,27544.15,2,2,6,2024
2024-02-08,P001,Laptop,Electronics,776.5,No,0.0,35,27177.56,30560.68,16173.29,27541.718571428577,2,3,6,2024
2024-02-09,P001,Laptop,Electronics,749.51,Yes,0.087,51,34884.9,27177.56,28271.86,29113.757142857146,2,4,6,2024
2024-02-10,P001,Laptop,Electronics,821.4,No,0.0,32,26284.87,34884.9,27268.51,30058.477142857144,2,5,6,2024
2024-02-11,P001,Laptop,Electronics,782.83,No,0.0,36,28181.71,26284.87,28786.97,29917.957142857143,2,6,6,2024
2024-02-12,P001,Laptop,Electronics,746.48,Yes,0.104,49,32760.71,28181.71,34475.16,29831.491428571433,2,0,7,2024
2024-02-13,P001,Laptop,Electronics,764.72,Yes,0.197,40,24553.24,32760.71,27255.56,29586.570000000003,2,1,7,2024
2024-02-14,P001,Laptop,Electronics,708.18,No,0.0,24,16996.32,24553.24,30560.68,29200.524285714284,2,2,7,2024
2024-02-15,P001,Laptop,Electronics,729.99,Yes,0.129,51,32412.05,16996.32,27177.56,27262.75857142857,2,3,7,2024
2024-02-16,P001,Laptop,Electronics,730.16,No,0.0,45,32857.4,32412.05,34884.9,28010.542857142857,2,4,7,2024
2024-02-17,P001,Laptop,Electronics,739.36,No,0.0,45,33271.01,32857.4,26284.87,27720.899999999998,2,5,7,2024
2024-02-18,P001,Laptop,Electronics,748.04,No,0.0,45,33661.8,33271.01,28181.71,28718.920000000002,2,6,7,2024
2024-02-19,P001,Laptop,Electronics,738.54,No,0.0,33,24371.7,33661.8,32760.71,29501.79,2,0,8,2024
2024-02-20,P001,Laptop,Electronics,727.94,No,0.0,35,25477.89,24371.7,24553.24,28303.359999999997,2,1,8,2024
2024-02-21,P001,Laptop,Electronics,786.33,No,0.0,26,20444.52,25477.89,16996.32,28435.45285714286,2,2,8,2024
2024-02-22,P001,Laptop,Electronics,796.17,No,,26,20700.53,20444.52,32412.05,28928.052857142855,2,3,8,2024
2024-02-23,P001,Laptop,Electronics,741.73,No,0.0,33,24477.07,20700.53,32857.4,27254.97857142857,2,4,8,2024
2024-02-24,P001,Laptop,Electronics,754.68,No,0.0,34,25659.21,24477.07,33271.01,26057.788571428573,2,5,8,2024
2024-02-25,P001,Laptop,Electronics,762.48,No,0.0,31,23636.96,25659.21,33661.8,24970.38857142857,2,6,8,2024
2024-02-26,P001,Laptop,Electronics,707.58,Yes,0.242,87,46671.25,23636.96,24371.7,23538.268571428573,2,0,9,2024
2024-02-27,P001,Laptop,Electronics,724.2,No,0.0,47,34037.25,46671.25,25477.89,26723.91857142857,2,1,9,2024
2024-02-28,P001,Laptop,Electronics,750.67,Yes,0.091,57,38891.03,34037.25,20444.52,27946.684285714284,2,2,9,2024
2024-02-29,P001,Laptop,Electronics,757.91,No,0.0,35,26526.92,38891.03,20700.53,30581.899999999998,2,3,9,2024
2024-03-01,P001,Laptop,Electronics,738.22,No,0.0,45,33220.04,26526.92,24477.07,31414.24142857143,3,4,9,2024
2024-03-02,P001,Laptop,Electronics,722.18,No,0.0,45,32497.93,33220.04,25659.21,32663.237142857142,3,5,9,2024
2024-03-03,P001,Laptop,Electronics,780.29,No,0.0,32,24969.26,32497.93,23636.96,33640.19714285714,3,6,9,2024
2024-03-04,P001,Laptop,Electronics,729.47,No,0.0,37,26990.57,24969.26,46671.25,33830.525714285715,3,0,10,2024
2024-03-05,P001,Laptop,Electronics,743.46,No,0.0,36,26764.57,26990.57,34037.25,31018.999999999996,3,1,10,2024
2024-03-06,P001,Laptop,Electronics,795.25,Yes,0.057,37,27756.36,26764.57,38891.03,29980.045714285716,3,2,10,2024
2024-03-07,P001,Laptop,Electronics,775.44,Yes,0.151,68,44754.71,27756.36,26526.92,28389.37857142857,3,3,10,2024
2024-03-08,P001,Laptop,Electronics,733.75,No,0.0,42,30817.58,44754.71,33220.04,30993.34857142857,3,4,10,2024
2024-03-09,P001,Laptop,Electronics,733.81,Yes,0.235,100,56114.02,30817.58,32497.93,30650.139999999996,3,5,10,2024
2024-03-10,P001,Laptop,Electronics,785.23,Yes,0.185,70,44811.02,56114.02,24969.26,34023.86714285715,3,6,10,2024
2024-03-11,P001,Laptop,Electronics,716.07,No,0.0,36,25778.59,44811.02,26990.57,36858.404285714285,3,0,11,2024
2024-03-12,P001,Laptop,Electronics,768.04,No,0.0,44,33793.9,25778.59,26764.57,36685.264285714286,3,1,11,2024
2024-03-13,P001,Laptop,Electronics,727.36,No,0.0,42,30548.99,33793.9,27756.36,37689.45428571429,3,2,11,2024
2024-03-14,P001,Laptop,Electronics,757.2,Yes,0.079,54,37642.91,30548.99,44754.71,38088.40142857143,3,3,11,2024
2024-03-15,P001,Laptop,Electronics,677.0,No,0.0,46,31142.23,37642.91,30817.58,37072.43,3,4,11,2024
2024-03-16,P001,Laptop,Electronics,713.07,No,0.0,47,33514.26,31142.23,56114.02,37118.80857142857,3,5,11,2024
2024-03-17,P001,Laptop,Electronics,758.63,Yes,0.106,65,44098.24,33514.26,44811.02,33890.27142857143,3,6,11,2024
2024-03-18,P001,Laptop,Electronics,777.9,Yes,0.116,46,31627.33,44098.24,25778.59,33788.44571428572,3,0,12,2024
2024-03-19,P001,Laptop,Electronics,730.38,No,0.0,38,27754.63,31627.33,33793.9,34623.98,3,1,12,2024
2024-03-20,P001,Laptop,Electronics,745.26,Yes,0.066,51,35486.13,27754.63,30548.99,33761.22714285715,3,2,12,2024
2024-03-21,P001,Laptop,Electronics,762.66,No,0.0,29,22117.23,35486.13,37642.91,34466.53285714286,3,3,12,2024
2024-03-22,P001,Laptop,Electronics,763.16,No,0.0,29,22131.53,22117.23,31142.23,32248.578571428574,3,4,12,2024
2024-03-23,P001,Laptop,Electronics,772.12,No,0.0,37,28568.3,22131.53,33514.26,30961.335714285717,3,5,12,2024
2024-03-24,P001,Laptop,Electronics,737.19,No,0.0,45,33173.53,28568.3,44098.24,30254.77,3,6,12,2024
2024-03-25,P001,Laptop,Electronics,771.92,No,0.0,34,26245.24,33173.53,31627.33,28694.097142857143,3,0,13,2024
2024-03-26,P001,Laptop,Electronics,734.2,Yes,0.24,81,45177.51,26245.24,27754.63,27925.227142857144,3,1,13,2024
2024-03-27,P001,Laptop,Electronics,744.99,No,0.0,25,18624.86,45177.51,35486.13,30414.21,3,2,13,2024
2024-03-28,P001,Laptop,Electronics,734.19,No,0.0,42,30835.86,18624.86,22117.23,28005.457142857143,3,3,13,2024
2024-03-29,P001,Laptop,Electronics,788.47,No,0.0,34,26808.07,30835.86,22131.53,29250.975714285712,3,4,13,2024
2024-03-30,P001,Laptop,Electronics,717.32,No,0.0,56,40169.98,26808.07,28568.3,29919.052857142855,3,5,13,2024
2024-03-31,P001,Laptop,Electronics,722.11,No,0.0,48,34661.48,40169.98,33173.53,31576.43571428571,3,6,13,2024
2024-04-01,P001,Laptop,Electronics,790.67,No,0.0,34,26882.69,34661.48,26245.24,31789.0,4,0,14,2024
2024-04-02,P001,Laptop,Electronics,761.81,No,0.0,42,31996.06,26882.69,45177.51,31880.06428571429,4,1,14,2024
2024-04-03,P001,Laptop,Electronics,747.43,Yes,0.137,63,40641.99,31996.06,18624.86,29997.0,4,2,14,2024
2024-04-04,P001,Laptop,Electronics,760.71,No,0.0,41,31189.26,40641.99,30835.86,33142.30428571429,4,3,14,2024
2024-04-05,P001,Laptop,Electronics,765.61,No,0.0,41,31389.9,31189.26,26808.07,33192.79,4,4,14,2024
2024-04-06,P001,Laptop,Electronics,726.45,No,0.0,37,26878.69,31389.9,40169.98,33847.33714285714,4,5,14,2024
2024-04-07,P001,Laptop,Electronics,773.75,No,0.0,49,37913.73,26878.69,34661.48,31948.58142857143,4,6,14,2024
2024-04-08,P001,Laptop,Electronics,733.99,No,0.0,41,30093.79,37913.73,26882.69,32413.18857142857,4,0,15,2024
2024-04-09,P001,Laptop,Electronics,720.74,No,0.0,38,27388.02,30093.79,31996.06,32871.91714285714,4,1,15,2024
2024-04-10,P001,Laptop,Electronics,752.31,No,0.0,31,23321.67,27388.02,40641.99,32213.625714285714,4,2,15,2024
2024-04-11,P001,Laptop,Electronics,767.72,No,0.0,38,29173.46,23321.67,31189.26,29739.294285714288,4,3,15,2024
2024-04-12,P001,Laptop,Electronics,759.13,No,0.0,36,27328.5,29173.46,31389.9,29451.32285714286,4,4,15,2024
2024-04-13,P001,Laptop,Electronics,748.81,No,0.0,34,25459.51,27328.5,26878.69,28871.12285714286,4,5,15,2024
2024-04-14,P001,Laptop,Electronics,758.41,No,0.0,49,37162.02,25459.51,37913.73,28668.382857142857,4,6,15,2024
2024-04-15,P001,Laptop,Electronics,737.9,No,0.0,37,27302.19,37162.02,30093.79,28560.995714285713,4,0,16,2024
2024-04-16,P001,Laptop,Electronics,803.32,No,0.0,19,15263.0,27302.19,27388.02,28162.195714285714,4,1,16,2024
2024-04-17,P001,Laptop,Electronics,779.38,No,0.0,38,29616.5,15263.0,23321.67,26430.05,4,2,16,2024
2024-04-18,P001,Laptop,Electronics,767.8,No,0.0,24,18427.31,29616.5,29173.46,27329.31142857143,4,3,16,2024
2024-04-19,P001,Laptop,Electronics,714.32,No,0.0,38,27144.22,18427.31,27328.5,25794.147142857142,4,4,16,2024
2024-04-20,P001,Laptop,Electronics,780.13,No,0.0,34,26524.34,27144.22,25459.51,25767.821428571428,4,5,16,2024
2024-04-21,P001,Laptop,Electronics,742.92,No,0.0,40,29716.94,26524.34,37162.02,25919.94,4,6,16,2024
2024-04-22,P001,Laptop,Electronics,775.03,No,0.0,43,33326.25,29716.94,27302.19,24856.35714285714,4,0,17,2024
2024-04-23,P001,Laptop,Electronics,736.93,No,0.0,41,30214.21,33326.25,15263.0,25716.937142857143,4,1,17,2024
2024-04-24,P001,Laptop,Electronics,771.65,No,0.0,34,26236.19,30214.21,29616.5,27852.824285714283,4,2,17,2024
2024-04-25,P001,Laptop,Electronics,728.94,No,0.0,43,31344.57,26236.19,18427.31,27369.922857142858,4,3,17,2024
2024-04-26,P001,Laptop,Electronics,742.68,No,0.0,28,20795.11,31344.57,27144.22,29215.245714285713,4,4,17,2024
2024-04-27,P001,Laptop,Electronics,722.84,No,0.0,43,31082.27,20795.11,26524.34,28308.23,4,5,17,2024
2024-04-28,P001,Laptop,Electronics,740.83,No,0.0,44,32596.31,31082.27,29716.94,28959.362857142853,4,6,17,2024
2024-04-29,P001,Laptop,Electronics,770.18,No,0.0,31,23875.61,32596.31,33326.25,29370.70142857143,4,0,18,2024
2024-04-30,P001,Laptop,Electronics,761.59,No,0.0,36,27417.32,23875.61,30214.21,28020.609999999997,4,1,18,2024
2024-05-01,P001,Laptop,Electronics,788.27,No,0.0,34,26801.11,27417.32,26236.19,27621.054285714286,5,2,18,2024
2024-05-02,P001,Laptop,Electronics,779.79,No,0.0,33,25733.11,26801.11,31344.57,27701.757142857143,5,3,18,2024
2024-05-03,P001,Laptop,Electronics,722.52,No,0.0,34,24565.52,25733.11,20795.11,26900.12,5,4,18,2024
2024-05-04,P001,Laptop,Electronics,733.58,No,0.0,54,39613.57,24565.52,31082.27,27438.75,5,5,18,2024
2024-05-05,P001,Laptop,Electronics,745.98,Yes,0.105,60,40060.47,39613.57,32596.31,28657.507142857143,5,6,18,2024
2024-05-06,P001,Laptop,Electronics,781.98,No,0.0,23,17985.58,40060.47,23875.61,29723.815714285713,5,0,19,2024
2024-05-07,P001,Laptop,Electronics,733.33,No,0.0,45,32999.69,17985.58,27417.32,28882.382857142857,5,1,19,2024
2024-05-08,P001,Laptop,Electronics,730.52,No,0.0,31,22646.02,32999.69,26801.11,29679.864285714284,5,2,19,2024
2024-05-09,P001,Laptop,Electronics,745.23,No,0.0,28,20866.51,22646.02,25733.11,29086.280000000002,5,3,19,2024
2024-05-10,P001,Laptop,Electronics,730.12,No,0.0,34,24824.2,20866.51,24565.52,28391.051428571427,5,4,19,2024
2024-05-11,P001,Laptop,Electronics,752.52,No,0.0,35,26338.28,24824.2,39613.57,28428.005714285715,5,5,19,2024
2024-05-12,P001,Laptop,Electronics,714.54,No,0.0,51,36441.43,26338.28,40060.47,26531.535714285714,5,6,19,2024
2024-05-13,P001,Laptop,Electronics,754.51,Yes,0.231,64,37144.81,36441.43,17985.58,26014.530000000002,5,0,20,2024
2024-05-14,P001,Laptop,Electronics,763.0,No,0.0,25,19074.99,37144.81,32999.69,28751.562857142857,5,1,20,2024
2024-05-15,P001,Laptop,Electronics,734.9,No,0.0,36,26456.32,19074.99,22646.02,26762.32,5,2,20,2024
2024-05-16,P001,Laptop,Electronics,732.79,No,0.0,40,29311.46,26456.32,20866.51,27306.648571428574,5,3,20,2024
2024-05-17,P001,Laptop,Electronics,754.62,No,0.0,30,22638.62,29311.46,24824.2,28513.070000000003,5,4,20,2024
2024-05-18,P001,Laptop,Electronics,771.85,No,0.0,39,30102.1,22638.62,26338.28,28200.844285714287,5,5,20,2024
2024-05-19,P001,Laptop,Electronics,739.03,No,0.0,32,23649.1,30102.1,36441.43,28738.532857142858,5,6,20,2024
2024-05-20,P001,Laptop,Electronics,711.11,Yes,0.071,63,41627.46,23649.1,37144.81,26911.05714285714,5,0,21,2024
2024-05-21,P001,Laptop,Electronics,768.08,No,0.0,34,26114.76,41627.46,19074.99,27551.43571428571,5,1,21,2024
2024-05-22,P001,Laptop,Electronics,770.62,No,0.0,21,16183.04,26114.76,26456.32,28557.11714285714,5,2,21,2024
2024-05-23,P001,Laptop,Electronics,708.32,No,0.0,52,36832.78,16183.04,29311.46,27089.50571428571,5,3,21,2024
2024-05-24,P001,Laptop,Electronics,708.15,No,0.0,42,29742.43,36832.78,22638.62,28163.98,5,4,21,2024
2024-05-25,P001,Laptop,Electronics,764.76,No,0.0,28,21413.39,29742.43,30102.1,29178.809999999998,5,5,21,2024
2024-05-26,P001,Laptop,Electronics,745.08,No,0.0,40,29803.18,21413.39,23649.1,27937.565714285713,5,6,21,2024
2024-05-27,P001,Laptop,Electronics,742.93,Yes,0.232,79,45083.47,29803.18,41627.46,28816.719999999998,5,0,22,2024
2024-05-28,P001,Laptop,Electronics,737.33,Yes,0.08,57,38657.8,45083.47,26114.76,29310.43571428571,5,1,22,2024
2024-05-29,P001,Laptop,Electronics,770.07,No,0.0,39,30032.73,38657.8,16183.04,31102.298571428575,5,2,22,2024
2024-05-30,P001,Laptop,Electronics,769.2,No,0.0,36,27691.18,30032.73,36832.78,33080.82571428571,5,3,22,2024
2024-05-31,P001,Laptop,Electronics,742.73,No,0.0,34,25252.98,27691.18,29742.43,31774.882857142857,5,4,22,2024
2024-06-01,P001,Laptop,Electronics,755.87,No,0.0,47,35525.77,25252.98,21413.39,31133.532857142858,6,5,22,2024
2024-06-02,P001,Laptop,Electronics,738.14,No,0.0,48,35430.56,35525.77,29803.18,33149.58714285714,6,6,22,2024
2024-06-03,P001,Laptop,Electronics,732.03,No,0.0,44,32209.38,35430.56,45083.47,33953.49857142857,6,0,23,2024
2024-06-04,P001,Laptop,Electronics,750.81,No,0.0,52,39042.19,32209.38,38657.8,32114.342857142856,6,1,23,2024
2024-06-05,P001,Laptop,Electronics,734.72,No,0.0,47,34532.02,39042.19,30032.73,32169.25571428571,6,2,23,2024
2024-06-06,P001,Laptop,Electronics,786.18,No,0.0,25,19654.4,34532.02,27691.18,32812.01142857143,6,3,23,2024
2024-06-07,P001,Laptop,Electronics,764.44,No,0.0,30,22933.28,19654.4,25252.98,31663.899999999998,6,4,23,2024
2024-06-08,P001,Laptop,Electronics,743.65,No,0.0,56,41644.46,22933.28,35525.77,31332.514285714282,6,5,23,2024
2024-06-09,P001,Laptop,Electronics,771.03,No,0.0,35,26986.14,41644.46,35430.56,32206.61285714286,6,6,23,2024
2024-06-10,P001,Laptop,Electronics,711.08,No,0.0,37,26309.93,26986.14,32209.38,31000.26714285714,6,0,24,2024
2024-06-11,P001,Laptop,Electronics,746.42,No,0.0,38,28363.93,26309.93,39042.19,30157.48857142857,6,1,24,2024
2024-06-12,P001,Laptop,Electronics,762.39,Yes,0.183,61,37994.78,28363.93,34532.02,28632.022857142856,6,2,24,2024
2024-06-13,P001,Laptop,Electronics,767.54,No,0.0,39,29934.24,37994.78,19654.4,29126.70285714286,6,3,24,2024
2024-06-14,P001,Laptop,Electronics,776.73,Yes,0.106,53,36805.57,29934.24,22933.28,30595.25142857143,6,4,24,2024
2024-06-15,P001,Laptop,Electronics,744.62,No,0.0,45,33507.91,36805.57,41644.46,32577.007142857143,6,5,24,2024
2024-06-16,P001,Laptop,Electronics,811.8,Yes,0.177,71,47458.11,33507.91,26986.14,31414.64285714286,6,6,24,2024
2024-06-17,P001,Laptop,Electronics,764.32,Yes,0.231,86,50568.9,47458.11,26309.93,34339.21000000001,6,0,25,2024
2024-06-18,P001,Laptop,Electronics,738.35,No,0.0,52,38394.26,50568.9,28363.93,37804.77714285714,6,1,25,2024
2024-06-19,P001,Laptop,Electronics,785.44,No,0.0,41,32203.17,38394.26,37994.78,39237.68142857143,6,2,25,2024
2024-06-20,P001,Laptop,Electronics,753.86,No,0.0,36,27138.79,32203.17,29934.24,38410.30857142858,6,3,25,2024
2024-06-21,P001,Laptop,Electronics,733.86,No,0.0,41,30088.17,27138.79,36805.57,38010.95857142857,6,4,25,2024
2024-06-22,P001,Laptop,Electronics,708.85,No,0.0,46,32607.32,30088.17,33507.91,37051.33,6,5,25,2024
2024-06-23,P001,Laptop,Electronics,741.02,No,0.0,48,35568.74,32607.32,47458.11,36922.67428571429,6,6,25,2024
2024-06-24,P001,Laptop,Electronics,714.8,No,0.0,44,31451.07,35568.74,50568.9,35224.19285714285,6,0,26,2024
2024-06-25,P001,Laptop,Electronics,740.24,No,0.0,26,19246.3,31451.07,38394.26,32493.074285714283,6,1,26,2024
2024-06-26,P001,Laptop,Electronics,731.63,No,0.0,44,32191.7,19246.3,32203.17,29757.65142857143,6,2,26,2024
2024-06-27,P001,Laptop,Electronics,819.99,No,0.0,34,27879.68,32191.7,27138.79,29756.012857142858,6,3,26,2024
2024-06-28,P001,Laptop,Electronics,738.57,No,0.0,42,31019.91,27879.68,30088.17,29861.854285714282,6,4,26,2024
2024-06-29,P001,Laptop,Electronics,749.56,No,0.0,37,27733.68,31019.91,32607.32,29994.96,6,5,26,2024
2024-06-30,P001,Laptop,Electronics,715.0,No,0.0,43,30744.99,27733.68,35568.74,29298.725714285712,6,6,26,2024
2024-07-01,P001,Laptop,Electronics,740.85,Yes,0.216,68,39501.26,30744.99,31451.07,28609.618571428575,7,0,27,2024
2024-07-02,P001,Laptop,Electronics,773.75,Yes,0.074,60,42969.94,39501.26,19246.3,29759.645714285718,7,1,27,2024
2024-07-03,P001,Laptop,Electronics,779.87,No,0.0,30,23396.01,42969.94,32191.7,33148.73714285715,7,2,27,2024
2024-07-04,P001,Laptop,Electronics,731.16,No,0.0,30,21934.69,23396.01,27879.68,31892.21,7,3,27,2024
2024-07-05,P001,Laptop,Electronics,764.62,No,0.0,36,27526.22,21934.69,31019.91,31042.925714285717,7,4,27,2024
2024-07-06,P001,Laptop,Electronics,734.22,No,0.0,25,18355.59,27526.22,27733.68,30543.827142857142,7,5,27,2024
2024-07-07,P001,Laptop,Electronics,727.92,No,0.0,49,35668.16,18355.59,30744.99,29204.100000000002,7,6,27,2024
2024-07-08,P001,Laptop,Electronics,721.18,No,0.0,27,19471.78,35668.16,39501.26,29907.41,7,0,28,2024
2024-07-09,P001,Laptop,Electronics,750.01,Yes,0.145,55,35264.91,19471.78,42969.94,27046.05571428571,7,1,28,2024
2024-07-10,P001,Laptop,Electronics,774.9,No,0.0,30,23247.12,35264.91,23396.01,25945.337142857144,7,2,28,2024
2024-07-11,P001,Laptop,Electronics,815.71,No,0.0,30,24471.18,23247.12,21934.69,25924.067142857144,7,3,28,2024
2024-07-12,P001,Laptop,Electronics,740.12,No,0.0,37,27384.38,24471.18,27526.22,26286.422857142858,7,4,28,2024
2024-07-13,P001,Laptop,Electronics,752.88,No,0.0,27,20327.77,27384.38,18355.59,26266.16,7,5,28,2024
2024-07-14,P001,Laptop,Electronics,775.67,No,0.0,43,33353.77,20327.77,35668.16,26547.9,7,6,28,2024
2024-07-15,P001,Laptop,Electronics,725.0,No,0.0,28,20300.02,33353.77,19471.78,26217.272857142856,7,0,29,2024
2024-07-16,P001,Laptop,Electronics,730.4,No,0.0,43,31407.26,20300.02,35264.91,26335.592857142856,7,1,29,2024
2024-07-17,P001,Laptop,Electronics,742.67,No,0.0,48,35648.22,31407.26,23247.12,25784.5,7,2,29,2024
2024-07-18,P001,Laptop,Electronics,756.02,No,0.0,42,31752.78,35648.22,24471.18,27556.085714285717,7,3,29,2024
2024-07-19,P001,Laptop,Electronics,739.43,No,0.0,36,26619.48,31752.78,27384.38,28596.31428571429,7,4,29,2024
2024-07-20,P001,Laptop,Electronics,723.58,Yes,0.138,82,51169.54,26619.48,20327.77,28487.04285714286,7,5,29,2024
2024-07-21,P001,Laptop,Electronics,730.75,No,0.0,46,33614.31,51169.54,33353.77,32893.01,7,6,29,2024
2024-07-22,P001,Laptop,Electronics,766.93,Yes,0.051,39,28399.15,33614.31,20300.02,32930.229999999996,7,0,30,2024
2024-07-23,P001,Laptop,Electronics,747.3,No,0.0,32,23913.76,28399.15,31407.26,34087.24857142857,7,1,30,2024
2024-07-24,P001,Laptop,Electronics,741.08,No,0.0,38,28161.17,23913.76,35648.22,33016.74857142857,7,2,30,2024
2024-07-25,P001,Laptop,Electronics,792.24,No,0.0,48,38027.63,28161.17,31752.78,31947.170000000002,7,3,30,2024
2024-07-26,P001,Laptop,Electronics,714.79,No,0.0,38,27162.13,38027.63,26619.48,32843.57714285714,7,4,30,2024
2024-07-27,P001,Laptop,Electronics,707.03,Yes,0.182,101,58432.04,27162.13,51169.54,32921.09857142857,7,5,30,2024
2024-07-28,P001,Laptop,Electronics,783.44,No,0.0,40,31337.42,58432.04,33614.31,33958.59857142857,7,6,30,2024
2024-07-29,P001,Laptop,Electronics,691.18,Yes,0.128,59,35572.55,31337.42,28399.15,33633.32857142857,7,0,31,2024
2024-07-30,P001,Laptop,Electronics,725.64,Yes,0.247,85,46467.89,35572.55,23913.76,34658.1,7,1,31,2024
2024-07-31,P001,Laptop,Electronics,710.59,No,0.0,47,33397.81,46467.89,28161.17,37880.118571428575,7,2,31,2024
2024-08-01,P001,Laptop,Electronics,795.28,No,0.0,31,24653.59,33397.81,38027.63,38628.21,8,3,31,2024
2024-08-02,P001,Laptop,Electronics,761.43,No,0.0,27,20558.5,24653.59,27162.13,36717.63285714285,8,4,31,2024
2024-08-03,P001,Laptop,Electronics,756.24,Yes,0.151,52,33389.83,20558.5,58432.04,35774.25714285715,8,5,31,2024
2024-08-04,P001,Laptop,Electronics,737.4,No,0.0,37,27283.85,33389.83,31337.42,32196.79857142857,8,6,31,2024
2024-08-05,P001,Laptop,Electronics,726.27,No,0.0,36,26145.76,27283.85,35572.55,31617.717142857142,8,0,32,2024
2024-08-06,P001,Laptop,Electronics,739.46,No,0.0,30,22183.9,26145.76,46467.89,30271.032857142854,8,1,32,2024
2024-08-07,P001,Laptop,Electronics,744.2,No,0.0,35,26047.15,22183.9,33397.81,26801.891428571427,8,2,32,2024
2024-08-08,P001,Laptop,Electronics,779.02,No,0.0,24,18696.59,26047.15,24653.59,25751.79714285714,8,3,32,2024
2024-08-09,P001,Laptop,Electronics,817.54,No,0.0,35,28613.94,18696.59,20558.5,24900.79714285714,8,4,32,2024
2024-08-10,P001,Laptop,Electronics,710.28,No,0.0,49,34803.59,28613.94,33389.83,26051.574285714283,8,5,32,2024
2024-08-11,P001,Laptop,Electronics,735.92,Yes,0.055,58,40347.01,34803.59,27283.85,26253.54,8,6,32,2024
2024-08-12,P001,Laptop,Electronics,723.13,No,0.0,32,23140.12,40347.01,26145.76,28119.705714285716,8,0,33,2024
2024-08-13,P001,Laptop,Electronics,750.76,Yes,0.117,58,38440.39,23140.12,22183.9,27690.328571428574,8,1,33,2024
2024-08-14,P001,Laptop,Electronics,758.39,No,0.0,38,28818.88,38440.39,26047.15,30012.684285714284,8,2,33,2024
2024-08-15,P001,Laptop,Electronics,759.96,Yes,0.142,51,33262.85,28818.88,18696.59,30408.645714285714,8,3,33,2024
2024-08-16,P001,Laptop,Electronics,727.25,Yes,0.123,52,33178.15,33262.85,28613.94,32489.54,8,4,33,2024
2024-08-17,P001,Laptop,Electronics,758.97,No,0.0,44,33394.8,33178.15,34803.59,33141.57,8,5,33,2024
2024-08-18,P001,Laptop,Electronics,769.01,No,0.0,46,35374.57,33394.8,40347.01,32940.31428571429,8,6,33,2024
2024-08-19,P001,Laptop,Electronics,765.15,No,0.0,37,28310.67,35374.57,23140.12,32229.965714285714,8,0,34,2024
2024-08-20,P001,Laptop,Electronics,708.27,No,0.0,33,23372.81,28310.67,38440.39,32968.61571428571,8,1,34,2024
2024-08-21,P001,Laptop,Electronics,752.16,No,0.0,36,27077.6,23372.81,28818.88,30816.104285714282,8,2,34,2024
2024-08-22,P001,Laptop,Electronics,781.57,No,0.0,29,22665.56,27077.6,33262.85,30567.350000000002,8,3,34,2024
2024-08-23,P001,Laptop,Electronics,746.83,No,0.0,31,23151.83,22665.56,33178.15,29053.45142857143,8,4,34,2024
2024-08-24,P001,Laptop,Electronics,774.3,Yes,0.05,46,33829.3,23151.83,33394.8,27621.120000000003,8,5,34,2024
2024-08-25,P001,Laptop,Electronics,751.42,No,0.0,33,24796.98,33829.3,35374.57,27683.191428571427,8,6,34,2024
2024-08-26,P001,Laptop,Electronics,765.75,No,0.0,28,21440.93,24796.98,28310.67,26172.10714285715,8,0,35,2024
2024-08-27,P001,Laptop,Electronics,752.73,Yes,0.193,76,46139.84,21440.93,23372.81,25190.715714285714,8,1,35,2024
2024-08-28,P001,Laptop,Electronics,759.48,No,0.0,27,20505.92,46139.84,27077.6,28443.148571428574,8,2,35,2024
2024-08-29,P001,Laptop,Electronics,827.71,No,0.0,36,29797.38,20505.92,22665.56,27504.33714285714,8,3,35,2024
2024-08-30,P001,Laptop,Electronics,723.74,No,0.0,31,22435.8,29797.38,23151.83,28523.16857142857,8,4,35,2024
2024-08-31,P001,Laptop,Electronics,718.88,Yes,0.168,64,38299.04,22435.8,33829.3,28420.87857142857,8,5,35,2024
2024-09-01,P001,Laptop,Electronics,794.09,No,0.0,33,26205.1,38299.04,24796.98,29059.41285714286,9,6,35,2024
2024-09-02,P001,Laptop,Electronics,768.17,No,0.0,28,21508.84,26205.1,21440.93,29260.572857142855,9,0,36,2024
2024-09-03,P001,Laptop,Electronics,770.74,No,0.0,29,22351.49,21508.84,46139.84,29270.274285714284,9,1,36,2024
2024-09-04,P001,Laptop,Electronics,788.23,No,0.0,32,25223.48,22351.49,20505.92,25871.93857142857,9,2,36,2024
2024-09-05,P001,Laptop,Electronics,780.44,No,0.0,34,26534.93,25223.48,29797.38,26545.875714285714,9,3,36,2024
2024-09-06,P001,Laptop,Electronics,739.38,No,0.0,37,27357.15,26534.93,22435.8,26079.811428571433,9,4,36,2024
2024-09-07,P001,Laptop,Electronics,756.04,Yes,0.206,66,39630.43,27357.15,38299.04,26782.86142857143,9,5,36,2024
2024-09-08,P001,Laptop,Electronics,749.91,No,0.0,34,25497.02,39630.43,26205.1,26973.059999999998,9,6,36,2024
2024-09-09,P001,Laptop,Electronics,713.07,No,0.0,39,27809.62,25497.02,21508.84,26871.905714285713,9,0,37,2024
2024-09-10,P001,Laptop,Electronics,801.81,Yes,0.14,44,30341.96,27809.62,22351.49,27772.01714285714,9,1,37,2024
2024-09-11,P001,Laptop,Electronics,731.84,No,0.0,33,24150.88,30341.96,25223.48,28913.512857142858,9,2,37,2024
2024-09-12,P001,Laptop,Electronics,784.14,No,0.0,35,27444.74,24150.88,26534.93,28760.28428571429,9,3,37,2024
2024-09-13,P001,Laptop,Electronics,758.43,Yes,,44,30782.23,27444.74,27357.15,28890.257142857143,9,4,37,2024
2024-09-14,P001,Laptop,Electronics,778.09,No,0.0,33,25676.85,30782.23,39630.43,29379.554285714286,9,5,37,2024
2024-09-15,P001,Laptop,Electronics,717.94,No,0.0,39,27999.68,25676.85,25497.02,27386.18571428571,9,6,37,2024
2024-09-16,P001,Laptop,Electronics,798.89,No,0.0,30,23966.67,27999.68,27809.62,27743.708571428575,9,0,38,2024
2024-09-17,P001,Laptop,Electronics,695.68,No,0.0,35,24348.78,23966.67,30341.96,27194.715714285714,9,1,38,2024
2024-09-18,P001,Laptop,Electronics,768.6,No,0.0,27,20752.21,24348.78,24150.88,26338.54714285714,9,2,38,2024
2024-09-19,P001,Laptop,Electronics,755.06,Yes,0.246,71,40442.28,20752.21,27444.74,25853.022857142852,9,3,38,2024
2024-09-20,P001,Laptop,Electronics,750.15,No,0.0,34,25505.09,40442.28,30782.23,27709.81428571429,9,4,38,2024
2024-09-21,P001,Laptop,Electronics,762.91,Yes,0.122,53,35489.14,25505.09,25676.85,26955.937142857143,9,5,38,2024
2024-09-22,P001,Laptop,Electronics,761.83,No,0.0,39,29711.24,35489.14,27999.68,28357.692857142858,9,6,38,2024
2024-09-23,P001,Laptop,Electronics,733.35,No,0.0,40,29333.97,29711.24,23966.67,28602.201428571425,9,0,39,2024
2024-09-24,P001,Laptop,Electronics,786.09,No,0.0,29,22796.66,29333.97,24348.78,29368.95857142857,9,1,39,2024
2024-09-25,P001,Laptop,Electronics,717.51,No,0.0,33,23677.72,22796.66,20752.21,29147.227142857144,9,2,39,2024
2024-09-26,P001,Laptop,Electronics,699.29,Yes,0.123,54,33129.86,23677.72,40442.28,29565.157142857144,9,3,39,2024
2024-09-27,P001,Laptop,Electronics,711.33,Yes,0.08,48,31407.52,33129.86,25505.09,28520.52571428572,9,4,39,2024
2024-09-28,P001,Laptop,Electronics,755.01,Yes,0.175,51,31755.54,31407.52,35489.14,29363.73,9,5,39,2024
2024-09-29,P001,Laptop,Electronics,769.21,No,0.0,33,25384.09,31755.54,29711.24,28830.358571428573,9,6,39,2024
2024-09-30,P001,Laptop,Electronics,726.14,No,0.0,36,26141.14,25384.09,29333.97,28212.19428571429,9,0,40,2024
2024-10-01,P001,Laptop,Electronics,742.41,Yes,0.136,56,35941.5,26141.14,22796.66,27756.07571428572,10,1,40,2024
2024-10-02,P001,Laptop,Electronics,769.81,Yes,0.113,47,32090.01,35941.5,23677.72,29633.91,10,2,40,2024
2024-10-03,P001,Laptop,Electronics,772.37,Yes,0.077,57,40647.7,32090.01,33129.86,30835.665714285715,10,3,40,2024
2024-10-04,P001,Laptop,Electronics,727.23,No,0.0,30,21817.0,40647.7,31407.52,31909.64285714286,10,4,40,2024
2024-10-05,P001,Laptop,Electronics,777.27,No,0.0,25,19431.66,21817.0,31755.54,30539.56857142857,10,5,40,2024
2024-10-06,P001,Laptop,Electronics,787.09,No,0.0,33,25973.82,19431.66,25384.09,28779.014285714282,10,6,40,2024
2024-10-07,P001,Laptop,Electronics,761.92,No,0.0,27,20571.76,25973.82,26141.14,28863.261428571426,10,0,41,2024
2024-10-08,P001,Laptop,Electronics,725.69,No,0.0,34,24673.52,20571.76,35941.5,28067.635714285716,10,1,41,2024
2024-10-09,P001,Laptop,Electronics,716.04,No,0.0,34,24345.48,24673.52,32090.01,26457.924285714285,10,2,41,2024
2024-10-10,P001,Laptop,Electronics,714.34,No,0.0,29,20715.79,24345.48,40647.7,25351.562857142857,10,3,41,2024
2024-10-11,P001,Laptop,Electronics,756.42,No,0.0,32,24205.43,20715.79,21817.0,22504.14714285714,10,4,41,2024
2024-10-12,P001,Laptop,Electronics,718.56,No,0.0,24,17245.34,24205.43,19431.66,22845.351428571426,10,5,41,2024
2024-10-13,P001,Laptop,Electronics,785.3,No,0.0,38,29841.23,17245.34,25973.82,22533.02,10,6,41,2024
2024-10-14,P001,Laptop,Electronics,771.34,No,0.0,36,27768.2,29841.23,20571.76,23085.507142857143,10,0,42,2024
2024-10-15,P001,Laptop,Electronics,749.63,No,0.0,27,20240.11,27768.2,24673.52,24113.57,10,1,42,2024
2024-10-16,P001,Laptop,Electronics,752.18,Yes,0.12,41,27151.65,20240.11,24345.48,23480.225714285716,10,2,42,2024
2024-10-17,P001,Laptop,Electronics,754.26,No,0.0,34,25644.86,27151.65,20715.79,23881.10714285714,10,3,42,2024
2024-10-18,P001,Laptop,Electronics,734.92,No,0.0,33,24252.35,25644.86,24205.43,24585.260000000002,10,4,42,2024
2024-10-19,P001,Laptop,Electronics,738.1,No,0.0,34,25095.27,24252.35,17245.34,24591.962857142855,10,5,42,2024
2024-10-20,P001,Laptop,Electronics,723.86,No,0.0,36,26058.79,25095.27,29841.23,25713.381428571425,10,6,42,2024
2024-10-21,P001,Laptop,Electronics,777.71,No,0.0,24,18664.99,26058.79,27768.2,25173.032857142858,10,0,43,2024
2024-10-22,P001,Laptop,Electronics,728.14,No,0.0,29,21116.09,18664.99,20240.11,23872.574285714287,10,1,43,2024
2024-10-23,P001,Laptop,Electronics,731.68,No,0.0,33,24145.41,21116.09,27151.65,23997.714285714286,10,2,43,2024
2024-10-24,P001,Laptop,Electronics,772.86,No,0.0,23,17775.83,24145.41,25644.86,23568.25142857143,10,3,43,2024
2024-10-25,P001,Laptop,Electronics,815.09,No,0.0,26,21192.31,17775.83,24252.35,22444.104285714286,10,4,43,2024
2024-10-26,P001,Laptop,Electronics,709.84,No,0.0,41,29103.55,21192.31,25095.27,22006.955714285716,10,5,43,2024
2024-10-27,P001,Laptop,Electronics,763.19,No,0.0,33,25185.27,29103.55,26058.79,22579.567142857144,10,6,43,2024
2024-10-28,P001,Laptop,Electronics,732.88,No,0.0,33,24184.91,25185.27,18664.99,22454.778571428575,10,0,44,2024
2024-10-29,P001,Laptop,Electronics,746.44,Yes,0.078,41,28216.68,24184.91,21116.09,23243.338571428572,10,1,44,2024
2024-10-30,P001,Laptop,Electronics,736.05,No,0.0,35,25761.87,28216.68,24145.41,24257.708571428575,10,2,44,2024
2024-10-31,P001,Laptop,Electronics,773.04,No,0.0,29,22418.17,25761.87,17775.83,24488.63142857143,10,3,44,2024
2024-11-01,P001,Laptop,Electronics,755.5,Yes,0.058,57,40562.13,22418.17,21192.31,25151.822857142855,11,4,44,2024
2024-11-02,P001,Laptop,Electronics,732.51,No,0.0,59,43218.01,40562.13,29103.55,27918.94,11,5,44,2024
2024-11-03,P001,Laptop,Electronics,706.17,No,0.0,62,43782.53,43218.01,25185.27,29935.29142857143,11,6,44,2024
2024-11-04,P001,Laptop,Electronics,746.49,No,0.0,31,23141.33,43782.53,24184.91,32592.04285714286,11,0,45,2024
2024-11-05,P001,Laptop,Electronics,726.55,No,0.0,34,24702.61,23141.33,28216.68,32442.96,11,1,45,2024
2024-11-06,P001,Laptop,Electronics,732.24,No,0.0,46,33682.98,24702.61,25761.87,31940.95,11,2,45,2024
2024-11-07,P001,Laptop,Electronics,752.03,Yes,0.23,90,52138.55,33682.98,22418.17,33072.537142857145,11,3,45,2024
2024-11-08,P001,Laptop,Electronics,759.71,No,0.0,38,28868.86,52138.55,40562.13,37318.305714285714,11,4,45,2024
2024-11-09,P001,Laptop,Electronics,760.8,No,0.0,45,34236.04,28868.86,43218.01,35647.83857142857,11,5,45,2024
2024-11-10,P001,Laptop,Electronics,753.16,No,0.0,33,24854.23,34236.04,43782.53,34364.7,11,6,45,2024
2024-11-11,P001,Laptop,Electronics,723.33,No,0.0,33,23869.95,24854.23,23141.33,31660.657142857144,11,0,46,2024
2024-11-12,P001,Laptop,Electronics,736.06,No,0.0,48,35331.09,23869.95,24702.61,31764.74571428572,11,1,46,2024
2024-11-13,P001,Laptop,Electronics,773.64,No,0.0,37,28624.58,35331.09,33682.98,33283.1,11,2,46,2024
2024-11-14,P001,Laptop,Electronics,756.38,No,0.0,37,27985.94,28624.58,52138.55,32560.471428571433,11,3,46,2024
2024-11-15,P001,Laptop,Electronics,794.16,Yes,0.117,63,44190.52,27985.94,28868.86,29110.09857142857,11,4,46,2024
2024-11-16,P001,Laptop,Electronics,697.84,No,0.0,39,27215.69,44190.52,34236.04,31298.907142857144,11,5,46,2024
2024-11-17,P001,Laptop,Electronics,735.53,No,0.0,46,33834.45,27215.69,24854.23,30296.0,11,6,46,2024
2024-11-18,P001,Laptop,Electronics,728.66,No,0.0,46,33518.17,33834.45,23869.95,31578.888571428568,11,0,47,2024
2024-11-19,P001,Laptop,Electronics,746.08,No,0.0,35,26112.93,33518.17,35331.09,32957.20571428571,11,1,47,2024
2024-11-20,P001,Laptop,Electronics,780.34,Yes,0.24,77,45658.31,26112.93,28624.58,31640.32571428571,11,2,47,2024
2024-11-21,P001,Laptop,Electronics,766.49,No,0.0,35,26827.18,45658.31,27985.94,34073.71571428571,11,3,47,2024
2024-11-22,P001,Laptop,Electronics,757.08,No,0.0,36,27254.86,26827.18,44190.52,33908.17857142857,11,4,47,2024
2024-11-23,P001,Laptop,Electronics,721.1,Yes,0.237,90,49544.4,27254.86,27215.69,31488.79857142857,11,5,47,2024
2024-11-24,P001,Laptop,Electronics,760.41,Yes,0.136,83,54507.15,49544.4,33834.45,34678.614285714284,11,6,47,2024
2024-11-25,P001,Laptop,Electronics,728.17,No,0.0,36,26214.15,54507.15,33518.17,37631.857142857145,11,0,48,2024
2024-11-26,P001,Laptop,Electronics,753.26,Yes,0.161,57,36016.76,26214.15,26112.93,36588.42571428572,11,1,48,2024
2024-11-27,P001,Laptop,Electronics,797.28,No,0.0,32,25512.84,36016.76,45658.31,38003.258571428574,11,2,48,2024
2024-11-28,P001,Laptop,Electronics,766.32,No,0.0,35,26821.31,25512.84,26827.18,35125.33428571429,11,3,48,2024
2024-11-29,P001,Laptop,Electronics,756.54,No,0.0,33,24965.92,26821.31,27254.86,35124.49571428572,11,4,48,2024
2024-11-30,P001,Laptop,Electronics,702.09,No,0.0,39,27381.66,24965.92,49544.4,34797.50428571428,11,5,48,2024
2024-12-01,P001,Laptop,Electronics,731.19,Yes,0.229,100,56371.44,27381.66,54507.15,31631.398571428574,12,6,48,2024
2024-12-02,P001,Laptop,Electronics,778.29,No,0.0,34,26461.77,56371.44,26214.15,31897.725714285716,12,0,49,2024
2024-12-03,P001,Laptop,Electronics,685.57,Yes,0.189,94,52257.37,26461.77,36016.76,31933.1,12,1,49,2024
2024-12-04,P001,Laptop,Electronics,726.65,No,0.0,43,31246.03,52257.37,25512.84,34253.18714285714,12,2,49,2024
2024-12-05,P001,Laptop,Electronics,719.85,No,0.0,49,35272.52,31246.03,26821.31,35072.21428571428,12,3,49,2024
2024-12-06,P001,Laptop,Electronics,786.64,Yes,0.224,74,45182.89,35272.52,24965.92,36279.53,12,4,49,2024
2024-12-07,P001,Laptop,Electronics,740.53,Yes,0.221,89,51309.16,45182.89,27381.66,39167.66857142857,12,5,49,2024
2024-12-08,P001,Laptop,Electronics,772.0,No,0.0,41,31651.97,51309.16,56371.44,42585.88285714285,12,6,49,2024
2024-12-09,P001,Laptop,Electronics,762.19,Yes,0.238,76,44130.27,31651.97,26461.77,39054.530000000006,12,0,50,2024
2024-12-10,P001,Laptop,Electronics,763.55,No,0.0,34,25960.82,44130.27,52257.37,41578.601428571434,12,1,50,2024
2024-12-11,P001,Laptop,Electronics,777.18,Yes,0.23,74,44297.15,25960.82,31246.03,37821.95142857143,12,2,50,2024
2024-12-12,P001,Laptop,Electronics,745.74,Yes,,75,46392.33,44297.15,35272.52,39686.39714285714,12,3,50,2024
2024-12-13,P001,Laptop,Electronics,733.29,No,0.0,42,30798.25,46392.33,45182.89,41274.94142857142,12,4,50,2024
2024-12-14,P001,Laptop,Electronics,782.89,No,0.0,41,32098.61,30798.25,51309.16,39219.99285714286,12,5,50,2024
2024-12-15,P001,Laptop,Electronics,757.07,No,0.0,51,38610.36,32098.61,31651.97,36475.62857142858,12,6,50,2024
2024-12-16,P001,Laptop,Electronics,757.49,No,0.0,30,22724.6,38610.36,44130.27,37469.68428571429,12,0,51,2024
2024-12-17,P001,Laptop,Electronics,700.3,No,0.0,46,32213.88,22724.6,25960.82,34411.73142857143,12,1,51,2024
2024-12-18,P001,Laptop,Electronics,747.88,No,0.0,43,32158.71,32213.88,44297.15,35305.025714285715,12,2,51,2024
2024-12-19,P001,Laptop,Electronics,738.24,No,0.0,41,30267.92,32158.71,46392.33,33570.96285714286,12,3,51,2024
2024-12-20,P001,Laptop,Electronics,752.23,Yes,0.092,76,51906.03,30267.92,30798.25,31267.475714285712,12,4,51,2024
2024-12-21,P001,Laptop,Electronics,738.92,No,0.0,59,43596.3,51906.03,32098.61,34282.87285714286,12,5,51,2024
2024-12-22,P001,Laptop,Electronics,756.94,No,0.0,63,47687.38,43596.3,38610.36,35925.4,12,6,51,2024
2024-12-23,P001,Laptop,Electronics,767.86,No,0.0,47,36089.25,47687.38,22724.6,37222.11714285715,12,0,52,2024
2024-12-24,P001,Laptop,Electronics,758.32,No,0.0,49,37157.74,36089.25,32213.88,39131.352857142854,12,1,52,2024
2024-12-25,P001,Laptop,Electronics,725.9,No,0.0,61,44279.76,37157.74,32158.71,39837.61857142857,12,2,52,2024
2024-12-26,P001,Laptop,Electronics,751.29,No,0.0,56,42072.07,44279.76,30267.92,41569.19714285714,12,3,52,2024
2024-12-27,P001,Laptop,Electronics,733.53,No,0.0,49,35942.78,42072.07,51906.03,43255.50428571429,12,4,52,2024
2024-12-28,P001,Laptop,Electronics,730.29,Yes,0.206,134,77739.01,35942.78,43596.3,40975.03999999999,12,5,52,2024
2024-12-29,P001,Laptop,Electronics,737.26,No,0.0,46,33913.98,77739.01,47687.38,45852.57,12,6,52,2024
2024-12-30,P001,Laptop,Electronics,755.89,Yes,0.117,91,60749.29,33913.98,36089.25,43884.94142857142,12,0,1,2024
2024-12-31,P001,Laptop,Electronics,706.15,No,0.0,61,43075.27,60749.29,37157.74,47407.80428571429,12,1,1,2024
2025-01-01,P001,Laptop,Electronics,770.87,Yes,0.177,77,48861.79,43075.27,44279.76,48253.16571428571,1,2,1,2025
2025-01-02,P001,Laptop,Electronics,745.66,No,0.0,48,35791.49,48861.79,42072.07,48907.741428571426,1,3,1,2025
2025-01-03,P001,Laptop,Electronics,745.22,Yes,0.067,72,50061.84,35791.49,35942.78,48010.51571428571,1,4,1,2025
2025-01-04,P001,Laptop,Electronics,751.6,No,0.0,48,36077.01,50061.84,77739.01,50027.52428571428,1,5,1,2025
2025-01-05,P001,Laptop,Electronics,749.07,No,0.0,44,32958.92,36077.01,33913.98,44075.81,1,6,1,2025
2025-01-06,P001,Laptop,Electronics,767.5,No,0.0,29,22257.54,32958.92,60749.29,43939.37285714286,1,0,2,2025
2025-01-07,P001,Laptop,Electronics,732.89,Yes,0.143,43,27018.41,22257.54,43075.27,38440.55142857142,1,1,2,2025
2025-01-08,P001,Laptop,Electronics,747.14,No,0.0,45,33621.23,27018.41,48861.79,36146.71428571428,1,2,2,2025
2025-01-09,P001,Laptop,Electronics,731.27,No,0.0,41,29982.15,33621.23,35791.49,33969.491428571426,1,3,2,2025
2025-01-10,P001,Laptop,Electronics,731.32,No,0.0,43,31446.7,29982.15,50061.84,33139.58571428571,1,4,2,2025
2025-01-11,P001,Laptop,Electronics,807.21,Yes,0.059,49,37221.88,31446.7,36077.01,30480.28,1,5,2,2025
2025-01-12,P001,Laptop,Electronics,736.25,Yes,0.183,80,48106.73,37221.88,32958.92,30643.83285714286,1,6,2,2025
2025-01-13,P001,Laptop,Electronics,715.0,No,0.0,43,30745.05,48106.73,22257.54,32807.805714285714,1,0,3,2025
2025-01-14,P001,Laptop,Electronics,710.22,No,0.0,33,23437.37,30745.05,27018.41,34020.30714285714,1,1,3,2025
2025-01-15,P001,Laptop,Electronics,759.07,Yes,0.175,67,41968.46,23437.37,33621.23,33508.729999999996,1,2,3,2025
2025-01-16,P001,Laptop,Electronics,764.9,Yes,0.233,70,41078.77,41968.46,29982.15,34701.19142857143,1,3,3,2025
2025-01-17,P001,Laptop,Electronics,740.07,No,0.0,31,22942.04,41078.77,31446.7,36286.422857142854,1,4,3,2025
2025-01-18,P001,Laptop,Electronics,752.57,Yes,0.247,79,44779.99,22942.04,37221.88,35071.47142857143,1,5,3,2025
2025-01-19,P001,Laptop,Electronics,776.17,No,0.0,31,24061.33,44779.99,48106.73,36151.20142857143,1,6,3,2025
2025-01-20,P001,Laptop,Electronics,780.63,No,0.0,47,36689.57,24061.33,30745.05,32716.144285714283,1,0,4,2025
2025-01-21,P001,Laptop,Electronics,763.93,No,0.0,48,36668.64,36689.57,23437.37,33565.36142857143,1,1,4,2025
2025-01-22,P001,Laptop,Electronics,743.88,Yes,0.157,68,42655.51,36668.64,41968.46,35455.54285714286,1,2,4,2025
2025-01-23,P001,Laptop,Electronics,751.65,Yes,0.104,55,37055.42,42655.51,41078.77,35553.69285714285,1,3,4,2025
2025-01-24,P001,Laptop,Electronics,729.56,Yes,0.208,64,36975.13,37055.42,22942.04,34978.92857142857,1,4,4,2025
2025-01-25,P001,Laptop,Electronics,777.33,No,0.0,37,28761.39,36975.13,44779.99,36983.65571428572,1,5,4,2025
2025-01-26,P001,Laptop,Electronics,701.72,No,0.0,41,28770.38,28761.39,24061.33,34695.28428571428,1,6,4,2025
2025-01-27,P001,Laptop,Electronics,764.82,Yes,0.085,55,38498.16,28770.38,36689.57,35368.00571428572,1,0,5,2025
2025-01-28,P001,Laptop,Electronics,734.21,No,0.0,47,34507.79,38498.16,36668.64,35626.375714285714,1,1,5,2025
2025-01-29,P001,Laptop,Electronics,767.75,No,0.0,32,24567.91,34507.79,42655.51,35317.682857142856,1,2,5,2025
2025-01-30,P001,Laptop,Electronics,739.86,No,0.0,35,25895.02,24567.91,37055.42,32733.74,1,3,5,2025
2025-01-31,P001,Laptop,Electronics,766.22,No,0.0,37,28350.07,25895.02,36975.13,31139.397142857142,1,4,5,2025
2025-02-01,P001,Laptop,Electronics,769.81,No,0.0,53,40799.97,28350.07,28761.39,29907.24571428572,2,5,5,2025
2025-02-02,P001,Laptop,Electronics,688.5,Yes,0.231,101,53459.91,40799.97,28770.38,31627.04285714286,2,6,5,2025
2025-02-03,P001,Laptop,Electronics,746.67,No,0.0,48,35840.26,53459.91,38498.16,35154.118571428575,2,0,6,2025
2025-02-04,P001,Laptop,Electronics,738.84,No,0.0,39,28814.78,35840.26,34507.79,34774.41857142857,2,1,6,2025
2025-02-05,P001,Laptop,Electronics,751.44,No,0.0,40,30057.75,28814.78,24567.91,33961.131428571425,2,2,6,2025
2025-02-06,P001,Laptop,Electronics,737.08,No,0.0,37,27271.82,30057.75,25895.02,34745.39428571429,2,3,6,2025
2025-02-07,P001,Laptop,Electronics,750.01,Yes,0.119,55,36360.16,27271.82,28350.07,34942.08,2,4,6,2025
2025-02-08,P001,Laptop,Electronics,753.68,No,0.0,49,36930.16,36360.16,40799.97,36086.37857142857,2,5,6,2025
2025-02-09,P001,Laptop,Electronics,728.64,Yes,0.179,65,38884.46,36930.16,53459.91,35533.54857142857,2,6,6,2025
2025-02-10,P001,Laptop,Electronics,743.17,No,0.0,55,40874.09,38884.46,35840.26,33451.34142857143,2,0,7,2025
2025-02-11,P001,Laptop,Electronics,708.65,No,0.0,56,39684.66,40874.09,28814.78,34170.46,2,1,7,2025
2025-02-12,P001,Laptop,Electronics,801.64,Yes,0.136,44,30469.44,39684.66,30057.75,35723.3,2,2,7,2025
2025-02-13,P001,Laptop,Electronics,727.18,No,0.0,39,28360.13,30469.44,27271.82,35782.112857142856,2,3,7,2025
2025-02-14,P001,Laptop,Electronics,718.03,No,0.0,37,26566.94,28360.13,36360.16,35937.58571428571,2,4,7,2025
2025-02-15,P001,Laptop,Electronics,753.49,No,0.0,40,30139.53,26566.94,36930.16,34538.55428571429,2,5,7,2025
2025-02-16,P001,Laptop,Electronics,765.11,No,0.0,52,39785.73,30139.53,38884.46,33568.46428571428,2,6,7,2025
2025-02-17,P001,Laptop,Electronics,741.2,No,0.0,38,28165.67,39785.73,40874.09,33697.21714285714,2,0,8,2025
2025-02-18,P001,Laptop,Electronics,756.45,No,0.0,39,29501.39,28165.67,39684.66,31881.728571428568,2,1,8,2025
2025-02-19,P001,Laptop,Electronics,731.93,Yes,0.215,83,47699.7,29501.39,30469.44,30426.975714285716,2,2,8,2025
2025-02-20,P001,Laptop,Electronics,748.34,No,0.0,46,34423.63,47699.7,28360.13,32888.44142857143,2,3,8,2025
2025-02-21,P001,Laptop,Electronics,778.73,No,0.0,37,28813.06,34423.63,26566.94,33754.65571428571,2,4,8,2025
2025-02-22,P001,Laptop,Electronics,739.23,No,0.0,44,32525.99,28813.06,30139.53,34075.53,2,5,8,2025
2025-02-23,P001,Laptop,Electronics,709.48,Yes,0.07,72,47486.78,32525.99,39785.73,34416.45285714286,2,6,8,2025
2025-02-24,P001,Laptop,Electronics,758.99,No,0.0,45,34154.5,47486.78,28165.67,35516.602857142854,2,0,9,2025
2025-02-25,P001,Laptop,Electronics,726.6,No,0.0,39,28337.28,34154.5,29501.39,36372.15,2,1,9,2025
2025-02-26,P001,Laptop,Electronics,744.91,No,0.0,43,32031.16,28337.28,47699.7,36205.84857142857,2,2,9,2025
2025-02-27,P001,Laptop,Electronics,741.07,Yes,0.194,82,48956.47,32031.16,34423.63,33967.485714285714,2,3,9,2025
2025-02-28,P001,Laptop,Electronics,759.37,No,0.0,44,33412.37,48956.47,28813.06,36043.60571428571,2,4,9,2025
2025-03-01,P001,Laptop,Electronics,782.89,Yes,0.063,55,40342.07,33412.37,32525.99,36700.65,3,5,9,2025
2025-03-02,P001,Laptop,Electronics,725.75,Yes,0.069,75,50656.36,40342.07,47486.78,37817.23285714286,3,6,9,2025
2025-03-03,P001,Laptop,Electronics,704.62,Yes,0.198,70,39549.06,50656.36,34154.5,38270.02999999999,3,0,10,2025
2025-03-04,P001,Laptop,Electronics,768.17,Yes,0.163,72,46295.4,39549.06,28337.28,39040.68142857143,3,1,10,2025
2025-03-05,P001,Laptop,Electronics,770.61,No,0.0,40,30824.2,46295.4,32031.16,41606.12714285714,3,2,10,2025
2025-03-06,P001,Laptop,Electronics,714.31,No,0.0,53,37858.25,30824.2,48956.47,41433.70428571429,3,3,10,2025
2025-03-07,P001,Laptop,Electronics,715.55,No,0.0,42,30052.95,37858.25,33412.37,39848.24428571429,3,4,10,2025
2025-03-08,P001,Laptop,Electronics,772.59,No,0.0,38,29358.53,30052.95,40342.07,39368.32714285714,3,5,10,2025
2025-03-09,P001,Laptop,Electronics,775.94,No,0.0,45,34917.43,29358.53,50656.36,37799.25,3,6,10,2025
2025-03-10,P001,Laptop,Electronics,709.89,No,0.0,46,32654.87,34917.43,39549.06,35550.83142857143,3,0,11,2025
2025-03-11,P001,Laptop,Electronics,750.5,Yes,0.188,67,40832.33,32654.87,46295.4,34565.94714285714,3,1,11,2025
2025-03-12,P001,Laptop,Electronics,720.19,No,0.0,58,41771.19,40832.33,30824.2,33785.508571428574,3,2,11,2025
2025-03-13,P001,Laptop,Electronics,759.24,No,0.0,34,25814.08,41771.19,37858.25,35349.364285714284,3,3,11,2025
2025-03-14,P001,Laptop,Electronics,739.68,Yes,0.15,54,33942.36,25814.08,30052.95,33628.76857142857,3,4,11,2025
2025-03-15,P001,Laptop,Electronics,717.59,Yes,0.081,75,49481.92,33942.36,29358.53,34184.398571428566,3,5,11,2025
2025-03-16,P001,Laptop,Electronics,741.92,No,0.0,51,37837.72,49481.92,34917.43,37059.16857142857,3,6,11,2025
2025-03-17,P001,Laptop,Electronics,751.39,No,0.0,30,22541.8,37837.72,32654.87,37476.352857142854,3,0,12,2025
2025-03-18,P001,Laptop,Electronics,758.04,No,0.0,41,31079.84,22541.8,40832.33,36031.62857142857,3,1,12,2025
2025-03-19,P001,Laptop,Electronics,760.91,Yes,0.201,72,43786.28,31079.84,41771.19,34638.41571428572,3,2,12,2025
2025-03-20,P001,Laptop,Electronics,750.37,Yes,0.178,67,41339.87,43786.28,25814.08,34926.28571428572,3,3,12,2025
2025-03-21,P001,Laptop,Electronics,752.37,Yes,0.194,52,31527.24,41339.87,33942.36,37144.25571428572,3,4,12,2025
2025-03-22,P001,Laptop,Electronics,766.24,No,0.0,33,25285.93,31527.24,49481.92,36799.23857142857,3,5,12,2025
2025-03-23,P001,Laptop,Electronics,756.53,No,0.0,43,32530.58,25285.93,37837.72,33342.66857142857,3,6,12,2025
2025-03-24,P001,Laptop,Electronics,780.59,No,0.0,43,33565.37,32530.58,22541.8,32584.505714285715,3,0,13,2025
2025-03-25,P001,Laptop,Electronics,729.29,No,0.0,43,31359.34,33565.37,31079.84,34159.30142857143,3,1,13,2025
2025-03-26,P001,Laptop,Electronics,840.74,No,0.0,38,31948.08,31359.34,43786.28,34199.23,3,2,13,2025
2025-03-27,P001,Laptop,Electronics,727.13,No,0.0,37,26903.71,31948.08,41339.87,32508.058571428577,3,3,13,2025
2025-03-28,P001,Laptop,Electronics,779.29,No,0.0,40,31171.43,26903.71,31527.24,30445.75,3,4,13,2025
2025-03-29,P001,Laptop,Electronics,745.04,No,0.0,36,26821.46,31171.43,25285.93,30394.920000000002,3,5,13,2025
2025-03-30,P001,Laptop,Electronics,756.64,No,0.0,46,34805.49,26821.46,32530.58,30614.28142857143,3,6,13,2025
2025-03-31,P001,Laptop,Electronics,766.69,No,0.0,40,30667.72,34805.49,33565.37,30939.268571428573,3,0,14,2025
2025-04-01,P001,Laptop,Electronics,788.44,No,0.0,41,32326.18,30667.72,31359.34,30525.31857142857,4,1,14,2025
2025-04-02,P001,Laptop,Electronics,716.78,No,0.0,47,33688.46,32326.18,31948.08,30663.43857142857,4,2,14,2025
2025-04-03,P001,Laptop,Electronics,789.37,Yes,0.116,66,46051.2,33688.46,26903.71,30912.064285714285,4,3,14,2025
2025-04-04,P001,Laptop,Electronics,720.5,Yes,0.234,107,59085.15,46051.2,31171.43,33647.42,4,4,14,2025
2025-04-05,P001,Laptop,Electronics,754.85,No,0.0,54,40761.68,59085.15,26821.46,37635.09428571428,4,5,14,2025
2025-04-06,P001,Laptop,Electronics,764.96,No,0.0,49,37483.25,40761.68,34805.49,39626.55428571429,4,6,14,2025
2025-04-07,P001,Laptop,Electronics,759.92,No,0.0,42,31916.68,37483.25,30667.72,40009.09142857143,4,0,15,2025
2025-04-08,P001,Laptop,Electronics,734.63,No,0.0,52,38200.54,31916.68,32326.18,40187.514285714286,4,1,15,2025
2025-04-09,P001,Laptop,Electronics,731.38,Yes,0.224,78,44241.98,38200.54,33688.46,41026.708571428564,4,2,15,2025
2025-04-10,P001,Laptop,Electronics,764.61,No,0.0,43,32878.24,44241.98,46051.2,42534.35428571428,4,3,15,2025
2025-04-11,P001,Laptop,Electronics,762.71,No,0.0,37,28220.18,32878.24,59085.15,40652.50285714286,4,4,15,2025
2025-04-12,P001,Laptop,Electronics,756.85,No,0.0,47,35571.73,28220.18,40761.68,36243.22142857143,4,5,15,2025
2025-04-13,P001,Laptop,Electronics,755.17,No,0.0,45,33982.55,35571.73,37483.25,35501.8,4,6,15,2025
2025-04-14,P001,Laptop,Electronics,745.2,No,0.0,37,27572.28,33982.55,31916.68,35001.700000000004,4,0,16,2025
2025-04-15,P001,Laptop,Electronics,763.71,No,0.0,42,32075.89,27572.28,38200.54,34381.07142857143,4,1,16,2025
2025-04-16,P001,Laptop,Electronics,755.36,Yes,0.099,52,35392.3,32075.89,44241.98,33506.12142857143,4,2,16,2025
2025-04-17,P001,Laptop,Electronics,708.37,No,0.0,43,30459.75,35392.3,32878.24,32241.881428571425,4,3,16,2025
2025-04-18,P001,Laptop,Electronics,748.09,No,0.0,38,28427.38,30459.75,28220.18,31896.382857142857,4,4,16,2025
2025-04-19,P001,Laptop,Electronics,767.85,No,0.0,40,30713.88,28427.38,35571.73,31925.98285714286,4,5,16,2025
2025-04-20,P001,Laptop,Electronics,740.42,No,0.0,44,32578.62,30713.88,33982.55,31232.004285714287,4,6,16,2025
2025-04-21,P001,Laptop,Electronics,719.6,No,0.0,44,31662.6,32578.62,27572.28,31031.442857142854,4,0,17,2025
2025-04-22,P001,Laptop,Electronics,737.21,No,0.0,39,28751.01,31662.6,32075.89,31615.774285714288,4,1,17,2025
2025-04-23,P001,Laptop,Electronics,709.01,Yes,0.09,57,36763.76,28751.01,35392.3,31140.79142857143,4,2,17,2025
2025-04-24,P001,Laptop,Electronics,723.21,No,0.0,59,42669.24,36763.76,30459.75,31336.714285714286,4,3,17,2025
2025-04-25,P001,Laptop,Electronics,754.27,No,0.0,37,27907.99,42669.24,28427.38,33080.927142857145,4,4,17,2025
2025-04-26,P001,Laptop,Electronics,764.21,Yes,0.061,59,42333.44,27907.99,30713.88,33006.728571428575,4,5,17,2025
2025-04-27,P001,Laptop,Electronics,714.29,No,0.0,57,40714.33,42333.44,32578.62,34666.665714285715,4,6,17,2025
2025-04-28,P001,Laptop,Electronics,725.81,No,0.0,52,37742.27,40714.33,31662.6,35828.909999999996,4,0,18,2025
2025-04-29,P001,Laptop,Electronics,773.02,No,0.0,48,37104.82,37742.27,28751.01,36697.434285714284,4,1,18,2025
2025-04-30,P001,Laptop,Electronics,760.49,Yes,0.236,82,47626.19,37104.82,36763.76,37890.83571428571,4,2,18,2025
2025-05-01,P001,Laptop,Electronics,735.72,No,0.0,36,26485.8,47626.19,42669.24,39442.61142857142,5,3,18,2025
2025-05-02,P001,Laptop,Electronics,728.3,No,0.0,48,34958.61,26485.8,27907.99,37130.69142857143,5,4,18,2025
2025-05-03,P001,Laptop,Electronics,803.86,No,0.0,32,25723.68,34958.61,42333.44,38137.92285714286,5,5,18,2025
2025-05-04,P001,Laptop,Electronics,741.39,No,0.0,59,43742.22,25723.68,40714.33,35765.1,5,6,18,2025
2025-05-05,P001,Laptop,Electronics,797.56,No,0.0,22,17546.39,43742.22,37742.27,36197.65571428571,5,0,19,2025
2025-05-06,P001,Laptop,Electronics,753.89,No,0.0,43,32417.42,17546.39,37104.82,33312.53,5,1,19,2025
2025-05-07,P001,Laptop,Electronics,765.95,No,0.0,44,33701.99,32417.42,47626.19,32642.901428571433,5,2,19,2025
2025-05-08,P001,Laptop,Electronics,797.54,No,0.0,34,27116.43,33701.99,26485.8,30653.73,5,3,19,2025
2025-05-09,P001,Laptop,Electronics,731.04,No,0.0,40,29241.79,27116.43,34958.61,30743.82,5,4,19,2025
2025-05-10,P001,Laptop,Electronics,733.83,No,0.0,53,38892.77,29241.79,25723.68,29927.13142857143,5,5,19,2025
2025-05-11,P001,Laptop,Electronics,762.49,Yes,0.132,66,43676.93,38892.77,43742.22,31808.429999999997,5,6,19,2025
2025-05-12,P001,Laptop,Electronics,710.95,No,0.0,40,28437.91,43676.93,17546.39,31799.102857142854,5,0,20,2025
2025-05-13,P001,Laptop,Electronics,746.55,No,0.0,33,24636.15,28437.91,32417.42,33355.03428571428,5,1,20,2025
2025-05-14,P001,Laptop,Electronics,738.42,No,0.0,44,32490.41,24636.15,33701.99,32243.424285714285,5,2,20,2025
2025-05-15,P001,Laptop,Electronics,747.11,Yes,0.142,82,52576.09,32490.41,27116.43,32070.34142857143,5,3,20,2025
2025-05-16,P001,Laptop,Electronics,770.93,No,0.0,45,34691.93,52576.09,29241.79,35707.43571428571,5,4,20,2025
2025-05-17,P001,Laptop,Electronics,726.1,No,0.0,47,34126.8,34691.93,38892.77,36486.02714285714,5,5,20,2025
2025-05-18,P001,Laptop,Electronics,767.91,Yes,0.059,63,45531.87,34126.8,43676.93,35805.17428571429,5,6,20,2025
2025-05-19,P001,Laptop,Electronics,786.92,Yes,0.235,71,42736.12,45531.87,28437.91,36070.16571428571,5,0,21,2025
2025-05-20,P001,Laptop,Electronics,779.65,No,0.0,36,28067.56,42736.12,24636.15,38112.76714285714,5,1,21,2025
2025-05-21,P001,Laptop,Electronics,703.66,Yes,0.242,90,48030.44,28067.56,32490.41,38602.968571428566,5,2,21,2025
2025-05-22,P001,Laptop,Electronics,712.67,No,0.0,56,39909.78,48030.44,52576.09,40822.972857142864,5,3,21,2025
2025-05-23,P001,Laptop,Electronics,766.3,No,0.0,40,30652.15,39909.78,34691.93,39013.5,5,4,21,2025
2025-05-24,P001,Laptop,Electronics,769.66,No,0.0,38,29247.05,30652.15,34126.8,38436.38857142858,5,5,21,2025
2025-05-25,P001,Laptop,Electronics,719.08,No,0.0,56,40268.45,29247.05,45531.87,37739.281428571434,5,6,21,2025
2025-05-26,P001,Laptop,Electronics,720.62,Yes,0.054,66,45012.62,40268.45,42736.12,36987.36428571429,5,0,22,2025
2025-05-27,P001,Laptop,Electronics,735.12,No,0.0,48,35285.93,45012.62,28067.56,37312.57857142857,5,1,22,2025
2025-05-28,P001,Laptop,Electronics,782.56,No,0.0,43,33649.99,35285.93,48030.44,38343.77428571428,5,2,22,2025
2025-05-29,P001,Laptop,Electronics,730.83,Yes,0.091,81,53810.84,33649.99,39909.78,36289.42428571429,5,3,22,2025
2025-05-30,P001,Laptop,Electronics,723.07,No,0.0,48,34707.27,53810.84,30652.15,38275.28999999999,5,4,22,2025
2025-05-31,P001,Laptop,Electronics,756.35,No,,45,34035.87,34707.27,29247.05,38854.59285714286,5,5,22,2025
2025-06-01,P001,Laptop,Electronics,761.4,No,0.0,40,30456.07,34035.87,40268.45,39538.71,6,6,22,2025
2025-06-02,P001,Laptop,Electronics,728.01,No,0.0,42,30576.52,30456.07,45012.62,38136.94142857142,6,0,23,2025
2025-06-03,P001,Laptop,Electronics,776.64,Yes,0.103,71,49437.01,30576.52,35285.93,36074.64142857143,6,1,23,2025
2025-06-04,P001,Laptop,Electronics,742.11,Yes,0.093,60,40386.81,49437.01,33649.99,38096.224285714285,6,2,23,2025
2025-06-05,P001,Laptop,Electronics,733.1,No,0.0,48,35188.95,40386.81,53810.84,39058.62714285714,6,3,23,2025
2025-06-06,P001,Laptop,Electronics,715.84,No,0.0,46,32928.62,35188.95,34707.27,36398.357142857145,6,4,23,2025
2025-06-07,P001,Laptop,Electronics,764.69,No,0.0,47,35940.36,32928.62,34035.87,36144.264285714286,6,5,23,2025
2025-06-08,P001,Laptop,Electronics,743.04,No,0.0,52,38638.03,35940.36,30456.07,36416.334285714285,6,6,23,2025
2025-06-09,P001,Laptop,Electronics,755.74,No,0.0,34,25695.27,38638.03,30576.52,37585.18571428571,6,0,24,2025
2025-06-10,P001,Laptop,Electronics,744.29,No,0.0,47,34981.63,25695.27,49437.01,36887.86428571429,6,1,24,2025
2025-06-11,P001,Laptop,Electronics,804.86,No,0.0,43,34609.12,34981.63,40386.81,34822.81,6,2,24,2025
2025-06-12,P001,Laptop,Electronics,769.72,No,0.0,49,37716.35,34609.12,35188.95,33997.42571428572,6,3,24,2025
2025-06-13,P001,Laptop,Electronics,751.43,No,0.0,59,44334.35,37716.35,32928.62,34358.48285714286,6,4,24,2025
2025-06-14,P001,Laptop,Electronics,788.35,No,0.0,47,37052.52,44334.35,35940.36,35987.87285714286,6,5,24,2025
2025-06-15,P001,Laptop,Electronics,761.11,No,0.0,52,39577.81,37052.52,38638.03,36146.75285714286,6,6,24,2025
2025-06-16,P001,Laptop,Electronics,760.17,No,0.0,36,27366.24,39577.81,25695.27,36281.00714285714,6,0,25,2025
2025-06-17,P001,Laptop,Electronics,756.62,Yes,0.229,77,44941.33,27366.24,34981.63,36519.71714285714,6,1,25,2025
2025-06-18,P001,Laptop,Electronics,754.03,No,0.0,41,30915.2,44941.33,34609.12,37942.531428571434,6,2,25,2025
2025-06-19,P001,Laptop,Electronics,776.95,No,0.0,37,28747.23,30915.2,37716.35,37414.82857142857,6,3,25,2025
2025-06-20,P001,Laptop,Electronics,758.93,Yes,0.212,89,53240.72,28747.23,44334.35,36133.525714285715,6,4,25,2025
2025-06-21,P001,Laptop,Electronics,713.38,Yes,0.158,100,60093.77,53240.72,37052.52,37405.86428571429,6,5,25,2025
2025-06-22,P001,Laptop,Electronics,748.92,No,0.0,55,41190.87,60093.77,39577.81,40697.471428571436,6,6,25,2025
2025-06-23,P001,Laptop,Electronics,764.36,No,0.0,42,32103.19,41190.87,27366.24,40927.908571428576,6,0,26,2025
2025-06-24,P001,Laptop,Electronics,766.97,No,0.0,44,33746.58,32103.19,44941.33,41604.61571428571,6,1,26,2025
2025-06-25,P001,Laptop,Electronics,769.68,Yes,0.078,54,38324.27,33746.58,30915.2,40005.36571428571,6,2,26,2025
2025-06-26,P001,Laptop,Electronics,737.43,No,0.0,40,29497.0,38324.27,28747.23,41063.80428571429,6,3,26,2025
2025-06-27,P001,Laptop,Electronics,825.85,No,0.0,23,18994.44,29497.0,53240.72,41170.91428571428,6,4,26,2025
2025-06-28,P001,Laptop,Electronics,769.99,No,0.0,34,26179.55,18994.44,60093.77,36278.58857142857,6,5,26,2025
2025-06-29,P001,Laptop,Electronics,811.89,No,0.0,40,32475.45,26179.55,41190.87,31433.7,6,6,26,2025
2025-06-30,P001,Laptop,Electronics,770.37,Yes,0.164,78,50258.61,32475.45,32103.19,30188.640000000003,6,0,27,2025
2025-07-01,P001,Laptop,Electronics,727.8,No,0.0,48,34934.63,50258.61,33746.58,32782.271428571425,7,1,27,2025
2025-07-02,P001,Laptop,Electronics,755.11,Yes,0.097,71,48400.69,34934.63,38324.27,32951.99285714286,7,2,27,2025
2025-07-03,P001,Laptop,Electronics,744.15,No,0.0,46,34231.07,48400.69,29497.0,34391.48142857143,7,3,27,2025
2025-07-04,P001,Laptop,Electronics,774.25,Yes,0.207,61,37436.2,34231.07,18994.44,35067.77714285714,7,4,27,2025
2025-07-05,P001,Laptop,Electronics,773.55,Yes,0.144,72,47673.46,37436.2,26179.55,37702.31428571428,7,5,27,2025
2025-07-06,P001,Laptop,Electronics,779.21,No,0.0,37,28830.87,47673.46,32475.45,40772.87285714286,7,6,27,2025
2025-07-07,P001,Laptop,Electronics,734.92,No,0.0,49,36010.93,28830.87,50258.61,40252.218571428566,7,0,28,2025
2025-07-08,P001,Laptop,Electronics,765.93,No,0.0,32,24509.8,36010.93,34934.63,38216.83571428571,7,1,28,2025
2025-07-09,P001,Laptop,Electronics,766.54,Yes,0.082,67,47159.07,24509.8,48400.69,36727.57428571428,7,2,28,2025
2025-07-10,P001,Laptop,Electronics,743.6,Yes,0.182,60,36513.49,47159.07,34231.07,36550.2,7,3,28,2025
2025-07-11,P001,Laptop,Electronics,737.44,Yes,0.185,82,49283.32,36513.49,37436.2,36876.259999999995,7,4,28,2025
2025-07-12,P001,Laptop,Electronics,711.45,No,0.0,57,40552.41,49283.32,47673.46,38568.705714285716,7,5,28,2025
2025-07-13,P001,Laptop,Electronics,753.65,No,0.0,50,37682.43,40552.41,28830.87,37551.41285714286,7,6,28,2025
2025-07-14,P001,Laptop,Electronics,732.36,No,0.0,39,28562.23,37682.43,36010.93,38815.92142857143,7,0,29,2025
2025-07-15,P001,Laptop,Electronics,735.72,No,0.0,43,31635.95,28562.23,24509.8,37751.82142857143,7,1,29,2025
2025-07-16,P001,Laptop,Electronics,708.83,Yes,0.051,63,42398.86,31635.95,47159.07,38769.84285714286,7,2,29,2025
2025-07-17,P001,Laptop,Electronics,695.49,No,0.0,51,35470.22,42398.86,36513.49,38089.81285714286,7,3,29,2025
2025-07-18,P001,Laptop,Electronics,730.67,Yes,0.186,101,60044.3,35470.22,49283.32,37940.77428571428,7,4,29,2025
2025-07-19,P001,Laptop,Electronics,758.49,No,0.0,44,33373.67,60044.3,40552.41,39478.05714285715,7,5,29,2025
2025-07-20,P001,Laptop,Electronics,744.25,No,0.0,49,36468.36,33373.67,37682.43,38452.52285714286,7,6,29,2025
2025-07-21,P001,Laptop,Electronics,733.61,No,0.0,56,41082.08,36468.36,28562.23,38279.08428571428,7,0,30,2025
2025-07-22,P001,Laptop,Electronics,742.44,No,0.0,45,33409.87,41082.08,31635.95,40067.63428571429,7,1,30,2025
2025-07-23,P001,Laptop,Electronics,757.35,No,0.0,43,32566.02,33409.87,42398.86,40321.05142857142,7,2,30,2025
2025-07-24,P001,Laptop,Electronics,772.46,No,0.0,30,23173.84,32566.02,35470.22,38916.36,7,3,30,2025
2025-07-25,P001,Laptop,Electronics,725.46,No,0.0,38,27567.36,23173.84,60044.3,37159.73428571429,7,4,30,2025
2025-07-26,P001,Laptop,Electronics,744.75,No,0.0,57,42450.61,27567.36,33373.67,32520.17142857143,7,5,30,2025
2025-07-27,P001,Laptop,Electronics,769.96,No,0.0,36,27718.59,42450.61,36468.36,33816.87714285714,7,6,30,2025
2025-07-28,P001,Laptop,Electronics,787.98,No,0.0,36,28367.32,27718.59,41082.08,32566.91,7,0,31,2025
2025-07-29,P001,Laptop,Electronics,763.37,No,0.0,39,29771.38,28367.32,33409.87,30750.515714285713,7,1,31,2025
2025-07-30,P001,Laptop,Electronics,705.59,No,0.0,48,33868.29,29771.38,32566.02,30230.731428571427,7,2,31,2025
2025-07-31,P001,Laptop,Electronics,758.79,No,0.0,41,31110.51,33868.29,23173.84,30416.77,7,3,31,2025
2025-08-01,P001,Laptop,Electronics,736.38,No,0.0,35,25773.14,31110.51,27567.36,31550.579999999998,8,4,31,2025
2025-08-02,P001,Laptop,Electronics,766.89,Yes,0.247,71,41022.01,25773.14,42450.61,31294.262857142858,8,5,31,2025
2025-08-03,P001,Laptop,Electronics,751.55,No,0.0,39,29310.45,41022.01,27718.59,31090.17714285714,8,6,31,2025
2025-08-04,P001,Laptop,Electronics,722.01,No,0.0,40,28880.22,29310.45,28367.32,31317.585714285717,8,0,32,2025
2025-08-05,P001,Laptop,Electronics,737.59,No,0.0,48,35404.26,28880.22,29771.38,31390.85714285714,8,1,32,2025
2025-08-06,P001,Laptop,Electronics,776.23,No,0.0,34,26391.68,35404.26,33868.29,32195.554285714286,8,2,32,2025
2025-08-07,P001,Laptop,Electronics,754.73,No,0.0,36,27170.33,26391.68,31110.51,31127.467142857142,8,3,32,2025
2025-08-08,P001,Laptop,Electronics,733.68,No,0.0,44,32282.13,27170.33,25773.14,30564.58428571429,8,4,32,2025
2025-08-09,P001,Laptop,Electronics,755.73,No,0.0,42,31740.64,32282.13,41022.01,31494.440000000002,8,5,32,2025
2025-08-10,P001,Laptop,Electronics,728.46,No,0.0,37,26953.11,31740.64,29310.45,30168.53,8,6,32,2025
2025-08-11,P001,Laptop,Electronics,740.07,No,0.0,38,28122.67,26953.11,28880.22,29831.767142857145,8,0,33,2025
2025-08-12,P001,Laptop,Electronics,757.27,No,0.0,33,24989.78,28122.67,35404.26,29723.545714285716,8,1,33,2025
2025-08-13,P001,Laptop,Electronics,763.31,Yes,0.15,63,40880.4,24989.78,26391.68,28235.762857142858,8,2,33,2025
2025-08-14,P001,Laptop,Electronics,778.42,No,0.0,36,28023.23,40880.4,27170.33,30305.579999999998,8,3,33,2025
2025-08-15,P001,Laptop,Electronics,760.95,No,0.0,32,24350.34,28023.23,32282.13,30427.422857142858,8,4,33,2025
2025-08-16,P001,Laptop,Electronics,748.74,No,0.0,59,44175.93,24350.34,31740.64,29294.309999999998,8,5,33,2025
2025-08-17,P001,Laptop,Electronics,742.67,No,0.0,41,30449.48,44175.93,26953.11,31070.780000000002,8,6,33,2025
2025-08-18,P001,Laptop,Electronics,771.46,Yes,0.244,87,50761.21,30449.48,28122.67,31570.261428571426,8,0,34,2025
2025-08-19,P001,Laptop,Electronics,729.89,No,0.0,43,31385.4,50761.21,24989.78,34804.33857142857,8,1,34,2025
2025-08-20,P001,Laptop,Electronics,749.26,No,0.0,32,23976.21,31385.4,40880.4,35717.99857142857,8,2,34,2025
2025-08-21,P001,Laptop,Electronics,741.5,No,0.0,44,32626.06,23976.21,28023.23,33303.11428571429,8,3,34,2025
2025-08-22,P001,Laptop,Electronics,749.65,No,0.0,43,32234.87,32626.06,24350.34,33960.66142857143,8,4,34,2025
2025-08-23,P001,Laptop,Electronics,766.51,No,0.0,46,35259.58,32234.87,44175.93,35087.02285714286,8,5,34,2025
2025-08-24,P001,Laptop,Electronics,755.48,No,0.0,41,30974.73,35259.58,30449.48,33813.258571428574,8,6,34,2025
2025-08-25,P001,Laptop,Electronics,756.11,Yes,0.086,53,36640.51,30974.73,50761.21,33888.294285714284,8,0,35,2025
2025-08-26,P001,Laptop,Electronics,698.03,Yes,0.19,58,32793.13,36640.51,31385.4,31871.051428571427,8,1,35,2025
2025-08-27,P001,Laptop,Electronics,744.07,No,0.0,42,31251.05,32793.13,23976.21,32072.155714285713,8,2,35,2025
2025-08-28,P001,Laptop,Electronics,797.58,No,0.0,28,22332.19,31251.05,32626.06,33111.41857142857,8,3,35,2025
2025-08-29,P001,Laptop,Electronics,754.83,Yes,0.221,79,46443.66,22332.19,32234.87,31640.865714285716,8,4,35,2025
2025-08-30,P001,Laptop,Electronics,714.43,No,0.0,48,34292.69,46443.66,35259.58,33670.69285714286,8,5,35,2025
2025-08-31,P001,Laptop,Electronics,727.99,No,0.0,38,27663.45,34292.69,30974.73,33532.565714285716,8,6,35,2025
2025-09-01,P001,Laptop,Electronics,724.79,No,0.0,27,19569.29,27663.45,36640.51,33059.525714285715,9,0,36,2025
2025-09-02,P001,Laptop,Electronics,765.77,No,0.0,36,27567.71,19569.29,32793.13,30620.78,9,1,36,2025
2025-09-03,P001,Laptop,Electronics,770.84,No,0.0,43,33146.01,27567.71,31251.05,29874.29142857143,9,2,36,2025
2025-09-04,P001,Laptop,Electronics,764.36,No,0.0,37,28281.43,33146.01,22332.19,30145.0,9,3,36,2025
2025-09-05,P001,Laptop,Electronics,725.61,No,0.0,37,26847.44,28281.43,46443.66,30994.89142857143,9,4,36,2025
2025-09-06,P001,Laptop,Electronics,778.99,No,0.0,34,26485.51,26847.44,34292.69,28195.43142857143,9,5,36,2025
2025-09-07,P001,Laptop,Electronics,726.17,Yes,0.1,63,41165.8,26485.51,27663.45,27080.12,9,6,36,2025
2025-09-08,P001,Laptop,Electronics,715.13,Yes,0.149,73,44401.16,41165.8,19569.29,29009.027142857143,9,0,37,2025
2025-09-09,P001,Laptop,Electronics,806.71,No,0.0,35,28234.78,44401.16,27567.71,32556.437142857147,9,1,37,2025
2025-09-10,P001,Laptop,Electronics,726.12,No,0.0,41,29770.75,28234.78,33146.01,32651.73285714286,9,2,37,2025
2025-09-11,P001,Laptop,Electronics,764.74,No,0.0,44,33648.78,29770.75,28281.43,32169.552857142855,9,3,37,2025
2025-09-12,P001,Laptop,Electronics,737.19,No,0.0,21,15481.07,33648.78,26847.44,32936.317142857144,9,4,37,2025
2025-09-13,P001,Laptop,Electronics,751.93,No,0.0,36,27069.55,15481.07,26485.51,31312.549999999996,9,5,37,2025
2025-09-14,P001,Laptop,Electronics,800.44,No,0.0,37,29616.26,27069.55,41165.8,31395.984285714287,9,6,37,2025
2025-09-15,P001,Laptop,Electronics,736.84,Yes,0.127,59,37959.04,29616.26,44401.16,29746.049999999996,9,0,38,2025
2025-09-16,P001,Laptop,Electronics,737.39,No,0.0,31,22859.15,37959.04,28234.78,28825.74714285714,9,1,38,2025
2025-09-17,P001,Laptop,Electronics,729.45,Yes,0.159,56,34335.06,22859.15,29770.75,28057.799999999996,9,2,38,2025
2025-09-18,P001,Laptop,Electronics,718.41,No,0.0,51,36638.79,34335.06,33648.78,28709.844285714284,9,3,38,2025
2025-09-19,P001,Laptop,Electronics,708.46,No,0.0,33,23379.13,36638.79,15481.07,29136.98857142857,9,4,38,2025
2025-09-20,P001,Laptop,Electronics,728.07,No,0.0,39,28394.91,23379.13,27069.55,30265.282857142854,9,5,38,2025
2025-09-21,P001,Laptop,Electronics,755.03,No,0.0,32,24160.98,28394.91,29616.26,30454.62,9,6,38,2025
2025-09-22,P001,Laptop,Electronics,778.55,Yes,0.237,74,43985.8,24160.98,37959.04,29675.294285714288,9,0,39,2025
2025-09-23,P001,Laptop,Electronics,734.13,No,0.0,43,31567.8,43985.8,22859.15,30536.260000000002,9,1,39,2025
2025-09-24,P001,Laptop,Electronics,773.04,No,0.0,30,23191.06,31567.8,34335.06,31780.352857142854,9,2,39,2025
2025-09-25,P001,Laptop,Electronics,776.66,No,0.0,32,24852.98,23191.06,36638.79,30188.352857142854,9,3,39,2025
2025-09-26,P001,Laptop,Electronics,759.87,No,0.0,19,14437.46,24852.98,23379.13,28504.665714285715,9,4,39,2025
2025-09-27,P001,Laptop,Electronics,799.07,No,0.0,35,27967.62,14437.46,28394.91,27227.284285714286,9,5,39,2025
2025-09-28,P001,Laptop,Electronics,787.4,No,0.0,40,31495.82,27967.62,24160.98,27166.242857142857,9,6,39,2025
2025-09-29,P001,Laptop,Electronics,799.32,No,0.0,30,23979.47,31495.82,43985.8,28214.07714285714,9,0,40,2025
2025-09-30,P001,Laptop,Electronics,750.62,No,0.0,29,21767.93,23979.47,31567.8,25356.03,9,1,40,2025
2025-10-01,P001,Laptop,Electronics,759.21,No,0.0,32,24294.57,21767.93,23191.06,23956.048571428575,10,2,40,2025
2025-10-02,P001,Laptop,Electronics,774.78,No,0.0,24,18594.82,24294.57,24852.98,24113.692857142858,10,3,40,2025
2025-10-03,P001,Laptop,Electronics,754.7,No,0.0,41,30942.82,18594.82,14437.46,23219.670000000002,10,4,40,2025
2025-10-04,P001,Laptop,Electronics,744.87,No,0.0,37,27560.14,30942.82,27967.62,25577.578571428574,10,5,40,2025
2025-10-05,P001,Laptop,Electronics,730.09,No,0.0,43,31393.75,27560.14,31495.82,25519.36714285714,10,6,40,2025
2025-10-06,P001,Laptop,Electronics,783.5,No,0.0,28,21938.05,31393.75,23979.47,25504.785714285714,10,0,41,2025
2025-10-07,P001,Laptop,Electronics,728.75,No,0.0,26,18947.39,21938.05,21767.93,25213.15428571429,10,1,41,2025
2025-10-08,P001,Laptop,Electronics,759.73,No,0.0,25,18993.17,18947.39,24294.57,24810.22,10,2,41,2025
2025-10-09,P001,Laptop,Electronics,761.43,No,0.0,38,28934.46,18993.17,18594.82,24052.877142857145,10,3,41,2025
2025-10-10,P001,Laptop,Electronics,727.36,No,0.0,38,27639.67,28934.46,30942.82,25529.96857142857,10,4,41,2025
2025-10-11,P001,Laptop,Electronics,818.06,No,0.0,39,31904.2,27639.67,27560.14,25058.089999999997,10,5,41,2025
2025-10-12,P001,Laptop,Electronics,759.47,No,0.0,40,30378.99,31904.2,31393.75,25678.670000000002,10,6,41,2025
2025-10-13,P001,Laptop,Electronics,742.89,No,0.0,30,22286.79,30378.99,21938.05,25533.704285714284,10,0,42,2025
2025-10-14,P001,Laptop,Electronics,804.81,Yes,0.209,56,35644.61,22286.79,18947.39,25583.524285714284,10,1,42,2025
2025-10-15,P001,Laptop,Electronics,746.7,No,0.0,29,21654.18,35644.61,18993.17,27968.84142857143,10,2,42,2025
2025-10-16,P001,Laptop,Electronics,755.56,Yes,,64,39841.47,21654.18,28934.46,28348.985714285714,10,3,42,2025
2025-10-17,P001,Laptop,Electronics,707.92,Yes,0.082,62,40273.76,39841.47,27639.67,29907.13,10,4,42,2025
2025-10-18,P001,Laptop,Electronics,745.27,No,0.0,43,32046.42,40273.76,31904.2,31712.0,10,5,42,2025
2025-10-19,P001,Laptop,Electronics,730.03,No,0.0,40,29201.32,32046.42,30378.99,31732.317142857144,10,6,42,2025
2025-10-20,P001,Laptop,Electronics,759.97,No,0.0,34,25839.01,29201.32,22286.79,31564.078571428574,10,0,43,2025
2025-10-21,P001,Laptop,Electronics,761.35,No,0.0,33,25124.56,25839.01,35644.61,32071.53857142857,10,1,43,2025
2025-10-22,P001,Laptop,Electronics,734.52,No,0.0,42,30849.71,25124.56,21654.18,30568.67428571428,10,2,43,2025
2025-10-23,P001,Laptop,Electronics,802.61,No,0.0,34,27288.72,30849.71,39841.47,31882.321428571428,10,3,43,2025
2025-10-24,P001,Laptop,Electronics,707.31,No,0.0,33,23341.26,27288.72,40273.76,30089.071428571428,10,4,43,2025
2025-10-25,P001,Laptop,Electronics,740.11,No,0.0,34,25163.64,23341.26,32046.42,27670.14285714285,10,5,43,2025
2025-10-26,P001,Laptop,Electronics,751.01,No,0.0,47,35297.31,25163.64,29201.32,26686.88857142857,10,6,43,2025
2025-10-27,P001,Laptop,Electronics,775.16,No,0.0,30,23254.71,35297.31,25839.01,27557.744285714285,10,0,44,2025
2025-10-28,P001,Laptop,Electronics,748.11,No,0.0,31,23191.56,23254.71,25124.56,27188.558571428573,10,1,44,2025
2025-10-29,P001,Laptop,Electronics,755.46,Yes,0.094,47,32182.73,23191.56,30849.71,26912.41571428571,10,2,44,2025
2025-10-30,P001,Laptop,Electronics,725.16,No,0.0,38,27556.22,32182.73,27288.72,27102.847142857143,10,3,44,2025
2025-10-31,P001,Laptop,Electronics,740.67,No,0.0,33,24442.06,27556.22,23341.26,27141.06142857143,10,4,44,2025
2025-11-01,P001,Laptop,Electronics,770.55,No,0.0,35,26969.24,24442.06,25163.64,27298.318571428572,11,5,44,2025
2025-11-02,P001,Laptop,Electronics,761.11,No,0.0,47,35772.3,26969.24,35297.31,27556.26142857143,11,6,44,2025
2025-11-03,P001,Laptop,Electronics,751.01,No,0.0,54,40554.55,35772.3,23254.71,27624.117142857143,11,0,45,2025
2025-11-04,P001,Laptop,Electronics,756.54,No,0.0,43,32531.38,40554.55,23191.56,30095.522857142863,11,1,45,2025
2025-11-05,P001,Laptop,Electronics,708.4,No,0.0,54,38253.34,32531.38,32182.73,31429.782857142858,11,2,45,2025
2025-11-06,P001,Laptop,Electronics,718.5,No,0.0,52,37362.19,38253.34,27556.22,32297.01285714286,11,3,45,2025
2025-11-07,P001,Laptop,Electronics,683.3,No,0.0,52,35531.65,37362.19,24442.06,33697.86571428571,11,4,45,2025
2025-11-08,P001,Laptop,Electronics,736.37,No,0.0,56,41236.64,35531.65,26969.24,35282.09285714286,11,5,45,2025
2025-11-09,P001,Laptop,Electronics,758.73,No,0.0,56,42488.78,41236.64,35772.3,37320.29285714286,11,6,45,2025
2025-11-10,P001,Laptop,Electronics,781.07,No,0.0,32,24994.29,42488.78,40554.55,38279.79,11,0,46,2025
2025-11-11,P001,Laptop,Electronics,770.24,No,0.0,29,22336.93,24994.29,32531.38,36056.89571428572,11,1,46,2025
2025-11-12,P001,Laptop,Electronics,807.79,No,0.0,32,25849.33,22336.93,38253.34,34600.54571428571,11,2,46,2025
2025-11-13,P001,Laptop,Electronics,825.62,No,0.0,28,23117.43,25849.33,37362.19,32828.544285714284,11,3,46,2025
2025-11-14,P001,Laptop,Electronics,755.84,No,0.0,45,34012.88,23117.43,35531.65,30793.57857142857,11,4,46,2025
2025-11-15,P001,Laptop,Electronics,702.89,No,0.0,57,40064.52,34012.88,41236.64,30576.61142857143,11,5,46,2025
2025-11-16,P001,Laptop,Electronics,744.4,No,0.0,54,40197.75,40064.52,42488.78,30409.165714285715,11,6,46,2025
2025-11-17,P001,Laptop,Electronics,746.47,No,0.0,63,47027.68,40197.75,24994.29,30081.875714285714,11,0,47,2025
2025-11-18,P001,Laptop,Electronics,740.67,No,0.0,34,25182.64,47027.68,22336.93,33229.502857142856,11,1,47,2025
2025-11-19,P001,Laptop,Electronics,744.56,No,0.0,41,30526.84,25182.64,25849.33,33636.03285714286,11,2,47,2025
2025-11-20,P001,Laptop,Electronics,760.29,No,0.0,47,35733.53,30526.84,23117.43,34304.24857142857,11,3,47,2025
2025-11-21,P001,Laptop,Electronics,711.73,Yes,0.082,65,42485.49,35733.53,34012.88,36106.54857142857,11,4,47,2025
2025-11-22,P001,Laptop,Electronics,725.15,No,0.0,47,34081.99,42485.49,40064.52,37316.921428571426,11,5,47,2025
2025-11-23,P001,Laptop,Electronics,704.99,No,0.0,46,32429.35,34081.99,40197.75,36462.27428571428,11,6,47,2025
2025-11-24,P001,Laptop,Electronics,716.87,Yes,0.195,85,49080.47,32429.35,47027.68,35352.502857142856,11,0,48,2025
2025-11-25,P001,Laptop,Electronics,729.56,No,0.0,43,31371.28,49080.47,25182.64,35645.758571428574,11,1,48,2025
2025-11-26,P001,Laptop,Electronics,767.79,No,0.0,35,26872.75,31371.28,30526.84,36529.85,11,2,48,2025
2025-11-27,P001,Laptop,Electronics,782.54,No,0.0,45,35214.48,26872.75,35733.53,36007.83714285714,11,3,48,2025
2025-11-28,P001,Laptop,Electronics,791.83,No,0.0,48,38007.73,35214.48,42485.49,35933.68714285714,11,4,48,2025
2025-11-29,P001,Laptop,Electronics,733.39,Yes,0.062,74,50920.56,38007.73,34081.99,35294.00714285715,11,5,48,2025
2025-11-30,P001,Laptop,Electronics,809.4,No,0.0,33,26710.34,50920.56,32429.35,37699.51714285714,11,6,48,2025
2025-12-01,P001,Laptop,Electronics,721.58,No,0.0,50,36078.97,26710.34,49080.47,36882.51571428571,12,0,49,2025
2025-12-02,P001,Laptop,Electronics,697.73,No,0.0,57,39770.63,36078.97,31371.28,35025.158571428576,12,1,49,2025
2025-12-03,P001,Laptop,Electronics,761.88,Yes,0.208,69,41631.89,39770.63,26872.75,36225.065714285716,12,2,49,2025
2025-12-04,P001,Laptop,Electronics,763.89,No,0.0,35,26735.98,41631.89,35214.48,38333.51428571429,12,3,49,2025
2025-12-05,P001,Laptop,Electronics,704.25,Yes,0.208,98,54675.7,26735.98,38007.73,37122.3,12,4,49,2025
2025-12-06,P001,Laptop,Electronics,733.63,No,0.0,45,33013.57,54675.7,50920.56,39503.438571428575,12,5,49,2025
2025-12-07,P001,Laptop,Electronics,707.44,Yes,0.212,128,71317.84,33013.57,26710.34,36945.29714285714,12,6,49,2025
2025-12-08,P001,Laptop,Electronics,751.01,No,0.0,49,36799.26,71317.84,36078.97,43317.79714285714,12,0,50,2025
2025-12-09,P001,Laptop,Electronics,738.18,No,0.0,48,35432.86,36799.26,39770.63,43420.69571428571,12,1,50,2025
2025-12-10,P001,Laptop,Electronics,741.87,Yes,0.155,94,58944.54,35432.86,41631.89,42801.01428571429,12,2,50,2025
2025-12-11,P001,Laptop,Electronics,751.89,No,0.0,44,33083.14,58944.54,26735.98,45274.25,12,3,50,2025
2025-12-12,P001,Laptop,Electronics,767.81,No,0.0,49,37622.85,33083.14,54675.7,46180.98714285715,12,4,50,2025
2025-12-13,P001,Laptop,Electronics,732.82,Yes,0.054,71,49244.89,37622.85,33013.57,43744.86571428571,12,5,50,2025
2025-12-14,P001,Laptop,Electronics,766.09,No,0.0,58,44433.18,49244.89,71317.84,46063.625714285714,12,6,50,2025
2025-12-15,P001,Laptop,Electronics,738.58,No,0.0,37,27327.35,44433.18,36799.26,42222.96,12,0,51,2025
2025-12-16,P001,Laptop,Electronics,738.55,Yes,0.129,73,46985.16,27327.35,35432.86,40869.83,12,1,51,2025
2025-12-17,P001,Laptop,Electronics,736.79,No,0.0,45,33155.36,46985.16,58944.54,42520.15857142857,12,2,51,2025
2025-12-18,P001,Laptop,Electronics,734.94,No,0.0,39,28662.5,33155.36,33083.14,38835.99,12,3,51,2025
2025-12-19,P001,Laptop,Electronics,775.53,No,0.0,36,27919.17,28662.5,37622.85,38204.469999999994,12,4,51,2025
2025-12-20,P001,Laptop,Electronics,724.43,No,0.0,69,49985.85,27919.17,49244.89,36818.23,12,5,51,2025
2025-12-21,P001,Laptop,Electronics,793.08,No,0.0,58,45998.52,49985.85,44433.18,36924.08142857143,12,6,51,2025
2025-12-22,P001,Laptop,Electronics,752.7,No,0.0,65,48925.65,45998.52,27327.35,37147.70142857143,12,0,52,2025
2025-12-23,P001,Laptop,Electronics,763.78,No,0.0,60,45826.99,48925.65,46985.16,40233.172857142854,12,1,52,2025
2025-12-24,P001,Laptop,Electronics,723.44,No,0.0,65,47023.87,45826.99,33155.36,40067.719999999994,12,2,52,2025
2025-12-25,P001,Laptop,Electronics,753.6,Yes,0.175,129,80195.47,47023.87,28662.5,42048.93571428571,12,3,52,2025
2025-12-26,P001,Laptop,Electronics,692.72,No,0.0,77,53339.29,80195.47,27919.17,49410.78857142857,12,4,52,2025
2025-12-27,P001,Laptop,Electronics,775.51,No,0.0,74,57387.81,53339.29,49985.85,53042.23428571429,12,5,52,2025
2025-12-28,P001,Laptop,Electronics,741.19,No,0.0,71,52624.48,57387.81,45998.52,54099.65714285714,12,6,52,2025
2025-12-29,P001,Laptop,Electronics,755.06,Yes,0.239,119,68381.38,52624.48,48925.65,55046.222857142864,12,0,1,2025
2025-12-30,P001,Laptop,Electronics,738.72,No,0.0,63,46539.67,68381.38,45826.99,57825.61285714286,12,1,1,2025
2025-12-31,P001,Laptop,Electronics,730.59,No,0.0,65,47488.42,46539.67,47023.87,57927.42428571429,12,2,1,2025
2023-01-08,P002,Smartphone,Electronics,532.56,Yes,0.084,46,22450.25,14189.4,27462.6,18689.63857142857,1,6,1,2023
2023-01-09,P002,Smartphone,Electronics,517.97,No,0.0,23,11913.34,22450.25,20002.95,17973.588571428572,1,0,2,2023
2023-01-10,P002,Smartphone,Electronics,508.23,No,0.0,27,13722.32,11913.34,20057.75,16817.93,1,1,2,2023
2023-01-11,P002,Smartphone,Electronics,531.37,No,0.0,34,18066.71,13722.32,18185.41,15912.868571428571,1,2,2,2023
2023-01-12,P002,Smartphone,Electronics,492.4,Yes,0.173,48,19551.95,18066.71,15273.66,15895.91142857143,1,3,2,2023
2023-01-13,P002,Smartphone,Electronics,497.76,Yes,0.066,33,15337.83,19551.95,15655.7,16507.095714285715,1,4,2,2023
2023-01-14,P002,Smartphone,Electronics,541.01,No,0.0,29,15689.39,15337.83,14189.4,16461.68571428571,1,5,2,2023
2023-01-15,P002,Smartphone,Electronics,517.67,No,0.0,24,12424.16,15689.39,22450.25,16675.969999999998,1,6,2,2023
2023-01-16,P002,Smartphone,Electronics,528.2,No,0.0,21,11092.28,12424.16,11913.34,15243.671428571428,1,0,3,2023
2023-01-17,P002,Smartphone,Electronics,508.76,No,0.0,27,13736.62,11092.28,13722.32,15126.377142857144,1,1,3,2023
2023-01-18,P002,Smartphone,Electronics,525.64,No,0.0,29,15243.54,13736.62,18066.71,15128.42,1,2,3,2023
2023-01-19,P002,Smartphone,Electronics,514.67,No,0.0,28,14410.9,15243.54,19551.95,14725.11,1,3,3,2023
2023-01-20,P002,Smartphone,Electronics,526.0,No,0.0,37,19462.01,14410.9,15337.83,13990.674285714285,1,4,3,2023
2023-01-21,P002,Smartphone,Electronics,532.24,No,0.0,37,19692.77,19462.01,15689.39,14579.842857142858,1,5,3,2023
2023-01-22,P002,Smartphone,Electronics,509.65,No,0.0,29,14779.74,19692.77,12424.16,15151.754285714285,1,6,3,2023
2023-01-23,P002,Smartphone,Electronics,510.44,No,0.0,25,12760.92,14779.74,11092.28,15488.265714285715,1,0,4,2023
2023-01-24,P002,Smartphone,Electronics,540.7,No,0.0,22,11895.35,12760.92,13736.62,15726.642857142857,1,1,4,2023
2023-01-25,P002,Smartphone,Electronics,546.53,Yes,0.089,31,15438.07,11895.35,15243.54,15463.604285714286,1,2,4,2023
2023-01-26,P002,Smartphone,Electronics,508.52,No,0.0,32,16272.52,15438.07,14410.9,15491.394285714285,1,3,4,2023
2023-01-27,P002,Smartphone,Electronics,486.35,No,0.0,20,9726.93,16272.52,19462.01,15757.339999999998,1,4,4,2023
2023-01-28,P002,Smartphone,Electronics,511.0,No,0.0,31,15841.11,9726.93,19692.77,14366.614285714286,1,5,4,2023
2023-01-29,P002,Smartphone,Electronics,540.14,No,0.0,27,14583.75,15841.11,14779.74,13816.377142857144,1,6,4,2023
2023-01-30,P002,Smartphone,Electronics,545.14,No,0.0,27,14718.65,14583.75,12760.92,13788.378571428573,1,0,5,2023
2023-01-31,P002,Smartphone,Electronics,530.03,Yes,0.12,31,14457.48,14718.65,11895.35,14068.054285714286,1,1,5,2023
2023-02-01,P002,Smartphone,Electronics,500.3,No,0.0,34,17010.15,14457.48,15438.07,14434.072857142857,2,2,5,2023
2023-02-02,P002,Smartphone,Electronics,484.9,No,0.0,34,16486.65,17010.15,16272.52,14658.655714285716,2,3,5,2023
2023-02-03,P002,Smartphone,Electronics,484.01,No,0.0,23,11132.23,16486.65,9726.93,14689.245714285715,2,4,5,2023
2023-02-04,P002,Smartphone,Electronics,520.24,No,0.0,32,16647.69,11132.23,15841.11,14890.002857142856,2,5,5,2023
2023-02-05,P002,Smartphone,Electronics,534.79,No,0.0,30,16043.57,16647.69,14583.75,15005.22857142857,2,6,5,2023
2023-02-06,P002,Smartphone,Electronics,527.47,No,0.0,27,14241.77,16043.57,14718.65,15213.774285714286,2,0,6,2023
2023-02-07,P002,Smartphone,Electronics,481.67,No,0.0,33,15895.27,14241.77,14457.48,15145.648571428572,2,1,6,2023
2023-02-08,P002,Smartphone,Electronics,538.89,No,0.0,24,12933.33,15895.27,17010.15,15351.047142857144,2,2,6,2023
2023-02-09,P002,Smartphone,Electronics,525.91,No,0.0,39,20510.59,12933.33,16486.65,14768.644285714285,2,3,6,2023
2023-02-10,P002,Smartphone,Electronics,531.6,No,0.0,30,15947.95,20510.59,11132.23,15343.492857142859,2,4,6,2023
2023-02-11,P002,Smartphone,Electronics,512.25,No,0.0,31,15879.7,15947.95,16647.69,16031.452857142856,2,5,6,2023
2023-02-12,P002,Smartphone,Electronics,497.8,No,0.0,18,8960.34,15879.7,16043.57,15921.740000000002,2,6,6,2023
2023-02-13,P002,Smartphone,Electronics,550.26,No,0.0,24,13206.27,8960.34,14241.77,14909.85,2,0,7,2023
2023-02-14,P002,Smartphone,Electronics,520.09,Yes,0.206,65,26850.42,13206.27,15895.27,14761.921428571428,2,1,7,2023
2023-02-15,P002,Smartphone,Electronics,522.62,No,0.0,33,17246.55,26850.42,12933.33,16326.942857142858,2,2,7,2023
2023-02-16,P002,Smartphone,Electronics,548.3,No,0.0,25,13707.4,17246.55,20510.59,16943.117142857143,2,3,7,2023
2023-02-17,P002,Smartphone,Electronics,489.27,No,0.0,28,13699.55,13707.4,15947.95,15971.232857142857,2,4,7,2023
2023-02-18,P002,Smartphone,Electronics,512.42,No,0.0,38,19471.9,13699.55,15879.7,15650.032857142856,2,5,7,2023
2023-02-19,P002,Smartphone,Electronics,508.06,No,,34,17273.94,19471.9,8960.34,16163.204285714284,2,6,7,2023
2023-02-20,P002,Smartphone,Electronics,537.69,No,0.0,31,16668.42,17273.94,13206.27,17350.86142857143,2,0,8,2023
2023-02-21,P002,Smartphone,Electronics,522.91,No,0.0,23,12026.82,16668.42,26850.42,17845.454285714284,2,1,8,2023
2023-02-22,P002,Smartphone,Electronics,538.9,Yes,0.174,49,21800.96,12026.82,17246.55,15727.797142857144,2,2,8,2023
2023-02-23,P002,Smartphone,Electronics,517.65,Yes,0.213,53,21597.13,21800.96,13707.4,16378.427142857141,2,3,8,2023
2023-02-24,P002,Smartphone,Electronics,536.77,No,0.0,38,20397.17,21597.13,13699.55,17505.53142857143,2,4,8,2023
2023-02-25,P002,Smartphone,Electronics,497.98,No,0.0,35,17429.23,20397.17,19471.9,18462.334285714285,2,5,8,2023
2023-02-26,P002,Smartphone,Electronics,530.72,No,0.0,26,13798.63,17429.23,17273.94,18170.524285714284,2,6,8,2023
2023-02-27,P002,Smartphone,Electronics,532.87,No,0.0,23,12255.97,13798.63,16668.42,17674.051428571427,2,0,9,2023
2023-02-28,P002,Smartphone,Electronics,546.19,No,0.0,30,16385.68,12255.97,12026.82,17043.70142857143,2,1,9,2023
2023-03-01,P002,Smartphone,Electronics,522.8,No,0.0,26,13592.73,16385.68,21800.96,17666.395714285714,3,2,9,2023
2023-03-02,P002,Smartphone,Electronics,528.52,No,0.0,40,21140.66,13592.73,21597.13,16493.79142857143,3,3,9,2023
2023-03-03,P002,Smartphone,Electronics,525.16,No,0.0,27,14179.3,21140.66,20397.17,16428.581428571426,3,4,9,2023
2023-03-04,P002,Smartphone,Electronics,540.82,No,0.0,28,15142.97,14179.3,17429.23,15540.314285714285,3,5,9,2023
2023-03-05,P002,Smartphone,Electronics,493.88,No,0.0,36,17779.73,15142.97,13798.63,15213.705714285714,3,6,9,2023
2023-03-06,P002,Smartphone,Electronics,527.76,No,0.0,29,15305.09,17779.73,12255.97,15782.434285714286,3,0,10,2023
2023-03-07,P002,Smartphone,Electronics,572.56,No,0.0,37,21184.72,15305.09,16385.68,16218.022857142856,3,1,10,2023
2023-03-08,P002,Smartphone,Electronics,529.22,No,0.0,26,13759.74,21184.72,13592.73,16903.6,3,2,10,2023
2023-03-09,P002,Smartphone,Electronics,501.9,No,0.0,31,15559.04,13759.74,21140.66,16927.45857142857,3,3,10,2023
2023-03-10,P002,Smartphone,Electronics,499.59,No,0.0,28,13988.65,15559.04,14179.3,16130.084285714285,3,4,10,2023
2023-03-11,P002,Smartphone,Electronics,532.66,Yes,0.158,55,24660.32,13988.65,15142.97,16102.848571428573,3,5,10,2023
2023-03-12,P002,Smartphone,Electronics,531.03,No,0.0,34,18054.85,24660.32,17779.73,17462.469999999998,3,6,10,2023
2023-03-13,P002,Smartphone,Electronics,507.6,Yes,0.193,41,16792.04,18054.85,15305.09,17501.772857142856,3,0,11,2023
2023-03-14,P002,Smartphone,Electronics,526.55,No,0.0,35,18429.24,16792.04,21184.72,17714.194285714286,3,1,11,2023
2023-03-15,P002,Smartphone,Electronics,551.53,No,0.0,26,14339.74,18429.24,13759.74,17320.554285714286,3,2,11,2023
2023-03-16,P002,Smartphone,Electronics,534.63,No,0.0,42,22454.3,14339.74,15559.04,17403.411428571428,3,3,11,2023
2023-03-17,P002,Smartphone,Electronics,545.27,No,0.0,29,15812.92,22454.3,13988.65,18388.448571428573,3,4,11,2023
2023-03-18,P002,Smartphone,Electronics,489.55,No,0.0,35,17134.3,15812.92,24660.32,18649.058571428573,3,5,11,2023
2023-03-19,P002,Smartphone,Electronics,502.99,No,0.0,41,20622.41,17134.3,18054.85,17573.91285714286,3,6,11,2023
2023-03-20,P002,Smartphone,Electronics,518.96,No,0.0,22,11417.06,20622.41,16792.04,17940.707142857143,3,0,12,2023
2023-03-21,P002,Smartphone,Electronics,525.02,No,0.0,21,11025.37,11417.06,18429.24,17172.852857142858,3,1,12,2023
2023-03-22,P002,Smartphone,Electronics,514.94,Yes,0.091,40,18726.87,11025.37,14339.74,16115.157142857144,3,2,12,2023
2023-03-23,P002,Smartphone,Electronics,537.3,No,0.0,25,13432.55,18726.87,22454.3,16741.89,3,3,12,2023
2023-03-24,P002,Smartphone,Electronics,502.72,No,0.0,28,14076.29,13432.55,15812.92,15453.06857142857,3,4,12,2023
2023-03-25,P002,Smartphone,Electronics,520.96,No,0.0,29,15107.92,14076.29,17134.3,15204.97857142857,3,5,12,2023
2023-03-26,P002,Smartphone,Electronics,537.7,Yes,0.082,36,17770.49,15107.92,20622.41,14915.495714285713,3,6,12,2023
2023-03-27,P002,Smartphone,Electronics,530.22,No,0.0,27,14315.89,17770.49,11417.06,14508.078571428572,3,0,13,2023
2023-03-28,P002,Smartphone,Electronics,539.09,No,0.0,17,9164.51,14315.89,11025.37,14922.197142857143,3,1,13,2023
2023-03-29,P002,Smartphone,Electronics,517.27,No,,27,13966.26,9164.51,18726.87,14656.359999999999,3,2,13,2023
2023-03-30,P002,Smartphone,Electronics,542.26,Yes,0.183,49,21700.48,13966.26,13432.55,13976.272857142858,3,3,13,2023
2023-03-31,P002,Smartphone,Electronics,525.6,No,0.0,26,13665.62,21700.48,14076.29,15157.405714285715,3,4,13,2023
2023-04-01,P002,Smartphone,Electronics,526.64,No,0.0,39,20538.87,13665.62,15107.92,15098.738571428572,4,5,13,2023
2023-04-02,P002,Smartphone,Electronics,513.47,No,0.0,37,18998.45,20538.87,17770.49,15874.58857142857,4,6,13,2023
2023-04-03,P002,Smartphone,Electronics,516.85,No,0.0,35,18089.86,18998.45,14315.89,16050.011428571428,4,0,14,2023
2023-04-04,P002,Smartphone,Electronics,511.0,No,0.0,30,15329.89,18089.86,9164.51,16589.15,4,1,14,2023
2023-04-05,P002,Smartphone,Electronics,531.43,No,0.0,25,13285.83,15329.89,13966.26,17469.918571428574,4,2,14,2023
2023-04-06,P002,Smartphone,Electronics,532.81,No,0.0,35,18648.2,13285.83,21700.48,17372.714285714286,4,3,14,2023
2023-04-07,P002,Smartphone,Electronics,505.43,No,0.0,43,21733.61,18648.2,13665.62,16936.674285714285,4,4,14,2023
2023-04-08,P002,Smartphone,Electronics,538.35,No,0.0,27,14535.36,21733.61,20538.87,18089.244285714285,4,5,14,2023
2023-04-09,P002,Smartphone,Electronics,541.48,No,0.0,37,20034.93,14535.36,18998.45,17231.6,4,6,14,2023
2023-04-10,P002,Smartphone,Electronics,512.2,Yes,0.222,55,21911.81,20034.93,18089.86,17379.66857142857,4,0,15,2023
2023-04-11,P002,Smartphone,Electronics,528.14,Yes,0.088,51,24577.68,21911.81,15329.89,17925.661428571428,4,1,15,2023
2023-04-12,P002,Smartphone,Electronics,527.84,No,0.0,31,16363.13,24577.68,13285.83,19246.774285714288,4,2,15,2023
2023-04-13,P002,Smartphone,Electronics,567.42,No,0.0,25,14185.43,16363.13,18648.2,19686.38857142857,4,3,15,2023
2023-04-14,P002,Smartphone,Electronics,510.16,No,0.0,23,11733.75,14185.43,21733.61,19048.850000000002,4,4,15,2023
2023-04-15,P002,Smartphone,Electronics,539.0,No,0.0,29,15630.91,11733.75,14535.36,17620.29857142857,4,5,15,2023
2023-04-16,P002,Smartphone,Electronics,528.29,No,0.0,40,21131.62,15630.91,20034.93,17776.805714285714,4,6,15,2023
2023-04-17,P002,Smartphone,Electronics,523.11,No,0.0,32,16739.47,21131.62,21911.81,17933.475714285712,4,0,16,2023
2023-04-18,P002,Smartphone,Electronics,519.45,Yes,0.093,33,15547.53,16739.47,24577.68,17194.57,4,1,16,2023
2023-04-19,P002,Smartphone,Electronics,545.45,Yes,0.166,52,23646.79,15547.53,16363.13,15904.548571428573,4,2,16,2023
2023-04-20,P002,Smartphone,Electronics,484.32,Yes,0.236,70,25892.51,23646.79,14185.43,16945.071428571428,4,3,16,2023
2023-04-21,P002,Smartphone,Electronics,537.05,No,0.0,25,13426.29,25892.51,11733.75,18617.51142857143,4,4,16,2023
2023-04-22,P002,Smartphone,Electronics,516.82,No,0.0,28,14470.83,13426.29,15630.91,18859.302857142855,4,5,16,2023
2023-04-23,P002,Smartphone,Electronics,506.1,No,0.0,34,17207.25,14470.83,21131.62,18693.577142857142,4,6,16,2023
2023-04-24,P002,Smartphone,Electronics,516.95,No,0.0,26,13440.67,17207.25,16739.47,18132.95285714286,4,0,17,2023
2023-04-25,P002,Smartphone,Electronics,529.41,Yes,0.107,52,24584.5,13440.67,15547.53,17661.695714285717,4,1,17,2023
2023-04-26,P002,Smartphone,Electronics,514.46,No,0.0,26,13375.89,24584.5,23646.79,18952.691428571427,4,2,17,2023
2023-04-27,P002,Smartphone,Electronics,522.57,No,0.0,28,14632.1,13375.89,25892.51,17485.420000000002,4,3,17,2023
2023-04-28,P002,Smartphone,Electronics,511.44,Yes,0.19,54,22359.7,14632.1,13426.29,15876.789999999999,4,4,17,2023
2023-04-29,P002,Smartphone,Electronics,520.43,No,0.0,39,20296.76,22359.7,14470.83,17152.99142857143,4,5,17,2023
2023-04-30,P002,Smartphone,Electronics,519.48,Yes,0.067,43,20844.37,20296.76,17207.25,17985.26714285714,4,6,17,2023
2023-05-01,P002,Smartphone,Electronics,535.28,No,0.0,28,14987.75,20844.37,13440.67,18504.855714285713,5,0,18,2023
2023-05-02,P002,Smartphone,Electronics,543.74,Yes,0.092,47,23198.21,14987.75,24584.5,18725.867142857143,5,1,18,2023
2023-05-03,P002,Smartphone,Electronics,504.48,Yes,0.053,54,25788.08,23198.21,13375.89,18527.825714285715,5,2,18,2023
2023-05-04,P002,Smartphone,Electronics,508.45,No,0.0,38,19321.2,25788.08,14632.1,20300.995714285713,5,3,18,2023
2023-05-05,P002,Smartphone,Electronics,530.29,No,0.0,33,17499.5,19321.2,22359.7,20970.867142857143,5,4,18,2023
2023-05-06,P002,Smartphone,Electronics,536.88,No,0.0,34,18253.85,17499.5,20296.76,20276.552857142855,5,5,18,2023
2023-05-07,P002,Smartphone,Electronics,523.93,No,0.0,41,21481.05,18253.85,20844.37,19984.70857142857,5,6,18,2023
2023-05-08,P002,Smartphone,Electronics,491.39,No,0.0,34,16707.3,21481.05,14987.75,20075.66285714286,5,0,19,2023
2023-05-09,P002,Smartphone,Electronics,553.06,No,0.0,22,12167.36,16707.3,23198.21,20321.312857142857,5,1,19,2023
2023-05-10,P002,Smartphone,Electronics,511.4,Yes,0.162,53,22717.9,12167.36,25788.08,18745.477142857144,5,2,19,2023
2023-05-11,P002,Smartphone,Electronics,486.02,No,0.0,38,18468.86,22717.9,19321.2,18306.879999999997,5,3,19,2023
2023-05-12,P002,Smartphone,Electronics,541.7,No,0.0,22,11917.3,18468.86,17499.5,18185.117142857143,5,4,19,2023
2023-05-13,P002,Smartphone,Electronics,509.68,No,0.0,35,17838.65,11917.3,18253.85,17387.66,5,5,19,2023
2023-05-14,P002,Smartphone,Electronics,538.52,Yes,0.247,62,25139.75,17838.65,21481.05,17328.345714285715,5,6,19,2023
2023-05-15,P002,Smartphone,Electronics,501.02,No,0.0,36,18036.72,25139.75,16707.3,17851.01714285714,5,0,20,2023
2023-05-16,P002,Smartphone,Electronics,512.21,Yes,0.207,48,19485.65,18036.72,12167.36,18040.934285714287,5,1,20,2023
2023-05-17,P002,Smartphone,Electronics,504.34,Yes,0.151,39,16701.47,19485.65,22717.9,19086.40428571429,5,2,20,2023
2023-05-18,P002,Smartphone,Electronics,487.5,Yes,0.067,38,17283.49,16701.47,18468.86,18226.914285714287,5,3,20,2023
2023-05-19,P002,Smartphone,Electronics,518.29,No,0.0,31,16067.07,17283.49,11917.3,18057.575714285715,5,4,20,2023
2023-05-20,P002,Smartphone,Electronics,528.9,No,0.0,37,19569.35,16067.07,17838.65,18650.4,5,5,20,2023
2023-05-21,P002,Smartphone,Electronics,527.07,No,0.0,49,25826.56,19569.35,25139.75,18897.64285714286,5,6,20,2023
2023-05-22,P002,Smartphone,Electronics,533.87,No,0.0,30,16016.23,25826.56,18036.72,18995.75857142857,5,0,21,2023
2023-05-23,P002,Smartphone,Electronics,539.17,No,0.0,31,16714.31,16016.23,19485.65,18707.117142857143,5,1,21,2023
2023-05-24,P002,Smartphone,Electronics,499.6,No,0.0,38,18984.89,16714.31,16701.47,18311.21142857143,5,2,21,2023
2023-05-25,P002,Smartphone,Electronics,541.97,No,0.0,24,13007.37,18984.89,17283.49,18637.414285714283,5,3,21,2023
2023-05-26,P002,Smartphone,Electronics,527.82,No,0.0,32,16890.36,13007.37,16067.07,18026.54,5,4,21,2023
2023-05-27,P002,Smartphone,Electronics,529.42,No,0.0,35,18529.76,16890.36,19569.35,18144.152857142857,5,5,21,2023
2023-05-28,P002,Smartphone,Electronics,521.25,No,0.0,25,13031.32,18529.76,25826.56,17995.64,5,6,21,2023
2023-05-29,P002,Smartphone,Electronics,507.08,No,0.0,21,10648.71,13031.32,16016.23,16167.748571428572,5,0,22,2023
2023-05-30,P002,Smartphone,Electronics,509.63,No,0.0,41,20894.73,10648.71,16714.31,15400.960000000001,5,1,22,2023
2023-05-31,P002,Smartphone,Electronics,539.71,No,0.0,34,18350.17,20894.73,18984.89,15998.16285714286,5,2,22,2023
2023-06-01,P002,Smartphone,Electronics,523.01,No,0.0,28,14644.29,18350.17,13007.37,15907.488571428568,6,3,22,2023
2023-06-02,P002,Smartphone,Electronics,495.94,No,0.0,39,19341.77,14644.29,16890.36,16141.334285714285,6,4,22,2023
2023-06-03,P002,Smartphone,Electronics,526.98,No,0.0,38,20025.19,19341.77,18529.76,16491.535714285714,6,5,22,2023
2023-06-04,P002,Smartphone,Electronics,498.14,No,0.0,43,21420.06,20025.19,13031.32,16705.16857142857,6,6,22,2023
2023-06-05,P002,Smartphone,Electronics,532.8,No,0.0,30,15984.12,21420.06,10648.71,17903.56,6,0,23,2023
2023-06-06,P002,Smartphone,Electronics,516.44,No,0.0,26,13427.39,15984.12,20894.73,18665.76142857143,6,1,23,2023
2023-06-07,P002,Smartphone,Electronics,520.78,No,0.0,26,13540.23,13427.39,18350.17,17598.998571428572,6,2,23,2023
2023-06-08,P002,Smartphone,Electronics,522.68,Yes,0.117,58,26768.66,13540.23,14644.29,16911.864285714288,6,3,23,2023
2023-06-09,P002,Smartphone,Electronics,538.71,No,0.0,42,22625.63,26768.66,19341.77,18643.917142857143,6,4,23,2023
2023-06-10,P002,Smartphone,Electronics,482.3,Yes,0.138,67,27863.93,22625.63,20025.19,19113.04,6,5,23,2023
2023-06-11,P002,Smartphone,Electronics,524.1,No,0.0,30,15723.07,27863.93,21420.06,20232.859999999997,6,6,23,2023
2023-06-12,P002,Smartphone,Electronics,541.25,Yes,0.137,51,23808.45,15723.07,15984.12,19419.004285714287,6,0,24,2023
2023-06-13,P002,Smartphone,Electronics,503.76,Yes,0.055,51,24275.93,23808.45,13427.39,20536.765714285713,6,1,24,2023
2023-06-14,P002,Smartphone,Electronics,504.07,Yes,0.061,40,18928.54,24275.93,13540.23,22086.557142857142,6,2,24,2023
2023-06-15,P002,Smartphone,Electronics,519.01,No,0.0,31,16089.36,18928.54,26768.66,22856.315714285713,6,3,24,2023
2023-06-16,P002,Smartphone,Electronics,530.11,No,0.0,30,15903.25,16089.36,22625.63,21330.701428571425,6,4,24,2023
2023-06-17,P002,Smartphone,Electronics,539.76,Yes,0.203,54,23242.53,15903.25,27863.93,20370.36142857143,6,5,24,2023
2023-06-18,P002,Smartphone,Electronics,523.81,No,0.0,43,22523.92,23242.53,15723.07,19710.161428571428,6,6,24,2023
2023-06-19,P002,Smartphone,Electronics,552.28,No,0.0,29,16016.19,22523.92,23808.45,20681.711428571427,6,0,25,2023
2023-06-20,P002,Smartphone,Electronics,517.93,No,0.0,38,19681.3,16016.19,24275.93,19568.53142857143,6,1,25,2023
2023-06-21,P002,Smartphone,Electronics,516.48,Yes,0.168,55,23637.84,19681.3,18928.54,18912.155714285713,6,2,25,2023
2023-06-22,P002,Smartphone,Electronics,506.52,No,0.0,36,18234.76,23637.84,16089.36,19584.912857142856,6,3,25,2023
2023-06-23,P002,Smartphone,Electronics,497.59,Yes,0.231,52,19892.3,18234.76,15903.25,19891.39857142857,6,4,25,2023
2023-06-24,P002,Smartphone,Electronics,538.18,No,0.0,35,18836.42,19892.3,23242.53,20461.262857142858,6,5,25,2023
2023-06-25,P002,Smartphone,Electronics,503.55,No,0.0,47,23666.87,18836.42,22523.92,19831.81857142857,6,6,25,2023
2023-06-26,P002,Smartphone,Electronics,553.96,No,0.0,31,17172.9,23666.87,16016.19,19995.097142857143,6,0,26,2023
2023-06-27,P002,Smartphone,Electronics,537.38,Yes,0.166,52,23307.53,17172.9,19681.3,20160.341428571428,6,1,26,2023
2023-06-28,P002,Smartphone,Electronics,495.81,No,0.0,39,19336.64,23307.53,23637.84,20678.374285714286,6,2,26,2023
2023-06-29,P002,Smartphone,Electronics,526.0,Yes,0.224,52,21235.52,19336.64,18234.76,20063.91714285714,6,3,26,2023
2023-06-30,P002,Smartphone,Electronics,553.88,Yes,0.129,49,23631.9,21235.52,19892.3,20492.597142857143,6,4,26,2023
2023-07-01,P002,Smartphone,Electronics,540.34,No,0.0,22,11887.38,23631.9,18836.42,21026.825714285715,7,5,26,2023
2023-07-02,P002,Smartphone,Electronics,507.21,No,0.0,36,18259.38,11887.38,23666.87,20034.105714285713,7,6,26,2023
2023-07-03,P002,Smartphone,Electronics,520.48,No,0.0,37,19257.67,18259.38,17172.9,19261.60714285714,7,0,27,2023
2023-07-04,P002,Smartphone,Electronics,501.91,No,0.0,33,16562.93,19257.67,23307.53,19559.43142857143,7,1,27,2023
2023-07-05,P002,Smartphone,Electronics,505.01,Yes,0.073,57,26687.36,16562.93,19336.64,18595.917142857146,7,2,27,2023
2023-07-06,P002,Smartphone,Electronics,550.94,No,0.0,38,20935.66,26687.36,21235.52,19646.019999999997,7,3,27,2023
2023-07-07,P002,Smartphone,Electronics,541.55,No,0.0,29,15704.9,20935.66,23631.9,19603.182857142856,7,4,27,2023
2023-07-08,P002,Smartphone,Electronics,527.72,No,0.0,40,21108.97,15704.9,11887.38,18470.754285714287,7,5,27,2023
2023-07-09,P002,Smartphone,Electronics,494.16,No,0.0,30,14824.79,21108.97,18259.38,19788.124285714286,7,6,27,2023
2023-07-10,P002,Smartphone,Electronics,515.61,No,0.0,36,18561.79,14824.79,19257.67,19297.46857142857,7,0,28,2023
2023-07-11,P002,Smartphone,Electronics,551.13,No,0.0,32,17636.02,18561.79,16562.93,19198.057142857142,7,1,28,2023
2023-07-12,P002,Smartphone,Electronics,532.32,Yes,0.075,40,19687.05,17636.02,26687.36,19351.355714285717,7,2,28,2023
2023-07-13,P002,Smartphone,Electronics,519.05,No,0.0,30,15571.56,19687.05,20935.66,18351.31142857143,7,3,28,2023
2023-07-14,P002,Smartphone,Electronics,509.26,No,0.0,36,18333.53,15571.56,15704.9,17585.01142857143,7,4,28,2023
2023-07-15,P002,Smartphone,Electronics,495.43,No,0.0,33,16349.08,18333.53,21108.97,17960.53,7,5,28,2023
2023-07-16,P002,Smartphone,Electronics,528.29,No,0.0,39,20603.42,16349.08,14824.79,17280.545714285712,7,6,28,2023
2023-07-17,P002,Smartphone,Electronics,494.47,No,0.0,36,17801.0,20603.42,18561.79,18106.064285714285,7,0,29,2023
2023-07-18,P002,Smartphone,Electronics,511.89,No,0.0,30,15356.64,17801.0,17636.02,17997.38,7,1,29,2023
2023-07-19,P002,Smartphone,Electronics,480.17,No,0.0,34,16325.85,15356.64,19687.05,17671.754285714287,7,2,29,2023
2023-07-20,P002,Smartphone,Electronics,528.43,No,0.0,32,16909.71,16325.85,15571.56,17191.582857142857,7,3,29,2023
2023-07-21,P002,Smartphone,Electronics,523.2,No,0.0,30,15695.88,16909.71,18333.53,17382.74714285714,7,4,29,2023
2023-07-22,P002,Smartphone,Electronics,523.21,No,0.0,44,23021.2,15695.88,16349.08,17005.94,7,5,29,2023
2023-07-23,P002,Smartphone,Electronics,518.11,No,0.0,43,22278.61,23021.2,20603.42,17959.1,7,6,29,2023
2023-07-24,P002,Smartphone,Electronics,540.14,No,0.0,28,15123.83,22278.61,17801.0,18198.412857142856,7,0,30,2023
2023-07-25,P002,Smartphone,Electronics,524.29,No,0.0,36,18874.38,15123.83,15356.64,17815.96,7,1,30,2023
2023-07-26,P002,Smartphone,Electronics,504.29,No,0.0,29,14624.36,18874.38,16325.85,18318.494285714285,7,2,30,2023
2023-07-27,P002,Smartphone,Electronics,527.05,No,0.0,29,15284.35,14624.36,16909.71,18075.424285714285,7,3,30,2023
2023-07-28,P002,Smartphone,Electronics,522.52,Yes,0.14,46,20675.82,15284.35,15695.88,17843.23,7,4,30,2023
2023-07-29,P002,Smartphone,Electronics,504.45,Yes,0.124,54,23849.46,20675.82,23021.2,18554.649999999998,7,5,30,2023
2023-07-30,P002,Smartphone,Electronics,537.57,No,,34,18277.33,23849.46,22278.61,18672.972857142857,7,6,30,2023
2023-07-31,P002,Smartphone,Electronics,510.58,No,0.0,29,14806.92,18277.33,15123.83,18101.36142857143,7,0,31,2023
2023-08-01,P002,Smartphone,Electronics,533.13,No,0.0,21,11195.64,14806.92,18874.38,18056.088571428572,8,1,31,2023
2023-08-02,P002,Smartphone,Electronics,528.5,No,0.0,42,22197.19,11195.64,14624.36,16959.125714285714,8,2,31,2023
2023-08-03,P002,Smartphone,Electronics,516.44,No,0.0,30,15493.19,22197.19,15284.35,18040.95857142857,8,3,31,2023
2023-08-04,P002,Smartphone,Electronics,533.32,Yes,0.114,46,21741.17,15493.19,20675.82,18070.792857142857,8,4,31,2023
2023-08-05,P002,Smartphone,Electronics,505.04,No,0.0,30,15151.25,21741.17,23849.46,18222.985714285714,8,5,31,2023
2023-08-06,P002,Smartphone,Electronics,520.72,No,0.0,34,17704.38,15151.25,18277.33,16980.384285714284,8,6,31,2023
2023-08-07,P002,Smartphone,Electronics,485.41,Yes,0.235,64,23755.32,17704.38,14806.92,16898.534285714286,8,0,32,2023
2023-08-08,P002,Smartphone,Electronics,522.82,No,0.0,27,14116.13,23755.32,11195.64,18176.87714285714,8,1,32,2023
2023-08-09,P002,Smartphone,Electronics,522.44,No,0.0,30,15673.25,14116.13,22197.19,18594.09,8,2,32,2023
2023-08-10,P002,Smartphone,Electronics,498.18,No,0.0,41,20425.51,15673.25,15493.19,17662.09857142857,8,3,32,2023
2023-08-11,P002,Smartphone,Electronics,504.35,No,0.0,21,10591.33,20425.51,21741.17,18366.715714285714,8,4,32,2023
2023-08-12,P002,Smartphone,Electronics,538.09,No,0.0,24,12914.19,10591.33,15151.25,16773.88142857143,8,5,32,2023
2023-08-13,P002,Smartphone,Electronics,514.59,No,0.0,31,15952.35,12914.19,17704.38,16454.301428571427,8,6,32,2023
2023-08-14,P002,Smartphone,Electronics,535.19,No,0.0,30,16055.74,15952.35,23755.32,16204.011428571426,8,0,33,2023
2023-08-15,P002,Smartphone,Electronics,493.41,No,0.0,32,15789.07,16055.74,14116.13,15104.07142857143,8,1,33,2023
2023-08-16,P002,Smartphone,Electronics,544.34,Yes,0.197,44,19242.91,15789.07,15673.25,15343.062857142857,8,2,33,2023
2023-08-17,P002,Smartphone,Electronics,493.88,No,0.0,25,12346.92,19242.91,20425.51,15853.014285714284,8,3,33,2023
2023-08-18,P002,Smartphone,Electronics,513.16,No,0.0,20,10263.2,12346.92,10591.33,14698.929999999998,8,4,33,2023
2023-08-19,P002,Smartphone,Electronics,503.37,Yes,0.068,43,20179.69,10263.2,12914.19,14652.054285714286,8,5,33,2023
2023-08-20,P002,Smartphone,Electronics,507.71,No,0.0,34,17262.25,20179.69,15952.35,15689.982857142857,8,6,33,2023
2023-08-21,P002,Smartphone,Electronics,533.53,No,0.0,37,19740.75,17262.25,16055.74,15877.111428571428,8,0,34,2023
2023-08-22,P002,Smartphone,Electronics,543.14,No,0.0,27,14664.68,19740.75,15789.07,16403.54142857143,8,1,34,2023
2023-08-23,P002,Smartphone,Electronics,528.92,No,0.0,21,11107.37,14664.68,19242.91,16242.914285714285,8,2,34,2023
2023-08-24,P002,Smartphone,Electronics,517.09,No,0.0,40,20683.67,11107.37,12346.92,15080.694285714286,8,3,34,2023
2023-08-25,P002,Smartphone,Electronics,564.04,No,0.0,39,21997.64,20683.67,10263.2,16271.658571428574,8,4,34,2023
2023-08-26,P002,Smartphone,Electronics,495.02,No,0.0,42,20790.88,21997.64,20179.69,17948.007142857143,8,5,34,2023
2023-08-27,P002,Smartphone,Electronics,540.06,No,0.0,29,15661.75,20790.88,17262.25,18035.32,8,6,34,2023
2023-08-28,P002,Smartphone,Electronics,504.54,No,0.0,29,14631.63,15661.75,19740.75,17806.67714285714,8,0,35,2023
2023-08-29,P002,Smartphone,Electronics,514.38,No,0.0,21,10801.98,14631.63,14664.68,17076.802857142855,8,1,35,2023
2023-08-30,P002,Smartphone,Electronics,522.2,No,0.0,32,16710.26,10801.98,11107.37,16524.98857142857,8,2,35,2023
2023-08-31,P002,Smartphone,Electronics,548.25,No,0.0,28,15351.07,16710.26,20683.67,17325.40142857143,8,3,35,2023
2023-09-01,P002,Smartphone,Electronics,509.86,No,0.0,29,14786.05,15351.07,21997.64,16563.601428571426,9,4,35,2023
2023-09-02,P002,Smartphone,Electronics,518.08,No,0.0,40,20723.29,14786.05,20790.88,15533.374285714288,9,5,35,2023
2023-09-03,P002,Smartphone,Electronics,521.07,No,0.0,32,16674.36,20723.29,15661.75,15523.718571428572,9,6,35,2023
2023-09-04,P002,Smartphone,Electronics,487.13,No,0.0,29,14126.77,16674.36,14631.63,15668.377142857144,9,0,36,2023
2023-09-05,P002,Smartphone,Electronics,509.08,No,0.0,30,15272.41,14126.77,10801.98,15596.254285714285,9,1,36,2023
2023-09-06,P002,Smartphone,Electronics,505.34,No,0.0,29,14654.81,15272.41,16710.26,16234.887142857144,9,2,36,2023
2023-09-07,P002,Smartphone,Electronics,534.36,No,0.0,24,12824.58,14654.81,15351.07,15941.25142857143,9,3,36,2023
2023-09-08,P002,Smartphone,Electronics,525.56,No,0.0,33,17343.49,12824.58,14786.05,15580.324285714287,9,4,36,2023
2023-09-09,P002,Smartphone,Electronics,536.78,No,0.0,30,16103.43,17343.49,20723.29,15945.672857142856,9,5,36,2023
2023-09-10,P002,Smartphone,Electronics,517.93,No,0.0,33,17091.61,16103.43,16674.36,15285.692857142858,9,6,36,2023
2023-09-11,P002,Smartphone,Electronics,555.47,No,0.0,31,17219.54,17091.61,14126.77,15345.300000000001,9,0,37,2023
2023-09-12,P002,Smartphone,Electronics,530.82,No,0.0,41,21763.46,17219.54,15272.41,15787.124285714284,9,1,37,2023
2023-09-13,P002,Smartphone,Electronics,501.24,Yes,0.24,54,20581.51,21763.46,14654.81,16714.417142857143,9,2,37,2023
2023-09-14,P002,Smartphone,Electronics,535.03,No,0.0,31,16585.79,20581.51,12824.58,17561.088571428572,9,3,37,2023
2023-09-15,P002,Smartphone,Electronics,510.15,Yes,0.225,44,17390.39,16585.79,17343.49,18098.404285714285,9,4,37,2023
2023-09-16,P002,Smartphone,Electronics,496.16,No,0.0,46,22823.35,17390.39,16103.43,18105.104285714286,9,5,37,2023
2023-09-17,P002,Smartphone,Electronics,558.1,No,0.0,17,9487.65,22823.35,17091.61,19065.092857142856,9,6,37,2023
2023-09-18,P002,Smartphone,Electronics,502.9,No,0.0,31,15589.94,9487.65,17219.54,17978.812857142857,9,0,38,2023
2023-09-19,P002,Smartphone,Electronics,523.84,No,0.0,27,14143.7,15589.94,21763.46,17746.012857142858,9,1,38,2023
2023-09-20,P002,Smartphone,Electronics,488.33,No,0.0,28,13673.19,14143.7,20581.51,16657.475714285716,9,2,38,2023
2023-09-21,P002,Smartphone,Electronics,515.69,Yes,0.109,42,19302.08,13673.19,16585.79,15670.572857142859,9,3,38,2023
2023-09-22,P002,Smartphone,Electronics,538.01,No,0.0,24,12912.13,19302.08,17390.39,16058.614285714284,9,4,38,2023
2023-09-23,P002,Smartphone,Electronics,499.11,No,0.0,30,14973.23,12912.13,22823.35,15418.862857142856,9,5,38,2023
2023-09-24,P002,Smartphone,Electronics,505.74,No,0.0,32,16183.74,14973.23,9487.65,14297.417142857143,9,6,38,2023
2023-09-25,P002,Smartphone,Electronics,542.63,No,0.0,25,13565.72,16183.74,15589.94,15254.001428571428,9,0,39,2023
2023-09-26,P002,Smartphone,Electronics,551.32,No,0.0,21,11577.62,13565.72,14143.7,14964.827142857144,9,1,39,2023
2023-09-27,P002,Smartphone,Electronics,484.36,Yes,0.064,47,21298.78,11577.62,13673.19,14598.244285714285,9,2,39,2023
2023-09-28,P002,Smartphone,Electronics,525.93,No,0.0,32,16829.83,21298.78,19302.08,15687.614285714284,9,3,39,2023
2023-09-29,P002,Smartphone,Electronics,515.2,Yes,0.103,44,20326.42,16829.83,12912.13,15334.435714285715,9,4,39,2023
2023-09-30,P002,Smartphone,Electronics,482.38,No,0.0,32,15436.26,20326.42,14973.23,16393.62,9,5,39,2023
2023-10-01,P002,Smartphone,Electronics,540.81,No,0.0,34,18387.68,15436.26,16183.74,16459.767142857145,10,6,39,2023
2023-10-02,P002,Smartphone,Electronics,513.12,No,0.0,23,11801.73,18387.68,13565.72,16774.615714285716,10,0,40,2023
2023-10-03,P002,Smartphone,Electronics,535.88,No,0.0,27,14468.64,11801.73,11577.62,16522.617142857143,10,1,40,2023
2023-10-04,P002,Smartphone,Electronics,538.22,No,0.0,15,8073.31,14468.64,21298.78,16935.62,10,2,40,2023
2023-10-05,P002,Smartphone,Electronics,521.8,No,0.0,28,14610.5,8073.31,16829.83,15046.267142857143,10,3,40,2023
2023-10-06,P002,Smartphone,Electronics,528.64,No,0.0,28,14801.99,14610.5,20326.42,14729.220000000001,10,4,40,2023
2023-10-07,P002,Smartphone,Electronics,499.5,No,0.0,25,12487.56,14801.99,15436.26,13940.015714285715,10,5,40,2023
2023-10-08,P002,Smartphone,Electronics,567.54,Yes,0.064,55,29215.28,12487.56,18387.68,13518.772857142856,10,6,40,2023
2023-10-09,P002,Smartphone,Electronics,510.78,No,0.0,28,14301.82,29215.28,11801.73,15065.572857142857,10,0,41,2023
2023-10-10,P002,Smartphone,Electronics,480.72,No,0.0,26,12498.74,14301.82,14468.64,15422.728571428572,10,1,41,2023
2023-10-11,P002,Smartphone,Electronics,518.78,No,0.0,26,13488.33,12498.74,8073.31,15141.314285714285,10,2,41,2023
2023-10-12,P002,Smartphone,Electronics,554.31,No,0.0,24,13303.45,13488.33,14610.5,15914.888571428572,10,3,41,2023
2023-10-13,P002,Smartphone,Electronics,516.44,No,0.0,26,13427.51,13303.45,14801.99,15728.167142857144,10,4,41,2023
2023-10-14,P002,Smartphone,Electronics,533.83,No,0.0,28,14947.17,13427.51,12487.56,15531.812857142857,10,5,41,2023
2023-10-15,P002,Smartphone,Electronics,543.31,No,0.0,32,17385.79,14947.17,29215.28,15883.185714285715,10,6,41,2023
2023-10-16,P002,Smartphone,Electronics,545.33,No,0.0,36,19631.73,17385.79,14301.82,14193.25857142857,10,0,42,2023
2023-10-17,P002,Smartphone,Electronics,503.24,No,0.0,27,13587.52,19631.73,12498.74,14954.674285714285,10,1,42,2023
2023-10-18,P002,Smartphone,Electronics,521.75,No,0.0,22,11478.49,13587.52,13488.33,15110.214285714286,10,2,42,2023
2023-10-19,P002,Smartphone,Electronics,514.66,No,0.0,23,11837.19,11478.49,13303.45,14823.094285714285,10,3,42,2023
2023-10-20,P002,Smartphone,Electronics,548.24,No,0.0,28,15350.83,11837.19,13427.51,14613.628571428571,10,4,42,2023
2023-10-21,P002,Smartphone,Electronics,533.72,No,0.0,28,14944.14,15350.83,14947.17,14888.388571428572,10,5,42,2023
2023-10-22,P002,Smartphone,Electronics,523.56,No,0.0,27,14136.04,14944.14,17385.79,14887.955714285714,10,6,42,2023
2023-10-23,P002,Smartphone,Electronics,532.76,No,0.0,28,14917.33,14136.04,19631.73,14423.705714285712,10,0,43,2023
2023-10-24,P002,Smartphone,Electronics,520.81,No,0.0,33,17186.8,14917.33,13587.52,13750.22,10,1,43,2023
2023-10-25,P002,Smartphone,Electronics,554.65,No,0.0,21,11647.69,17186.8,11478.49,14264.402857142855,10,2,43,2023
2023-10-26,P002,Smartphone,Electronics,512.16,No,0.0,28,14340.38,11647.69,11837.19,14288.574285714287,10,3,43,2023
2023-10-27,P002,Smartphone,Electronics,526.96,No,0.0,34,17916.64,14340.38,15350.83,14646.172857142856,10,4,43,2023
2023-10-28,P002,Smartphone,Electronics,544.86,No,0.0,29,15801.07,17916.64,14944.14,15012.717142857142,10,5,43,2023
2023-10-29,P002,Smartphone,Electronics,517.85,No,0.0,38,19678.14,15801.07,14136.04,15135.135714285714,10,6,43,2023
2023-10-30,P002,Smartphone,Electronics,509.34,No,0.0,30,15280.07,19678.14,14917.33,15926.864285714286,10,0,44,2023
2023-10-31,P002,Smartphone,Electronics,515.23,No,0.0,28,14426.57,15280.07,17186.8,15978.684285714287,10,1,44,2023
2023-11-01,P002,Smartphone,Electronics,529.04,No,0.0,40,21161.71,14426.57,11647.69,15584.365714285714,11,2,44,2023
2023-11-02,P002,Smartphone,Electronics,495.98,Yes,0.155,56,23478.33,21161.71,14340.38,16943.511428571426,11,3,44,2023
2023-11-03,P002,Smartphone,Electronics,555.15,No,0.0,34,18875.27,23478.33,17916.64,18248.932857142856,11,4,44,2023
2023-11-04,P002,Smartphone,Electronics,516.38,No,0.0,30,15491.34,18875.27,15801.07,18385.88,11,5,44,2023
2023-11-05,P002,Smartphone,Electronics,528.99,No,0.0,40,21159.52,15491.34,19678.14,18341.632857142857,11,6,44,2023
2023-11-06,P002,Smartphone,Electronics,519.88,No,0.0,39,20275.36,21159.52,15280.07,18553.25857142857,11,0,45,2023
2023-11-07,P002,Smartphone,Electronics,540.64,No,0.0,33,17841.26,20275.36,14426.57,19266.87142857143,11,1,45,2023
2023-11-08,P002,Smartphone,Electronics,518.33,No,0.0,30,15549.82,17841.26,21161.71,19754.684285714287,11,2,45,2023
2023-11-09,P002,Smartphone,Electronics,497.95,No,0.0,40,19917.95,15549.82,23478.33,18952.985714285718,11,3,45,2023
2023-11-10,P002,Smartphone,Electronics,539.48,No,0.0,32,17263.22,19917.95,18875.27,18444.359999999997,11,4,45,2023
2023-11-11,P002,Smartphone,Electronics,546.77,No,0.0,41,22417.77,17263.22,15491.34,18214.067142857144,11,5,45,2023
2023-11-12,P002,Smartphone,Electronics,528.2,No,0.0,30,15845.94,22417.77,21159.52,19203.557142857146,11,6,45,2023
2023-11-13,P002,Smartphone,Electronics,490.51,No,0.0,37,18148.78,15845.94,20275.36,18444.47428571429,11,0,46,2023
2023-11-14,P002,Smartphone,Electronics,532.93,No,0.0,33,17586.73,18148.78,17841.26,18140.677142857145,11,1,46,2023
2023-11-15,P002,Smartphone,Electronics,498.53,No,0.0,35,17448.43,17586.73,15549.82,18104.315714285716,11,2,46,2023
2023-11-16,P002,Smartphone,Electronics,534.97,No,0.0,30,16049.19,17448.43,19917.95,18375.545714285716,11,3,46,2023
2023-11-17,P002,Smartphone,Electronics,498.15,No,0.0,38,18929.76,16049.19,17263.22,17822.865714285716,11,4,46,2023
2023-11-18,P002,Smartphone,Electronics,530.04,No,0.0,33,17491.3,18929.76,22417.77,18060.942857142858,11,5,46,2023
2023-11-19,P002,Smartphone,Electronics,504.96,No,0.0,45,22723.0,17491.3,15845.94,17357.161428571428,11,6,46,2023
2023-11-20,P002,Smartphone,Electronics,547.34,No,0.0,31,16967.48,22723.0,18148.78,18339.59857142857,11,0,47,2023
2023-11-21,P002,Smartphone,Electronics,531.27,No,0.0,39,20719.66,16967.48,17586.73,18170.841428571428,11,1,47,2023
2023-11-22,P002,Smartphone,Electronics,521.47,No,0.0,37,19294.3,20719.66,17448.43,18618.402857142857,11,2,47,2023
2023-11-23,P002,Smartphone,Electronics,528.01,No,0.0,37,19536.53,19294.3,16049.19,18882.09857142857,11,3,47,2023
2023-11-24,P002,Smartphone,Electronics,517.75,Yes,0.142,53,23536.84,19536.53,18929.76,19380.29,11,4,47,2023
2023-11-25,P002,Smartphone,Electronics,513.6,No,0.0,42,21571.07,23536.84,17491.3,20038.444285714282,11,5,47,2023
2023-11-26,P002,Smartphone,Electronics,508.54,No,0.0,34,17290.35,21571.07,22723.0,20621.268571428573,11,6,47,2023
2023-11-27,P002,Smartphone,Electronics,519.2,No,0.0,34,17652.92,17290.35,16967.48,19845.175714285713,11,0,48,2023
2023-11-28,P002,Smartphone,Electronics,545.74,No,0.0,29,15826.49,17652.92,20719.66,19943.09571428571,11,1,48,2023
2023-11-29,P002,Smartphone,Electronics,528.92,No,0.0,32,16925.58,15826.49,19294.3,19244.071428571428,11,2,48,2023
2023-11-30,P002,Smartphone,Electronics,521.53,No,0.0,29,15124.26,16925.58,19536.53,18905.682857142856,11,3,48,2023
2023-12-01,P002,Smartphone,Electronics,555.66,No,0.0,32,17781.16,15124.26,23536.84,18275.358571428573,12,4,48,2023
2023-12-02,P002,Smartphone,Electronics,516.74,Yes,0.133,61,27336.16,17781.16,21571.07,17453.11857142857,12,5,48,2023
2023-12-03,P002,Smartphone,Electronics,520.57,No,0.0,36,18740.47,27336.16,17290.35,18276.702857142856,12,6,48,2023
2023-12-04,P002,Smartphone,Electronics,494.03,No,0.0,45,22231.31,18740.47,17652.92,18483.862857142856,12,0,49,2023
2023-12-05,P002,Smartphone,Electronics,498.7,No,0.0,41,20446.8,22231.31,15826.49,19137.91857142857,12,1,49,2023
2023-12-06,P002,Smartphone,Electronics,497.09,No,0.0,46,22866.19,20446.8,16925.58,19797.96285714286,12,2,49,2023
2023-12-07,P002,Smartphone,Electronics,516.17,No,0.0,29,14968.87,22866.19,15124.26,20646.621428571427,12,3,49,2023
2023-12-08,P002,Smartphone,Electronics,511.01,No,0.0,36,18396.22,14968.87,17781.16,20624.422857142858,12,4,49,2023
2023-12-09,P002,Smartphone,Electronics,505.31,No,0.0,31,15664.46,18396.22,27336.16,20712.28857142857,12,5,49,2023
2023-12-10,P002,Smartphone,Electronics,492.89,No,0.0,44,21687.26,15664.46,18740.47,19044.902857142857,12,6,49,2023
2023-12-11,P002,Smartphone,Electronics,522.57,No,0.0,47,24560.59,21687.26,22231.31,19465.87285714286,12,0,50,2023
2023-12-12,P002,Smartphone,Electronics,504.75,No,0.0,48,24228.02,24560.59,20446.8,19798.627142857145,12,1,50,2023
2023-12-13,P002,Smartphone,Electronics,524.64,No,0.0,38,19936.42,24228.02,22866.19,20338.80142857143,12,2,50,2023
2023-12-14,P002,Smartphone,Electronics,531.86,No,0.0,32,17019.42,19936.42,14968.87,19920.262857142858,12,3,50,2023
2023-12-15,P002,Smartphone,Electronics,537.38,Yes,0.138,41,19001.87,17019.42,18396.22,20213.198571428573,12,4,50,2023
2023-12-16,P002,Smartphone,Electronics,545.2,No,0.0,44,23988.95,19001.87,15664.46,20299.72,12,5,50,2023
2023-12-17,P002,Smartphone,Electronics,539.6,Yes,0.051,48,24567.51,23988.95,21687.26,21488.932857142856,12,6,50,2023
2023-12-18,P002,Smartphone,Electronics,522.97,No,0.0,40,20918.67,24567.51,24560.59,21900.397142857142,12,0,51,2023
2023-12-19,P002,Smartphone,Electronics,533.15,Yes,0.248,48,19234.88,20918.67,24228.02,21380.122857142855,12,1,51,2023
2023-12-20,P002,Smartphone,Electronics,594.35,No,0.0,42,24962.89,19234.88,19936.42,20666.817142857144,12,2,51,2023
2023-12-21,P002,Smartphone,Electronics,495.89,Yes,0.17,82,33759.87,24962.89,17019.42,21384.884285714284,12,3,51,2023
2023-12-22,P002,Smartphone,Electronics,524.51,No,0.0,46,24127.42,33759.87,19001.87,23776.37714285714,12,4,51,2023
2023-12-23,P002,Smartphone,Electronics,522.34,No,0.0,43,22460.53,24127.42,23988.95,24508.59857142857,12,5,51,2023
2023-12-24,P002,Smartphone,Electronics,504.09,No,0.0,62,31253.83,22460.53,24567.51,24290.25285714286,12,6,51,2023
2023-12-25,P002,Smartphone,Electronics,513.79,No,0.0,48,24661.78,31253.83,20918.67,25245.441428571427,12,0,52,2023
2023-12-26,P002,Smartphone,Electronics,511.72,No,0.0,55,28144.6,24661.78,19234.88,25780.171428571426,12,1,52,2023
2023-12-27,P002,Smartphone,Electronics,546.93,No,0.0,40,21877.37,28144.6,24962.89,27052.988571428574,12,2,52,2023
2023-12-28,P002,Smartphone,Electronics,532.85,No,0.0,39,20781.15,21877.37,33759.87,26612.2,12,3,52,2023
2023-12-29,P002,Smartphone,Electronics,514.72,Yes,0.129,62,27794.93,20781.15,24127.42,24758.097142857143,12,4,52,2023
2023-12-30,P002,Smartphone,Electronics,507.2,Yes,0.119,76,33973.18,27794.93,22460.53,25282.027142857143,12,5,52,2023
2023-12-31,P002,Smartphone,Electronics,556.53,No,0.0,60,33392.09,33973.18,31253.83,26926.691428571423,12,6,52,2023
2024-01-01,P002,Smartphone,Electronics,525.04,No,0.0,38,19951.57,33392.09,24661.78,27232.15714285714,1,0,1,2024
2024-01-02,P002,Smartphone,Electronics,522.36,No,0.0,51,26640.44,19951.57,28144.6,26559.269999999997,1,1,1,2024
2024-01-03,P002,Smartphone,Electronics,514.96,No,0.0,50,25748.07,26640.44,21877.37,26344.389999999996,1,2,1,2024
2024-01-04,P002,Smartphone,Electronics,522.42,Yes,0.158,54,23742.67,25748.07,20781.15,26897.347142857143,1,3,1,2024
2024-01-05,P002,Smartphone,Electronics,525.81,No,0.0,19,9990.38,23742.67,27794.93,27320.421428571426,1,4,1,2024
2024-01-06,P002,Smartphone,Electronics,560.28,No,0.0,41,22971.56,9990.38,33973.18,24776.914285714283,1,5,1,2024
2024-01-07,P002,Smartphone,Electronics,529.13,Yes,0.241,62,24902.14,22971.56,33392.09,23205.25428571428,1,6,1,2024
2024-01-08,P002,Smartphone,Electronics,527.31,No,0.0,32,16873.95,24902.14,19951.57,21992.404285714285,1,0,2,2024
2024-01-09,P002,Smartphone,Electronics,508.26,No,0.0,28,14231.33,16873.95,26640.44,21552.744285714285,1,1,2,2024
2024-01-10,P002,Smartphone,Electronics,517.28,No,0.0,34,17587.36,14231.33,25748.07,19780.014285714286,1,2,2,2024
2024-01-11,P002,Smartphone,Electronics,520.37,No,0.0,27,14049.9,17587.36,23742.67,18614.19857142857,1,3,2,2024
2024-01-12,P002,Smartphone,Electronics,487.31,No,0.0,38,18517.84,14049.9,9990.38,17229.51714285714,1,4,2,2024
2024-01-13,P002,Smartphone,Electronics,540.66,No,0.0,36,19463.61,18517.84,22971.56,18447.725714285716,1,5,2,2024
2024-01-14,P002,Smartphone,Electronics,526.17,Yes,0.158,52,23034.81,19463.61,24902.14,17946.59,1,6,2,2024
2024-01-15,P002,Smartphone,Electronics,541.62,No,0.0,25,13540.46,23034.81,16873.95,17679.82857142857,1,0,3,2024
2024-01-16,P002,Smartphone,Electronics,549.97,No,0.0,32,17599.09,13540.46,14231.33,17203.615714285716,1,1,3,2024
2024-01-17,P002,Smartphone,Electronics,535.53,No,0.0,33,17672.38,17599.09,17587.36,17684.724285714285,1,2,3,2024
2024-01-18,P002,Smartphone,Electronics,531.62,No,0.0,26,13822.06,17672.38,14049.9,17696.87,1,3,3,2024
2024-01-19,P002,Smartphone,Electronics,540.22,Yes,0.235,50,20654.53,13822.06,18517.84,17664.321428571428,1,4,3,2024
2024-01-20,P002,Smartphone,Electronics,521.23,No,0.0,40,20849.02,20654.53,19463.61,17969.562857142857,1,5,3,2024
2024-01-21,P002,Smartphone,Electronics,487.76,No,0.0,40,19510.28,20849.02,23034.81,18167.47857142857,1,6,3,2024
2024-01-22,P002,Smartphone,Electronics,530.71,No,0.0,38,20167.04,19510.28,13540.46,17663.97428571429,1,0,4,2024
2024-01-23,P002,Smartphone,Electronics,541.32,No,0.0,38,20570.16,20167.04,17599.09,18610.62857142857,1,1,4,2024
2024-01-24,P002,Smartphone,Electronics,517.35,No,0.0,31,16037.95,20570.16,17672.38,19035.067142857144,1,2,4,2024
2024-01-25,P002,Smartphone,Electronics,518.2,No,0.0,41,21246.39,16037.95,13822.06,18801.577142857142,1,3,4,2024
2024-01-26,P002,Smartphone,Electronics,534.33,No,0.0,31,16564.3,21246.39,20654.53,19862.195714285714,1,4,4,2024
2024-01-27,P002,Smartphone,Electronics,551.17,No,0.0,31,17086.4,16564.3,20849.02,19277.877142857145,1,5,4,2024
2024-01-28,P002,Smartphone,Electronics,526.75,No,0.0,34,17909.39,17086.4,19510.28,18740.359999999997,1,6,4,2024
2024-01-29,P002,Smartphone,Electronics,544.77,No,0.0,36,19611.56,17909.39,20167.04,18511.661428571428,1,0,5,2024
2024-01-30,P002,Smartphone,Electronics,527.78,Yes,0.081,40,19403.16,19611.56,20570.16,18432.307142857146,1,1,5,2024
2024-01-31,P002,Smartphone,Electronics,519.12,Yes,0.063,42,20439.55,19403.16,16037.95,18265.592857142856,1,2,5,2024
2024-02-01,P002,Smartphone,Electronics,541.33,No,0.0,48,25983.75,20439.55,21246.39,18894.39285714286,2,3,5,2024
2024-02-02,P002,Smartphone,Electronics,533.25,No,0.0,40,21329.84,25983.75,16564.3,19571.158571428572,2,4,5,2024
2024-02-03,P002,Smartphone,Electronics,523.67,No,0.0,40,20946.62,21329.84,17086.4,20251.95,2,5,5,2024
2024-02-04,P002,Smartphone,Electronics,535.89,No,0.0,37,19827.95,20946.62,17909.39,20803.41,2,6,5,2024
2024-02-05,P002,Smartphone,Electronics,557.69,No,0.0,30,16730.63,19827.95,19611.56,21077.489999999998,2,0,6,2024
2024-02-06,P002,Smartphone,Electronics,518.84,No,0.0,30,15565.24,16730.63,19403.16,20665.928571428572,2,1,6,2024
2024-02-07,P002,Smartphone,Electronics,519.54,No,0.0,37,19222.94,15565.24,20439.55,20117.654285714285,2,2,6,2024
2024-02-08,P002,Smartphone,Electronics,500.08,No,0.0,38,19002.93,19222.94,25983.75,19943.852857142858,2,3,6,2024
2024-02-09,P002,Smartphone,Electronics,521.93,No,0.0,37,19311.49,19002.93,21329.84,18946.592857142856,2,4,6,2024
2024-02-10,P002,Smartphone,Electronics,514.41,Yes,0.061,45,21731.71,19311.49,20946.62,18658.257142857143,2,5,6,2024
2024-02-11,P002,Smartphone,Electronics,522.35,No,0.0,31,16192.83,21731.71,19827.95,18770.412857142856,2,6,6,2024
2024-02-12,P002,Smartphone,Electronics,542.51,No,0.0,30,16275.42,16192.83,16730.63,18251.11,2,0,7,2024
2024-02-13,P002,Smartphone,Electronics,514.31,No,0.0,25,12857.67,16275.42,15565.24,18186.079999999998,2,1,7,2024
2024-02-14,P002,Smartphone,Electronics,538.12,No,0.0,27,14529.33,12857.67,19222.94,17799.284285714286,2,2,7,2024
2024-02-15,P002,Smartphone,Electronics,511.43,No,0.0,40,20457.24,14529.33,19002.93,17128.768571428573,2,3,7,2024
2024-02-16,P002,Smartphone,Electronics,492.26,No,0.0,29,14275.66,20457.24,19311.49,17336.527142857143,2,4,7,2024
2024-02-17,P002,Smartphone,Electronics,510.37,No,0.0,35,17863.0,14275.66,21731.71,16617.12285714286,2,5,7,2024
2024-02-18,P002,Smartphone,Electronics,511.32,No,0.0,33,16873.7,17863.0,16192.83,16064.449999999999,2,6,7,2024
2024-02-19,P002,Smartphone,Electronics,514.66,No,0.0,32,16469.05,16873.7,16275.42,16161.717142857142,2,0,8,2024
2024-02-20,P002,Smartphone,Electronics,490.07,No,0.0,41,20092.9,16469.05,12857.67,16189.378571428571,2,1,8,2024
2024-02-21,P002,Smartphone,Electronics,501.15,No,0.0,38,19043.61,20092.9,14529.33,17222.98285714286,2,2,8,2024
2024-02-22,P002,Smartphone,Electronics,512.87,No,0.0,34,17437.53,19043.61,20457.24,17867.88,2,3,8,2024
2024-02-23,P002,Smartphone,Electronics,523.42,No,0.0,40,20936.9,17437.53,14275.66,17436.492857142857,2,4,8,2024
2024-02-24,P002,Smartphone,Electronics,548.13,No,0.0,43,23569.75,20936.9,17863.0,18388.09857142857,2,5,8,2024
2024-02-25,P002,Smartphone,Electronics,524.24,No,0.0,45,23590.82,23569.75,16873.7,19203.34857142857,2,6,8,2024
2024-02-26,P002,Smartphone,Electronics,491.99,No,0.0,38,18695.79,23590.82,16469.05,20162.937142857143,2,0,9,2024
2024-02-27,P002,Smartphone,Electronics,525.53,No,0.0,31,16291.29,18695.79,20092.9,20481.04285714286,2,1,9,2024
2024-02-28,P002,Smartphone,Electronics,518.35,No,0.0,43,22289.19,16291.29,19043.61,19937.955714285716,2,2,9,2024
2024-02-29,P002,Smartphone,Electronics,494.69,Yes,0.192,61,24378.49,22289.19,17437.53,20401.609999999997,2,3,9,2024
2024-03-01,P002,Smartphone,Electronics,525.73,No,0.0,39,20503.32,24378.49,20936.9,21393.175714285717,3,4,9,2024
2024-03-02,P002,Smartphone,Electronics,527.76,Yes,0.128,67,30842.52,20503.32,23569.75,21331.235714285714,3,5,9,2024
2024-03-03,P002,Smartphone,Electronics,515.78,No,0.0,29,14957.59,30842.52,23590.82,22370.20285714286,3,6,9,2024
2024-03-04,P002,Smartphone,Electronics,539.19,No,0.0,32,17254.22,14957.59,18695.79,21136.884285714284,3,0,10,2024
2024-03-05,P002,Smartphone,Electronics,515.72,Yes,0.15,73,32018.94,17254.22,16291.29,20930.945714285714,3,1,10,2024
2024-03-06,P002,Smartphone,Electronics,562.46,Yes,0.051,44,23481.82,32018.94,22289.19,23177.752857142856,3,2,10,2024
2024-03-07,P002,Smartphone,Electronics,491.25,No,0.0,34,16702.63,23481.82,24378.49,23348.12857142857,3,3,10,2024
2024-03-08,P002,Smartphone,Electronics,544.56,No,0.0,41,22326.78,16702.63,20503.32,22251.577142857142,3,4,10,2024
2024-03-09,P002,Smartphone,Electronics,526.41,Yes,0.082,46,22238.45,22326.78,30842.52,22512.071428571428,3,5,10,2024
2024-03-10,P002,Smartphone,Electronics,510.85,No,0.0,44,22477.57,22238.45,14957.59,21282.91857142857,3,6,10,2024
2024-03-11,P002,Smartphone,Electronics,516.14,No,0.0,31,16000.44,22477.57,17254.22,22357.20142857143,3,0,11,2024
2024-03-12,P002,Smartphone,Electronics,525.39,No,0.0,36,18914.18,16000.44,32018.94,22178.09,3,1,11,2024
2024-03-13,P002,Smartphone,Electronics,502.49,Yes,0.207,60,23900.49,18914.18,23481.82,20305.981428571427,3,2,11,2024
2024-03-14,P002,Smartphone,Electronics,536.71,No,0.0,34,18248.16,23900.49,16702.63,20365.79142857143,3,3,11,2024
2024-03-15,P002,Smartphone,Electronics,547.76,No,0.0,35,19171.43,18248.16,22326.78,20586.58142857143,3,4,11,2024
2024-03-16,P002,Smartphone,Electronics,539.85,No,0.0,36,19434.57,19171.43,22238.45,20135.817142857144,3,5,11,2024
2024-03-17,P002,Smartphone,Electronics,535.19,No,0.0,38,20337.15,19434.57,22477.57,19735.262857142858,3,6,11,2024
2024-03-18,P002,Smartphone,Electronics,519.81,No,0.0,29,15074.62,20337.15,16000.44,19429.48857142857,3,0,12,2024
2024-03-19,P002,Smartphone,Electronics,519.07,No,0.0,41,21282.03,15074.62,18914.18,19297.22857142857,3,1,12,2024
2024-03-20,P002,Smartphone,Electronics,517.85,Yes,0.213,54,22012.85,21282.03,23900.49,19635.492857142857,3,2,12,2024
2024-03-21,P002,Smartphone,Electronics,520.57,No,0.0,42,21863.9,22012.85,18248.16,19365.829999999998,3,3,12,2024
2024-03-22,P002,Smartphone,Electronics,526.21,No,0.0,35,18417.38,21863.9,19171.43,19882.364285714284,3,4,12,2024
2024-03-23,P002,Smartphone,Electronics,511.01,No,0.0,41,20951.46,18417.38,19434.57,19774.64285714286,3,5,12,2024
2024-03-24,P002,Smartphone,Electronics,525.72,No,0.0,37,19451.74,20951.46,20337.15,19991.341428571428,3,6,12,2024
2024-03-25,P002,Smartphone,Electronics,517.79,No,0.0,34,17604.88,19451.74,15074.62,19864.854285714286,3,0,13,2024
2024-03-26,P002,Smartphone,Electronics,520.57,No,0.0,43,22384.55,17604.88,21282.03,20226.320000000003,3,1,13,2024
2024-03-27,P002,Smartphone,Electronics,510.49,Yes,0.085,51,23833.7,22384.55,22012.85,20383.82285714286,3,2,13,2024
2024-03-28,P002,Smartphone,Electronics,567.9,No,0.0,27,15333.2,23833.7,21863.9,20643.94428571429,3,3,13,2024
2024-03-29,P002,Smartphone,Electronics,522.79,No,0.0,37,19343.17,15333.2,18417.38,19710.987142857142,3,4,13,2024
2024-03-30,P002,Smartphone,Electronics,510.91,No,0.0,54,27589.23,19343.17,20951.46,19843.242857142857,3,5,13,2024
2024-03-31,P002,Smartphone,Electronics,534.72,Yes,0.097,59,28473.74,27589.23,19451.74,20791.495714285713,3,6,13,2024
2024-04-01,P002,Smartphone,Electronics,519.11,No,0.0,37,19207.07,28473.74,17604.88,22080.352857142858,4,0,14,2024
2024-04-02,P002,Smartphone,Electronics,528.51,No,0.0,29,15326.76,19207.07,22384.55,22309.237142857142,4,1,14,2024
2024-04-03,P002,Smartphone,Electronics,531.93,No,0.0,31,16489.84,15326.76,23833.7,21300.981428571427,4,2,14,2024
2024-04-04,P002,Smartphone,Electronics,493.63,No,0.0,39,19251.63,16489.84,15333.2,20251.858571428573,4,3,14,2024
2024-04-05,P002,Smartphone,Electronics,533.09,Yes,0.226,53,21861.46,19251.63,19343.17,20811.634285714284,4,4,14,2024
2024-04-06,P002,Smartphone,Electronics,520.61,No,0.0,54,28112.71,21861.46,27589.23,21171.390000000003,4,5,14,2024
2024-04-07,P002,Smartphone,Electronics,503.03,Yes,0.246,94,35661.32,28112.71,28473.74,21246.172857142858,4,6,14,2024
2024-04-08,P002,Smartphone,Electronics,500.19,No,0.0,40,20007.64,35661.32,19207.07,22272.97,4,0,15,2024
2024-04-09,P002,Smartphone,Electronics,516.83,No,0.0,38,19639.59,20007.64,15326.76,22387.33714285714,4,1,15,2024
2024-04-10,P002,Smartphone,Electronics,528.89,Yes,0.118,47,21912.6,19639.59,16489.84,23003.455714285716,4,2,15,2024
2024-04-11,P002,Smartphone,Electronics,530.47,No,0.0,36,19096.86,21912.6,19251.63,23778.135714285712,4,3,15,2024
2024-04-12,P002,Smartphone,Electronics,509.64,No,0.0,40,20385.6,19096.86,21861.46,23756.02571428571,4,4,15,2024
2024-04-13,P002,Smartphone,Electronics,543.21,Yes,0.149,62,28654.02,20385.6,28112.71,23545.18857142857,4,5,15,2024
2024-04-14,P002,Smartphone,Electronics,529.66,No,0.0,44,23304.87,28654.02,35661.32,23622.518571428573,4,6,15,2024
2024-04-15,P002,Smartphone,Electronics,497.7,No,0.0,39,19410.48,23304.87,20007.64,21857.31142857143,4,0,16,2024
2024-04-16,P002,Smartphone,Electronics,532.88,No,0.0,43,22914.04,19410.48,19639.59,21772.002857142856,4,1,16,2024
2024-04-17,P002,Smartphone,Electronics,520.19,No,0.0,38,19767.16,22914.04,21912.6,22239.781428571423,4,2,16,2024
2024-04-18,P002,Smartphone,Electronics,506.86,No,0.0,40,20274.41,19767.16,19096.86,21933.29,4,3,16,2024
2024-04-19,P002,Smartphone,Electronics,520.82,No,0.0,29,15103.9,20274.41,20385.6,22101.511428571426,4,4,16,2024
2024-04-20,P002,Smartphone,Electronics,551.56,No,0.0,48,26474.69,15103.9,28654.02,21346.982857142855,4,5,16,2024
2024-04-21,P002,Smartphone,Electronics,548.67,Yes,0.228,84,35573.4,26474.69,23304.87,21035.649999999998,4,6,16,2024
2024-04-22,P002,Smartphone,Electronics,504.56,No,0.0,34,17154.89,35573.4,19410.48,22788.297142857144,4,0,17,2024
2024-04-23,P002,Smartphone,Electronics,545.31,No,0.0,38,20721.96,17154.89,22914.04,22466.07,4,1,17,2024
2024-04-24,P002,Smartphone,Electronics,505.28,No,0.0,35,17684.64,20721.96,19767.16,22152.915714285715,4,2,17,2024
2024-04-25,P002,Smartphone,Electronics,523.52,Yes,0.2,70,29312.12,17684.64,20274.41,21855.41285714286,4,3,17,2024
2024-04-26,P002,Smartphone,Electronics,514.32,No,0.0,36,18515.38,29312.12,15103.9,23146.514285714286,4,4,17,2024
2024-04-27,P002,Smartphone,Electronics,513.45,No,0.0,40,20538.1,18515.38,26474.69,23633.868571428575,4,5,17,2024
2024-04-28,P002,Smartphone,Electronics,530.75,No,0.0,44,23352.97,20538.1,35573.4,22785.784285714286,4,6,17,2024
2024-04-29,P002,Smartphone,Electronics,499.75,No,0.0,37,18490.65,23352.97,17154.89,21040.00857142857,4,0,18,2024
2024-04-30,P002,Smartphone,Electronics,508.28,Yes,0.222,74,29260.94,18490.65,20721.96,21230.83142857143,4,1,18,2024
2024-05-01,P002,Smartphone,Electronics,520.28,Yes,0.069,59,28564.22,29260.94,17684.64,22450.685714285715,5,2,18,2024
2024-05-02,P002,Smartphone,Electronics,509.0,No,0.0,32,16287.93,28564.22,29312.12,24004.911428571428,5,3,18,2024
2024-05-03,P002,Smartphone,Electronics,537.02,No,0.0,37,19869.64,16287.93,18515.38,22144.312857142857,5,4,18,2024
2024-05-04,P002,Smartphone,Electronics,494.49,No,0.0,59,29175.16,19869.64,20538.1,22337.778571428567,5,5,18,2024
2024-05-05,P002,Smartphone,Electronics,528.01,No,0.0,46,24288.39,29175.16,23352.97,23571.644285714283,5,6,18,2024
2024-05-06,P002,Smartphone,Electronics,510.51,Yes,0.058,44,21165.1,24288.39,18490.65,23705.27571428571,5,0,19,2024
2024-05-07,P002,Smartphone,Electronics,547.78,No,0.0,38,20815.57,21165.1,29260.94,24087.34,5,1,19,2024
2024-05-08,P002,Smartphone,Electronics,537.8,No,0.0,42,22587.6,20815.57,28564.22,22880.85857142857,5,2,19,2024
2024-05-09,P002,Smartphone,Electronics,517.97,No,0.0,38,19682.69,22587.6,16287.93,22027.05571428571,5,3,19,2024
2024-05-10,P002,Smartphone,Electronics,542.4,Yes,0.194,52,22741.37,19682.69,19869.64,22512.02142857143,5,4,19,2024
2024-05-11,P002,Smartphone,Electronics,512.86,No,0.0,40,20514.36,22741.37,29175.16,22922.268571428573,5,5,19,2024
2024-05-12,P002,Smartphone,Electronics,522.65,Yes,0.237,76,30313.53,20514.36,24288.39,21685.01142857143,5,6,19,2024
2024-05-13,P002,Smartphone,Electronics,503.74,No,0.0,35,17630.83,30313.53,21165.1,22545.74571428571,5,0,20,2024
2024-05-14,P002,Smartphone,Electronics,544.29,No,0.0,41,22315.79,17630.83,20815.57,22040.850000000002,5,1,20,2024
2024-05-15,P002,Smartphone,Electronics,535.4,No,0.0,31,16597.53,22315.79,22587.6,22255.167142857146,5,2,20,2024
2024-05-16,P002,Smartphone,Electronics,517.02,No,0.0,42,21714.72,16597.53,19682.69,21399.442857142858,5,3,20,2024
2024-05-17,P002,Smartphone,Electronics,513.15,Yes,0.227,70,27762.06,21714.72,22741.37,21689.73285714286,5,4,20,2024
2024-05-18,P002,Smartphone,Electronics,512.63,No,0.0,37,18967.41,27762.06,20514.36,22406.97428571429,5,5,20,2024
2024-05-19,P002,Smartphone,Electronics,516.29,No,0.0,41,21168.08,18967.41,30313.53,22185.98142857143,5,6,20,2024
2024-05-20,P002,Smartphone,Electronics,512.42,No,0.0,32,16397.52,21168.08,17630.83,20879.488571428574,5,0,21,2024
2024-05-21,P002,Smartphone,Electronics,531.61,No,0.0,36,19137.93,16397.52,22315.79,20703.30142857143,5,1,21,2024
2024-05-22,P002,Smartphone,Electronics,514.89,No,0.0,40,20595.7,19137.93,16597.53,20249.321428571428,5,2,21,2024
2024-05-23,P002,Smartphone,Electronics,535.12,No,0.0,31,16588.7,20595.7,21714.72,20820.48857142857,5,3,21,2024
2024-05-24,P002,Smartphone,Electronics,530.95,No,0.0,27,14335.64,16588.7,27762.06,20088.2,5,4,21,2024
2024-05-25,P002,Smartphone,Electronics,514.8,Yes,0.232,77,30458.5,14335.64,18967.41,18170.14,5,5,21,2024
2024-05-26,P002,Smartphone,Electronics,530.34,No,0.0,42,22274.33,30458.5,21168.08,19811.72428571429,5,6,21,2024
2024-05-27,P002,Smartphone,Electronics,514.81,No,0.0,29,14929.55,22274.33,16397.52,19969.760000000002,5,0,22,2024
2024-05-28,P002,Smartphone,Electronics,529.69,No,0.0,39,20658.05,14929.55,19137.93,19760.05,5,1,22,2024
2024-05-29,P002,Smartphone,Electronics,488.54,No,0.0,38,18564.65,20658.05,20595.7,19977.21,5,2,22,2024
2024-05-30,P002,Smartphone,Electronics,506.58,Yes,0.22,59,23325.48,18564.65,16588.7,19687.06,5,3,22,2024
2024-05-31,P002,Smartphone,Electronics,562.29,Yes,0.174,71,32970.56,23325.48,14335.64,20649.457142857143,5,4,22,2024
2024-06-01,P002,Smartphone,Electronics,492.63,No,0.0,43,21183.24,32970.56,30458.5,23311.588571428572,6,5,22,2024
2024-06-02,P002,Smartphone,Electronics,518.19,No,0.0,38,19691.12,21183.24,22274.33,21986.55142857143,6,6,22,2024
2024-06-03,P002,Smartphone,Electronics,532.77,Yes,0.134,61,28148.63,19691.12,14929.55,21617.52142857143,6,0,23,2024
2024-06-04,P002,Smartphone,Electronics,505.61,No,0.0,33,16685.13,28148.63,20658.05,23505.96142857143,6,1,23,2024
2024-06-05,P002,Smartphone,Electronics,513.82,Yes,0.11,39,17829.38,16685.13,18564.65,22938.40142857143,6,2,23,2024
2024-06-06,P002,Smartphone,Electronics,510.11,No,0.0,44,22444.63,17829.38,23325.48,22833.362857142853,6,3,23,2024
2024-06-07,P002,Smartphone,Electronics,508.41,No,0.0,36,18302.87,22444.63,32970.56,22707.527142857143,6,4,23,2024
2024-06-08,P002,Smartphone,Electronics,509.19,Yes,0.128,61,27089.07,18302.87,21183.24,20612.14285714286,6,5,23,2024
2024-06-09,P002,Smartphone,Electronics,512.68,No,0.0,40,20507.35,27089.07,19691.12,21455.83285714286,6,6,23,2024
2024-06-10,P002,Smartphone,Electronics,520.6,No,0.0,47,24468.26,20507.35,28148.63,21572.437142857143,6,0,24,2024
2024-06-11,P002,Smartphone,Electronics,522.81,No,0.0,40,20912.51,24468.26,16685.13,21046.670000000002,6,1,24,2024
2024-06-12,P002,Smartphone,Electronics,538.75,No,0.0,36,19394.85,20912.51,17829.38,21650.58142857143,6,2,24,2024
2024-06-13,P002,Smartphone,Electronics,527.48,No,0.0,36,18989.18,19394.85,22444.63,21874.219999999998,6,3,24,2024
2024-06-14,P002,Smartphone,Electronics,537.11,Yes,0.099,59,28537.44,18989.18,18302.87,21380.584285714285,6,4,24,2024
2024-06-15,P002,Smartphone,Electronics,519.24,No,0.0,43,22327.38,28537.44,27089.07,22842.66571428571,6,5,24,2024
2024-06-16,P002,Smartphone,Electronics,491.17,No,0.0,41,20138.04,22327.38,20507.35,22162.42428571428,6,6,24,2024
2024-06-17,P002,Smartphone,Electronics,502.22,No,0.0,51,25613.23,20138.04,24468.26,22109.665714285715,6,0,25,2024
2024-06-18,P002,Smartphone,Electronics,516.42,Yes,0.131,57,25576.05,25613.23,20912.51,22273.23285714286,6,1,25,2024
2024-06-19,P002,Smartphone,Electronics,528.98,No,0.0,55,29093.64,25576.05,19394.85,22939.452857142856,6,2,25,2024
2024-06-20,P002,Smartphone,Electronics,537.2,No,0.0,30,16115.87,29093.64,18989.18,24324.99428571429,6,3,25,2024
2024-06-21,P002,Smartphone,Electronics,526.71,No,0.0,34,17908.1,16115.87,28537.44,23914.52142857143,6,4,25,2024
2024-06-22,P002,Smartphone,Electronics,532.76,Yes,0.216,72,30090.77,17908.1,22327.38,22396.044285714284,6,5,25,2024
2024-06-23,P002,Smartphone,Electronics,498.69,No,0.0,52,25931.9,30090.77,20138.04,23505.100000000002,6,6,25,2024
2024-06-24,P002,Smartphone,Electronics,519.84,Yes,0.065,48,23334.15,25931.9,25613.23,24332.794285714284,6,0,26,2024
2024-06-25,P002,Smartphone,Electronics,536.54,No,0.0,28,15023.09,23334.15,25576.05,24007.211428571427,6,1,26,2024
2024-06-26,P002,Smartphone,Electronics,549.29,No,0.0,41,22521.09,15023.09,29093.64,22499.645714285718,6,2,26,2024
2024-06-27,P002,Smartphone,Electronics,533.83,Yes,0.204,56,23799.68,22521.09,16115.87,21560.71,6,3,26,2024
2024-06-28,P002,Smartphone,Electronics,532.19,No,0.0,31,16497.84,23799.68,17908.1,22658.397142857142,6,4,26,2024
2024-06-29,P002,Smartphone,Electronics,509.19,No,0.0,57,29023.8,16497.84,30090.77,22456.93142857143,6,5,26,2024
2024-06-30,P002,Smartphone,Electronics,516.99,Yes,0.07,53,25490.72,29023.8,25931.9,22304.507142857143,6,6,26,2024
2024-07-01,P002,Smartphone,Electronics,508.03,No,0.0,49,24893.48,25490.72,23334.15,22241.481428571427,7,0,27,2024
2024-07-02,P002,Smartphone,Electronics,536.06,No,0.0,41,21978.65,24893.48,15023.09,22464.242857142857,7,1,27,2024
2024-07-03,P002,Smartphone,Electronics,516.18,No,0.0,25,12904.6,21978.65,22521.09,23457.894285714283,7,2,27,2024
2024-07-04,P002,Smartphone,Electronics,507.44,No,0.0,49,24864.66,12904.6,23799.68,22084.109999999997,7,3,27,2024
2024-07-05,P002,Smartphone,Electronics,520.38,No,0.0,30,15611.47,24864.66,16497.84,22236.25,7,4,27,2024
2024-07-06,P002,Smartphone,Electronics,506.35,No,0.0,51,25823.95,15611.47,29023.8,22109.625714285714,7,5,27,2024
2024-07-07,P002,Smartphone,Electronics,525.82,No,0.0,43,22610.45,25823.95,25490.72,21652.504285714287,7,6,27,2024
2024-07-08,P002,Smartphone,Electronics,572.41,No,0.0,27,15455.1,22610.45,24893.48,21241.037142857145,7,0,28,2024
2024-07-09,P002,Smartphone,Electronics,500.96,No,0.0,38,19036.6,15455.1,21978.65,19892.697142857145,7,1,28,2024
2024-07-10,P002,Smartphone,Electronics,493.89,No,0.0,33,16298.44,19036.6,12904.6,19472.40428571429,7,2,28,2024
2024-07-11,P002,Smartphone,Electronics,548.34,No,0.0,34,18643.47,16298.44,24864.66,19957.238571428574,7,3,28,2024
2024-07-12,P002,Smartphone,Electronics,531.95,No,0.0,33,17554.42,18643.47,15611.47,19068.497142857144,7,4,28,2024
2024-07-13,P002,Smartphone,Electronics,510.18,No,0.0,34,17346.27,17554.42,25823.95,19346.06142857143,7,5,28,2024
2024-07-14,P002,Smartphone,Electronics,495.15,No,0.0,38,18815.86,17346.27,22610.45,18134.964285714286,7,6,28,2024
2024-07-15,P002,Smartphone,Electronics,543.95,No,0.0,39,21213.94,18815.86,15455.1,17592.88,7,0,29,2024
2024-07-16,P002,Smartphone,Electronics,516.77,No,0.0,39,20153.88,21213.94,19036.6,18415.571428571428,7,1,29,2024
2024-07-17,P002,Smartphone,Electronics,516.7,No,0.0,31,16017.55,20153.88,16298.44,18575.182857142856,7,2,29,2024
2024-07-18,P002,Smartphone,Electronics,503.48,No,0.0,41,20642.88,16017.55,18643.47,18535.055714285718,7,3,29,2024
2024-07-19,P002,Smartphone,Electronics,531.83,No,0.0,36,19145.97,20642.88,17554.42,18820.685714285715,7,4,29,2024
2024-07-20,P002,Smartphone,Electronics,489.35,No,0.0,42,20552.91,19145.97,17346.27,19048.05,7,5,29,2024
2024-07-21,P002,Smartphone,Electronics,522.94,Yes,0.204,70,29120.76,20552.91,18815.86,19506.141428571427,7,6,29,2024
2024-07-22,P002,Smartphone,Electronics,510.6,No,0.0,49,25019.61,29120.76,21213.94,20978.27,7,0,30,2024
2024-07-23,P002,Smartphone,Electronics,528.55,No,0.0,32,16913.58,25019.61,20153.88,21521.937142857143,7,1,30,2024
2024-07-24,P002,Smartphone,Electronics,523.11,No,0.0,57,29817.49,16913.58,16017.55,21059.037142857145,7,2,30,2024
2024-07-25,P002,Smartphone,Electronics,494.25,No,0.0,38,18781.44,29817.49,20642.88,23030.457142857143,7,3,30,2024
2024-07-26,P002,Smartphone,Electronics,532.14,No,0.0,34,18092.83,18781.44,19145.97,22764.537142857145,7,4,30,2024
2024-07-27,P002,Smartphone,Electronics,524.84,No,0.0,56,29391.13,18092.83,20552.91,22614.088571428572,7,5,30,2024
2024-07-28,P002,Smartphone,Electronics,521.61,Yes,0.086,62,29568.66,29391.13,29120.76,23876.691428571427,7,6,30,2024
2024-07-29,P002,Smartphone,Electronics,500.4,No,0.0,44,22017.74,29568.66,25019.61,23940.67714285714,7,0,31,2024
2024-07-30,P002,Smartphone,Electronics,510.5,No,0.0,47,23993.62,22017.74,16913.58,23511.838571428572,7,1,31,2024
2024-07-31,P002,Smartphone,Electronics,520.07,No,0.0,34,17682.45,23993.62,29817.49,24523.272857142856,7,2,31,2024
2024-08-01,P002,Smartphone,Electronics,475.21,No,0.0,34,16157.06,17682.45,18781.44,22789.695714285714,8,3,31,2024
2024-08-02,P002,Smartphone,Electronics,532.38,No,0.0,33,17568.59,16157.06,18092.83,22414.784285714286,8,4,31,2024
2024-08-03,P002,Smartphone,Electronics,507.53,No,0.0,42,21316.24,17568.59,29391.13,22339.89285714286,8,5,31,2024
2024-08-04,P002,Smartphone,Electronics,501.97,No,0.0,49,24596.57,21316.24,29568.66,21186.337142857144,8,6,31,2024
2024-08-05,P002,Smartphone,Electronics,492.99,No,0.0,30,14789.77,24596.57,22017.74,20476.038571428573,8,0,32,2024
2024-08-06,P002,Smartphone,Electronics,502.4,No,0.0,31,15574.37,14789.77,23993.62,19443.471428571425,8,1,32,2024
2024-08-07,P002,Smartphone,Electronics,542.5,No,0.0,28,15189.95,15574.37,17682.45,18240.72142857143,8,2,32,2024
2024-08-08,P002,Smartphone,Electronics,532.68,No,0.0,32,17045.65,15189.95,16157.06,17884.65,8,3,32,2024
2024-08-09,P002,Smartphone,Electronics,498.68,No,0.0,40,19947.11,17045.65,17568.59,18011.591428571428,8,4,32,2024
2024-08-10,P002,Smartphone,Electronics,502.94,No,0.0,40,20117.41,19947.11,21316.24,18351.38,8,5,32,2024
2024-08-11,P002,Smartphone,Electronics,516.47,Yes,0.094,59,27597.53,20117.41,24596.57,18180.11857142857,8,6,32,2024
2024-08-12,P002,Smartphone,Electronics,550.33,No,0.0,40,22013.02,27597.53,14789.77,18608.827142857142,8,0,33,2024
2024-08-13,P002,Smartphone,Electronics,523.21,No,0.0,30,15696.21,22013.02,15574.37,19640.72,8,1,33,2024
2024-08-14,P002,Smartphone,Electronics,496.63,No,0.0,39,19368.68,15696.21,15189.95,19658.125714285714,8,2,33,2024
2024-08-15,P002,Smartphone,Electronics,514.87,No,0.0,33,16990.76,19368.68,17045.65,20255.08714285714,8,3,33,2024
2024-08-16,P002,Smartphone,Electronics,544.22,No,0.0,29,15782.4,16990.76,19947.11,20247.245714285713,8,4,33,2024
2024-08-17,P002,Smartphone,Electronics,539.15,No,0.0,36,19409.44,15782.4,20117.41,19652.287142857145,8,5,33,2024
2024-08-18,P002,Smartphone,Electronics,505.82,No,0.0,24,12139.66,19409.44,27597.53,19551.14857142857,8,6,33,2024
2024-08-19,P002,Smartphone,Electronics,509.65,No,0.0,35,17837.62,12139.66,22013.02,17342.88142857143,8,0,34,2024
2024-08-20,P002,Smartphone,Electronics,532.41,No,0.0,24,12777.83,17837.62,15696.21,16746.395714285714,8,1,34,2024
2024-08-21,P002,Smartphone,Electronics,498.92,No,0.0,35,17462.3,12777.83,19368.68,16329.484285714285,8,2,34,2024
2024-08-22,P002,Smartphone,Electronics,503.48,No,0.0,28,14097.35,17462.3,16990.76,16057.144285714283,8,3,34,2024
2024-08-23,P002,Smartphone,Electronics,551.67,No,0.0,32,17653.55,14097.35,15782.4,15643.8,8,4,34,2024
2024-08-24,P002,Smartphone,Electronics,517.42,Yes,0.055,54,26405.46,17653.55,19409.44,15911.107142857143,8,5,34,2024
2024-08-25,P002,Smartphone,Electronics,498.48,No,0.0,39,19440.73,26405.46,12139.66,16910.53857142857,8,6,34,2024
2024-08-26,P002,Smartphone,Electronics,498.64,No,0.0,28,13961.86,19440.73,17837.62,17953.54857142857,8,0,35,2024
2024-08-27,P002,Smartphone,Electronics,522.19,No,0.0,35,18276.51,13961.86,12777.83,17399.86857142857,8,1,35,2024
2024-08-28,P002,Smartphone,Electronics,508.01,No,0.0,44,22352.33,18276.51,17462.3,18185.394285714287,8,2,35,2024
2024-08-29,P002,Smartphone,Electronics,516.63,No,0.0,32,16532.1,22352.33,14097.35,18883.969999999998,8,3,35,2024
2024-08-30,P002,Smartphone,Electronics,483.21,Yes,0.203,47,18090.08,16532.1,17653.55,19231.79142857143,8,4,35,2024
2024-08-31,P002,Smartphone,Electronics,533.48,No,0.0,39,20805.86,18090.08,26405.46,19294.152857142857,8,5,35,2024
2024-09-01,P002,Smartphone,Electronics,543.41,Yes,0.22,70,29659.65,20805.86,19440.73,18494.21,9,6,35,2024
2024-09-02,P002,Smartphone,Electronics,517.39,Yes,0.089,53,24982.99,29659.65,13961.86,19954.055714285718,9,0,36,2024
2024-09-03,P002,Smartphone,Electronics,544.83,No,0.0,44,23972.72,24982.99,18276.51,21528.502857142856,9,1,36,2024
2024-09-04,P002,Smartphone,Electronics,501.97,No,0.0,29,14557.08,23972.72,22352.33,22342.247142857144,9,2,36,2024
2024-09-05,P002,Smartphone,Electronics,524.43,No,0.0,19,9964.13,14557.08,16532.1,21228.640000000003,9,3,36,2024
2024-09-06,P002,Smartphone,Electronics,534.36,No,0.0,25,13359.01,9964.13,18090.08,20290.358571428573,9,4,36,2024
2024-09-07,P002,Smartphone,Electronics,527.6,No,0.0,41,21631.64,13359.01,20805.86,19614.49142857143,9,5,36,2024
2024-09-08,P002,Smartphone,Electronics,539.48,No,0.0,39,21039.54,21631.64,29659.65,19732.46,9,6,36,2024
2024-09-09,P002,Smartphone,Electronics,534.39,No,0.0,23,12291.08,21039.54,24982.99,18501.015714285713,9,0,37,2024
2024-09-10,P002,Smartphone,Electronics,523.19,Yes,0.174,50,21601.51,12291.08,23972.72,16687.885714285712,9,1,37,2024
2024-09-11,P002,Smartphone,Electronics,529.34,Yes,0.18,53,23018.53,21601.51,14557.08,16349.141428571427,9,2,37,2024
2024-09-12,P002,Smartphone,Electronics,497.85,No,0.0,37,18420.48,23018.53,9964.13,17557.92,9,3,37,2024
2024-09-13,P002,Smartphone,Electronics,537.84,No,0.0,28,15059.39,18420.48,13359.01,18765.97,9,4,37,2024
2024-09-14,P002,Smartphone,Electronics,521.21,No,0.0,36,18763.55,15059.39,21631.64,19008.881428571425,9,5,37,2024
2024-09-15,P002,Smartphone,Electronics,509.12,No,0.0,35,17819.28,18763.55,21039.54,18599.154285714285,9,6,37,2024
2024-09-16,P002,Smartphone,Electronics,532.5,No,0.0,37,19702.49,17819.28,12291.08,18139.117142857143,9,0,38,2024
2024-09-17,P002,Smartphone,Electronics,534.01,No,0.0,30,16020.2,19702.49,21601.51,19197.889999999996,9,1,38,2024
2024-09-18,P002,Smartphone,Electronics,533.48,Yes,0.215,52,21787.18,16020.2,23018.53,18400.56,9,2,38,2024
2024-09-19,P002,Smartphone,Electronics,517.4,No,0.0,41,21213.39,21787.18,18420.48,18224.652857142857,9,3,38,2024
2024-09-20,P002,Smartphone,Electronics,513.71,No,0.0,31,15924.87,21213.39,15059.39,18623.640000000003,9,4,38,2024
2024-09-21,P002,Smartphone,Electronics,496.87,No,0.0,44,21862.45,15924.87,18763.55,18747.28,9,5,38,2024
2024-09-22,P002,Smartphone,Electronics,515.55,No,0.0,31,15982.07,21862.45,17819.28,19189.98,9,6,38,2024
2024-09-23,P002,Smartphone,Electronics,519.09,Yes,0.087,52,24655.79,15982.07,19702.49,18927.52142857143,9,0,39,2024
2024-09-24,P002,Smartphone,Electronics,494.45,No,0.0,35,17305.9,24655.79,16020.2,19635.135714285716,9,1,39,2024
2024-09-25,P002,Smartphone,Electronics,508.18,No,0.0,35,17786.41,17305.9,21787.18,19818.807142857142,9,2,39,2024
2024-09-26,P002,Smartphone,Electronics,532.92,No,0.0,25,13323.06,17786.41,21213.39,19247.268571428573,9,3,39,2024
2024-09-27,P002,Smartphone,Electronics,520.72,No,0.0,29,15100.86,13323.06,15924.87,18120.07857142857,9,4,39,2024
2024-09-28,P002,Smartphone,Electronics,500.21,No,0.0,33,16506.97,15100.86,21862.45,18002.362857142856,9,5,39,2024
2024-09-29,P002,Smartphone,Electronics,517.0,Yes,0.187,52,21861.62,16506.97,15982.07,17237.294285714284,9,6,39,2024
2024-09-30,P002,Smartphone,Electronics,491.34,No,0.0,33,16214.32,21861.62,24655.79,18077.23,9,0,40,2024
2024-10-01,P002,Smartphone,Electronics,515.5,No,0.0,34,17526.9,16214.32,17305.9,16871.305714285714,10,1,40,2024
2024-10-02,P002,Smartphone,Electronics,526.12,No,0.0,25,13153.11,17526.9,17786.41,16902.87714285714,10,2,40,2024
2024-10-03,P002,Smartphone,Electronics,540.86,Yes,0.057,35,17849.47,13153.11,13323.06,16240.977142857144,10,3,40,2024
2024-10-04,P002,Smartphone,Electronics,502.87,No,0.0,32,16091.89,17849.47,15100.86,16887.607142857145,10,4,40,2024
2024-10-05,P002,Smartphone,Electronics,499.49,No,0.0,39,19480.19,16091.89,16506.97,17029.18285714286,10,5,40,2024
2024-10-06,P002,Smartphone,Electronics,506.03,No,0.0,45,22771.38,19480.19,21861.62,17453.928571428572,10,6,40,2024
2024-10-07,P002,Smartphone,Electronics,534.24,No,0.0,25,13356.03,22771.38,16214.32,17583.894285714287,10,0,41,2024
2024-10-08,P002,Smartphone,Electronics,516.37,No,0.0,34,17556.65,13356.03,17526.9,17175.567142857144,10,1,41,2024
2024-10-09,P002,Smartphone,Electronics,528.01,No,0.0,35,18480.23,17556.65,13153.11,17179.817142857144,10,2,41,2024
2024-10-10,P002,Smartphone,Electronics,493.68,No,0.0,43,21228.06,18480.23,17849.47,17940.834285714285,10,3,41,2024
2024-10-11,P002,Smartphone,Electronics,520.61,No,0.0,34,17700.73,21228.06,16091.89,18423.489999999998,10,4,41,2024
2024-10-12,P002,Smartphone,Electronics,548.75,No,0.0,37,20303.79,17700.73,19480.19,18653.324285714287,10,5,41,2024
2024-10-13,P002,Smartphone,Electronics,519.39,No,0.0,40,20775.52,20303.79,22771.38,18770.98142857143,10,6,41,2024
2024-10-14,P002,Smartphone,Electronics,537.38,No,0.0,35,18808.42,20775.52,13356.03,18485.858571428573,10,0,42,2024
2024-10-15,P002,Smartphone,Electronics,536.07,No,0.0,26,13937.9,18808.42,17556.65,19264.771428571432,10,1,42,2024
2024-10-16,P002,Smartphone,Electronics,499.84,No,0.0,33,16494.8,13937.9,18480.23,18747.807142857142,10,2,42,2024
2024-10-17,P002,Smartphone,Electronics,521.9,Yes,0.126,45,20516.24,16494.8,21228.06,18464.174285714285,10,3,42,2024
2024-10-18,P002,Smartphone,Electronics,501.72,No,0.0,20,10034.42,20516.24,17700.73,18362.485714285714,10,4,42,2024
2024-10-19,P002,Smartphone,Electronics,499.63,Yes,0.197,61,24459.57,10034.42,20303.79,17267.29857142857,10,5,42,2024
2024-10-20,P002,Smartphone,Electronics,507.76,No,0.0,40,20310.23,24459.57,20775.52,17860.981428571427,10,6,42,2024
2024-10-21,P002,Smartphone,Electronics,505.72,Yes,0.198,55,22303.23,20310.23,18808.42,17794.51142857143,10,0,43,2024
2024-10-22,P002,Smartphone,Electronics,517.07,No,0.0,26,13443.94,22303.23,13937.9,18293.77,10,1,43,2024
2024-10-23,P002,Smartphone,Electronics,521.59,Yes,0.151,46,20379.99,13443.94,16494.8,18223.204285714288,10,2,43,2024
2024-10-24,P002,Smartphone,Electronics,526.83,No,0.0,36,18965.72,20379.99,20516.24,18778.231428571427,10,3,43,2024
2024-10-25,P002,Smartphone,Electronics,530.65,No,0.0,34,18041.98,18965.72,10034.42,18556.72857142857,10,4,43,2024
2024-10-26,P002,Smartphone,Electronics,525.15,Yes,0.161,51,22475.28,18041.98,24459.57,19700.665714285715,10,5,43,2024
2024-10-27,P002,Smartphone,Electronics,518.37,No,0.0,34,17624.55,22475.28,20310.23,19417.195714285714,10,6,43,2024
2024-10-28,P002,Smartphone,Electronics,525.04,No,0.0,26,13651.05,17624.55,22303.23,19033.527142857143,10,0,44,2024
2024-10-29,P002,Smartphone,Electronics,556.19,No,0.0,21,11679.93,13651.05,13443.94,17797.501428571428,10,1,44,2024
2024-10-30,P002,Smartphone,Electronics,521.24,No,0.0,31,16158.52,11679.93,20379.99,17545.5,10,2,44,2024
2024-10-31,P002,Smartphone,Electronics,528.76,Yes,0.211,58,24187.45,16158.52,18965.72,16942.432857142856,10,3,44,2024
2024-11-01,P002,Smartphone,Electronics,525.14,No,0.0,27,14178.71,24187.45,18041.98,17688.394285714287,11,4,44,2024
2024-11-02,P002,Smartphone,Electronics,514.23,No,0.0,40,20569.15,14178.71,22475.28,17136.49857142857,11,5,44,2024
2024-11-03,P002,Smartphone,Electronics,508.93,No,0.0,53,26973.21,20569.15,17624.55,16864.194285714286,11,6,44,2024
2024-11-04,P002,Smartphone,Electronics,526.71,No,0.0,35,18435.01,26973.21,13651.05,18199.717142857142,11,0,45,2024
2024-11-05,P002,Smartphone,Electronics,560.92,No,0.0,36,20192.97,18435.01,11679.93,18883.140000000003,11,1,45,2024
2024-11-06,P002,Smartphone,Electronics,504.96,No,0.0,35,17673.63,20192.97,16158.52,20099.28857142857,11,2,45,2024
2024-11-07,P002,Smartphone,Electronics,566.43,No,0.0,34,19258.5,17673.63,24187.45,20315.73285714286,11,3,45,2024
2024-11-08,P002,Smartphone,Electronics,503.01,No,0.0,34,17102.25,19258.5,14178.71,19611.597142857143,11,4,45,2024
2024-11-09,P002,Smartphone,Electronics,530.45,No,0.0,41,21748.25,17102.25,20569.15,20029.245714285713,11,5,45,2024
2024-11-10,P002,Smartphone,Electronics,498.97,No,0.0,45,22453.6,21748.25,26973.21,20197.68857142857,11,6,45,2024
2024-11-11,P002,Smartphone,Electronics,481.69,No,0.0,30,14450.8,22453.6,18435.01,19552.03,11,0,46,2024
2024-11-12,P002,Smartphone,Electronics,505.74,No,0.0,45,22758.2,14450.8,20192.97,18982.85714285714,11,1,46,2024
2024-11-13,P002,Smartphone,Electronics,537.32,No,0.0,34,18268.84,22758.2,17673.63,19349.31857142857,11,2,46,2024
2024-11-14,P002,Smartphone,Electronics,529.77,Yes,0.124,68,31558.52,18268.84,19258.5,19434.34857142857,11,3,46,2024
2024-11-15,P002,Smartphone,Electronics,511.07,No,0.0,44,22487.1,31558.52,17102.25,21191.494285714285,11,4,46,2024
2024-11-16,P002,Smartphone,Electronics,509.44,No,0.0,44,22415.18,22487.1,21748.25,21960.75857142857,11,5,46,2024
2024-11-17,P002,Smartphone,Electronics,504.88,No,0.0,45,22719.57,22415.18,22453.6,22056.034285714286,11,6,46,2024
2024-11-18,P002,Smartphone,Electronics,500.95,Yes,0.066,76,35545.04,22719.57,14450.8,22094.03,11,0,47,2024
2024-11-19,P002,Smartphone,Electronics,535.56,No,0.0,39,20886.93,35545.04,22758.2,25107.492857142857,11,1,47,2024
2024-11-20,P002,Smartphone,Electronics,515.39,No,0.0,33,17007.77,20886.93,18268.84,24840.16857142857,11,2,47,2024
2024-11-21,P002,Smartphone,Electronics,526.8,Yes,0.212,68,28237.5,17007.77,31558.52,24660.015714285717,11,3,47,2024
2024-11-22,P002,Smartphone,Electronics,520.6,No,0.0,37,19262.14,28237.5,22487.1,24185.58428571429,11,4,47,2024
2024-11-23,P002,Smartphone,Electronics,520.44,No,0.0,47,24460.88,19262.14,22415.18,23724.875714285714,11,5,47,2024
2024-11-24,P002,Smartphone,Electronics,519.4,No,0.0,42,21814.99,24460.88,22719.57,24017.118571428575,11,6,47,2024
2024-11-25,P002,Smartphone,Electronics,524.72,No,0.0,35,18365.27,21814.99,35545.04,23887.89285714286,11,0,48,2024
2024-11-26,P002,Smartphone,Electronics,506.74,No,0.0,32,16215.75,18365.27,20886.93,21433.640000000003,11,1,48,2024
2024-11-27,P002,Smartphone,Electronics,539.07,No,0.0,30,16172.04,16215.75,17007.77,20766.328571428574,11,2,48,2024
2024-11-28,P002,Smartphone,Electronics,515.82,No,0.0,33,17022.14,16172.04,28237.5,20646.93857142857,11,3,48,2024
2024-11-29,P002,Smartphone,Electronics,506.03,No,,36,18217.0,17022.14,19262.14,19044.74428571429,11,4,48,2024
2024-11-30,P002,Smartphone,Electronics,511.01,No,0.0,53,27083.66,18217.0,24460.88,18895.43857142857,11,5,48,2024
2024-12-01,P002,Smartphone,Electronics,530.36,No,0.0,37,19623.44,27083.66,21814.99,19270.12142857143,12,6,48,2024
2024-12-02,P002,Smartphone,Electronics,504.12,No,0.0,41,20668.98,19623.44,18365.27,18957.042857142857,12,0,49,2024
2024-12-03,P002,Smartphone,Electronics,551.31,No,0.0,30,16539.27,20668.98,16215.75,19286.144285714287,12,1,49,2024
2024-12-04,P002,Smartphone,Electronics,535.85,No,0.0,47,25184.83,16539.27,16172.04,19332.36142857143,12,2,49,2024
2024-12-05,P002,Smartphone,Electronics,541.3,No,0.0,31,16780.38,25184.83,17022.14,20619.902857142857,12,3,49,2024
2024-12-06,P002,Smartphone,Electronics,506.9,No,0.0,45,22810.58,16780.38,18217.0,20585.365714285716,12,4,49,2024
2024-12-07,P002,Smartphone,Electronics,525.35,Yes,0.208,73,30382.62,22810.58,27083.66,21241.59142857143,12,5,49,2024
2024-12-08,P002,Smartphone,Electronics,527.05,No,0.0,43,22663.28,30382.62,19623.44,21712.87142857143,12,6,49,2024
2024-12-09,P002,Smartphone,Electronics,522.24,No,0.0,39,20367.28,22663.28,20668.98,22147.134285714284,12,0,50,2024
2024-12-10,P002,Smartphone,Electronics,532.26,Yes,0.215,60,25084.16,20367.28,16539.27,22104.03428571429,12,1,50,2024
2024-12-11,P002,Smartphone,Electronics,537.9,No,0.0,34,18288.73,25084.16,25184.83,23324.73285714286,12,2,50,2024
2024-12-12,P002,Smartphone,Electronics,543.09,Yes,0.204,60,25941.99,18288.73,16780.38,22339.575714285715,12,3,50,2024
2024-12-13,P002,Smartphone,Electronics,496.76,No,0.0,41,20367.12,25941.99,22810.58,23648.377142857145,12,4,50,2024
2024-12-14,P002,Smartphone,Electronics,540.21,No,0.0,45,24309.25,20367.12,30382.62,23299.31142857143,12,5,50,2024
2024-12-15,P002,Smartphone,Electronics,514.69,No,0.0,44,22646.17,24309.25,22663.28,22431.687142857143,12,6,50,2024
2024-12-16,P002,Smartphone,Electronics,542.31,Yes,0.135,61,28598.67,22646.17,20367.28,22429.242857142854,12,0,51,2024
2024-12-17,P002,Smartphone,Electronics,512.48,No,0.0,45,23061.46,28598.67,25084.16,23605.155714285713,12,1,51,2024
2024-12-18,P002,Smartphone,Electronics,502.13,Yes,0.212,72,28483.76,23061.46,18288.73,23316.19857142857,12,2,51,2024
2024-12-19,P002,Smartphone,Electronics,531.66,No,0.0,35,18608.1,28483.76,25941.99,24772.63142857143,12,3,51,2024
2024-12-20,P002,Smartphone,Electronics,533.12,No,0.0,51,27189.24,18608.1,20367.12,23724.932857142852,12,4,51,2024
2024-12-21,P002,Smartphone,Electronics,527.0,Yes,0.097,86,40930.07,27189.24,24309.25,24699.52142857143,12,5,51,2024
2024-12-22,P002,Smartphone,Electronics,513.07,No,0.0,58,29757.81,40930.07,22646.17,27073.92428571428,12,6,51,2024
2024-12-23,P002,Smartphone,Electronics,506.58,No,0.0,55,27862.02,29757.81,28598.67,28089.87285714286,12,0,52,2024
2024-12-24,P002,Smartphone,Electronics,516.65,Yes,0.216,83,33631.18,27862.02,23061.46,27984.63714285714,12,1,52,2024
2024-12-25,P002,Smartphone,Electronics,518.71,No,0.0,51,26454.03,33631.18,28483.76,29494.597142857143,12,2,52,2024
2024-12-26,P002,Smartphone,Electronics,493.75,No,0.0,47,23206.35,26454.03,18608.1,29204.635714285712,12,3,52,2024
2024-12-27,P002,Smartphone,Electronics,530.42,No,0.0,47,24929.95,23206.35,27189.24,29861.528571428575,12,4,52,2024
2024-12-28,P002,Smartphone,Electronics,536.01,No,0.0,55,29480.31,24929.95,40930.07,29538.772857142856,12,5,52,2024
2024-12-29,P002,Smartphone,Electronics,527.5,No,0.0,71,37452.23,29480.31,29757.81,27903.09285714286,12,6,52,2024
2024-12-30,P002,Smartphone,Electronics,521.95,Yes,0.143,87,38918.0,37452.23,27862.02,29002.295714285716,12,0,1,2024
2024-12-31,P002,Smartphone,Electronics,502.47,No,0.0,63,31655.76,38918.0,33631.18,30581.721428571425,12,1,1,2024
2025-01-01,P002,Smartphone,Electronics,498.41,No,0.0,56,27911.11,31655.76,26454.03,30299.518571428573,1,2,1,2025
2025-01-02,P002,Smartphone,Electronics,516.5,Yes,0.052,61,29864.5,27911.11,23206.35,30507.67285714286,1,3,1,2025
2025-01-03,P002,Smartphone,Electronics,523.87,Yes,,79,32460.94,29864.5,24929.95,31458.837142857144,1,4,1,2025
2025-01-04,P002,Smartphone,Electronics,514.92,No,0.0,35,18022.35,32460.94,29480.31,32534.692857142854,1,5,1,2025
2025-01-05,P002,Smartphone,Electronics,533.56,No,0.0,36,19208.27,18022.35,37452.23,30897.841428571428,1,6,1,2025
2025-01-06,P002,Smartphone,Electronics,527.14,No,0.0,37,19504.03,19208.27,38918.0,28291.56142857143,1,0,2,2025
2025-01-07,P002,Smartphone,Electronics,529.84,No,0.0,32,16954.86,19504.03,31655.76,25518.13714285714,1,1,2,2025
2025-01-08,P002,Smartphone,Electronics,534.72,No,0.0,30,16041.63,16954.86,27911.11,23418.00857142857,1,2,2,2025
2025-01-09,P002,Smartphone,Electronics,498.69,No,0.0,36,17952.8,16041.63,29864.5,21722.36857142857,1,3,2,2025
2025-01-10,P002,Smartphone,Electronics,499.42,No,0.0,34,16980.44,17952.8,32460.94,20020.697142857145,1,4,2,2025
2025-01-11,P002,Smartphone,Electronics,499.15,No,0.0,44,21962.44,16980.44,18022.35,17809.19714285714,1,5,2,2025
2025-01-12,P002,Smartphone,Electronics,508.44,No,0.0,43,21862.89,21962.44,19208.27,18372.067142857144,1,6,2,2025
2025-01-13,P002,Smartphone,Electronics,536.87,No,0.0,43,23085.52,21862.89,19504.03,18751.29857142857,1,0,3,2025
2025-01-14,P002,Smartphone,Electronics,523.94,No,0.0,29,15194.21,23085.52,16954.86,19262.94,1,1,3,2025
2025-01-15,P002,Smartphone,Electronics,518.95,No,0.0,39,20239.12,15194.21,16041.63,19011.41857142857,1,2,3,2025
2025-01-16,P002,Smartphone,Electronics,533.9,Yes,0.057,44,22154.87,20239.12,17952.8,19611.059999999998,1,3,3,2025
2025-01-17,P002,Smartphone,Electronics,523.98,Yes,0.155,54,23920.71,22154.87,16980.44,20211.355714285713,1,4,3,2025
2025-01-18,P002,Smartphone,Electronics,538.6,No,0.0,54,29084.3,23920.71,21962.44,21202.82285714286,1,5,3,2025
2025-01-19,P002,Smartphone,Electronics,517.2,No,0.0,38,19653.52,29084.3,21862.89,22220.231428571427,1,6,3,2025
2025-01-20,P002,Smartphone,Electronics,551.72,Yes,0.153,51,23821.86,19653.52,23085.52,21904.607142857138,1,0,4,2025
2025-01-21,P002,Smartphone,Electronics,493.58,Yes,0.057,43,20019.72,23821.86,15194.21,22009.79857142857,1,1,4,2025
2025-01-22,P002,Smartphone,Electronics,549.98,No,0.0,41,22549.06,20019.72,20239.12,22699.157142857144,1,2,4,2025
2025-01-23,P002,Smartphone,Electronics,515.1,Yes,0.054,36,17536.18,22549.06,22154.87,23029.148571428574,1,3,4,2025
2025-01-24,P002,Smartphone,Electronics,492.35,No,0.0,44,21663.59,17536.18,23920.71,22369.335714285717,1,4,4,2025
2025-01-25,P002,Smartphone,Electronics,524.68,No,0.0,47,24660.08,21663.59,29084.3,22046.889999999996,1,5,4,2025
2025-01-26,P002,Smartphone,Electronics,509.55,No,0.0,48,24458.41,24660.08,19653.52,21414.858571428573,1,6,4,2025
2025-01-27,P002,Smartphone,Electronics,496.45,No,0.0,30,14893.59,24458.41,23821.86,22101.27142857143,1,0,5,2025
2025-01-28,P002,Smartphone,Electronics,535.08,No,0.0,39,20868.19,14893.59,20019.72,20825.804285714286,1,1,5,2025
2025-01-29,P002,Smartphone,Electronics,524.91,No,0.0,34,17846.9,20868.19,22549.06,20947.014285714286,1,2,5,2025
2025-01-30,P002,Smartphone,Electronics,497.59,Yes,0.098,58,26023.53,17846.9,17536.18,20275.277142857143,1,3,5,2025
2025-01-31,P002,Smartphone,Electronics,531.54,No,0.0,39,20729.88,26023.53,21663.59,21487.755714285715,1,4,5,2025
2025-02-01,P002,Smartphone,Electronics,522.36,Yes,0.167,65,28296.24,20729.88,24660.08,21354.36857142857,2,5,5,2025
2025-02-02,P002,Smartphone,Electronics,556.28,No,0.0,41,22807.4,28296.24,24458.41,21873.82,2,6,5,2025
2025-02-03,P002,Smartphone,Electronics,490.59,Yes,0.072,81,36864.51,22807.4,14893.59,21637.961428571427,2,0,6,2025
2025-02-04,P002,Smartphone,Electronics,512.23,No,0.0,36,18440.36,36864.51,20868.19,24776.664285714283,2,1,6,2025
2025-02-05,P002,Smartphone,Electronics,490.68,Yes,0.131,66,28145.73,18440.36,17846.9,24429.83142857143,2,2,6,2025
2025-02-06,P002,Smartphone,Electronics,509.42,No,0.0,45,22923.97,28145.73,26023.53,25901.092857142856,2,3,6,2025
2025-02-07,P002,Smartphone,Electronics,537.78,No,0.0,52,27964.38,22923.97,20729.88,25458.29857142857,2,4,6,2025
2025-02-08,P002,Smartphone,Electronics,501.91,No,0.0,48,24091.74,27964.38,28296.24,26491.79857142857,2,5,6,2025
2025-02-09,P002,Smartphone,Electronics,533.43,No,0.0,44,23470.75,24091.74,22807.4,25891.155714285716,2,6,6,2025
2025-02-10,P002,Smartphone,Electronics,516.03,Yes,0.135,55,24548.46,23470.75,36864.51,25985.920000000002,2,0,7,2025
2025-02-11,P002,Smartphone,Electronics,489.9,No,0.0,48,23515.0,24548.46,18440.36,24226.484285714287,2,1,7,2025
2025-02-12,P002,Smartphone,Electronics,525.66,No,0.0,47,24705.83,23515.0,28145.73,24951.432857142856,2,2,7,2025
2025-02-13,P002,Smartphone,Electronics,493.39,Yes,0.147,60,25240.69,24705.83,22923.97,24460.018571428573,2,3,7,2025
2025-02-14,P002,Smartphone,Electronics,520.37,Yes,0.213,64,26205.18,25240.69,27964.38,24790.97857142857,2,4,7,2025
2025-02-15,P002,Smartphone,Electronics,491.39,No,0.0,38,18672.75,26205.18,24091.74,24539.66428571429,2,5,7,2025
2025-02-16,P002,Smartphone,Electronics,523.09,No,0.0,48,25108.16,18672.75,23470.75,23765.522857142852,2,6,7,2025
2025-02-17,P002,Smartphone,Electronics,488.99,Yes,0.061,68,31218.74,25108.16,24548.46,23999.438571428567,2,0,8,2025
2025-02-18,P002,Smartphone,Electronics,516.98,No,0.0,26,13441.55,31218.74,23515.0,24952.335714285717,2,1,8,2025
2025-02-19,P002,Smartphone,Electronics,549.94,Yes,0.244,46,19136.36,13441.55,24705.83,23513.27142857143,2,2,8,2025
2025-02-20,P002,Smartphone,Electronics,505.61,No,0.0,48,24269.4,19136.36,25240.69,22717.63285714286,2,3,8,2025
2025-02-21,P002,Smartphone,Electronics,558.05,Yes,0.098,51,25660.95,24269.4,26205.18,22578.877142857145,2,4,8,2025
2025-02-22,P002,Smartphone,Electronics,509.68,No,0.0,44,22426.14,25660.95,18672.75,22501.130000000005,2,5,8,2025
2025-02-23,P002,Smartphone,Electronics,511.72,No,0.0,47,24050.96,22426.14,25108.16,23037.328571428574,2,6,8,2025
2025-02-24,P002,Smartphone,Electronics,509.84,No,0.0,42,21413.28,24050.96,31218.74,22886.3,2,0,9,2025
2025-02-25,P002,Smartphone,Electronics,561.6,No,0.0,36,20217.74,21413.28,13441.55,21485.519999999997,2,1,9,2025
2025-02-26,P002,Smartphone,Electronics,514.64,No,0.0,42,21614.97,20217.74,19136.36,22453.547142857144,2,2,9,2025
2025-02-27,P002,Smartphone,Electronics,530.01,No,0.0,44,23320.25,21614.97,24269.4,22807.634285714284,2,3,9,2025
2025-02-28,P002,Smartphone,Electronics,503.57,No,0.0,50,25178.45,23320.25,25660.95,22672.04142857143,2,4,9,2025
2025-03-01,P002,Smartphone,Electronics,512.99,No,0.0,36,18467.71,25178.45,22426.14,22603.11285714286,3,5,9,2025
2025-03-02,P002,Smartphone,Electronics,527.96,Yes,0.234,61,24667.13,18467.71,24050.96,22037.622857142855,3,6,9,2025
2025-03-03,P002,Smartphone,Electronics,544.5,No,0.0,28,15246.13,24667.13,21413.28,22125.647142857142,3,0,10,2025
2025-03-04,P002,Smartphone,Electronics,530.11,No,0.0,49,25975.37,15246.13,20217.74,21244.625714285714,3,1,10,2025
2025-03-05,P002,Smartphone,Electronics,520.77,No,0.0,29,15102.47,25975.37,21614.97,22067.144285714287,3,2,10,2025
2025-03-06,P002,Smartphone,Electronics,526.73,No,0.0,32,16855.3,15102.47,23320.25,21136.787142857145,3,3,10,2025
2025-03-07,P002,Smartphone,Electronics,528.49,Yes,0.092,59,28301.7,16855.3,25178.45,20213.222857142857,3,4,10,2025
2025-03-08,P002,Smartphone,Electronics,497.66,No,0.0,67,33343.24,28301.7,18467.71,20659.40142857143,3,5,10,2025
2025-03-09,P002,Smartphone,Electronics,519.5,No,0.0,53,27533.25,33343.24,24667.13,22784.477142857144,3,6,10,2025
2025-03-10,P002,Smartphone,Electronics,509.73,No,0.0,37,18859.89,27533.25,15246.13,23193.922857142858,3,0,11,2025
2025-03-11,P002,Smartphone,Electronics,507.17,No,0.0,43,21808.51,18859.89,25975.37,23710.17428571428,3,1,11,2025
2025-03-12,P002,Smartphone,Electronics,487.19,No,0.0,55,26795.19,21808.51,15102.47,23114.90857142857,3,2,11,2025
2025-03-13,P002,Smartphone,Electronics,484.83,No,0.0,46,22302.3,26795.19,16855.3,24785.29714285714,3,3,11,2025
2025-03-14,P002,Smartphone,Electronics,468.04,Yes,0.228,91,32868.24,22302.3,28301.7,25563.44,3,4,11,2025
2025-03-15,P002,Smartphone,Electronics,527.71,No,0.0,43,22691.58,32868.24,33343.24,26215.802857142855,3,5,11,2025
2025-03-16,P002,Smartphone,Electronics,504.04,No,0.0,39,19657.66,22691.58,27533.25,24694.13714285714,3,6,11,2025
2025-03-17,P002,Smartphone,Electronics,530.91,No,0.0,37,19643.68,19657.66,18859.89,23569.052857142855,3,0,12,2025
2025-03-18,P002,Smartphone,Electronics,544.43,No,0.0,50,27221.28,19643.68,21808.51,23681.022857142852,3,1,12,2025
2025-03-19,P002,Smartphone,Electronics,516.61,No,0.0,40,20664.56,27221.28,26795.19,24454.27571428571,3,2,12,2025
2025-03-20,P002,Smartphone,Electronics,521.83,Yes,0.139,56,25170.59,20664.56,22302.3,23578.471428571425,3,3,12,2025
2025-03-21,P002,Smartphone,Electronics,534.33,No,0.0,37,19770.37,25170.59,32868.24,23988.227142857144,3,4,12,2025
2025-03-22,P002,Smartphone,Electronics,505.43,No,0.0,56,28304.3,19770.37,22691.58,22117.102857142854,3,5,12,2025
2025-03-23,P002,Smartphone,Electronics,537.12,No,0.0,34,18262.02,28304.3,19657.66,22918.920000000002,3,6,12,2025
2025-03-24,P002,Smartphone,Electronics,516.36,No,0.0,47,24268.94,18262.02,19643.68,22719.542857142857,3,0,13,2025
2025-03-25,P002,Smartphone,Electronics,529.98,No,0.0,33,17489.32,24268.94,27221.28,23380.294285714284,3,1,13,2025
2025-03-26,P002,Smartphone,Electronics,517.03,No,0.0,52,26885.52,17489.32,20664.56,21990.014285714286,3,2,13,2025
2025-03-27,P002,Smartphone,Electronics,524.35,Yes,0.233,65,26139.68,26885.52,25170.59,22878.722857142857,3,3,13,2025
2025-03-28,P002,Smartphone,Electronics,531.51,No,0.0,38,20197.21,26139.68,19770.37,23017.16428571429,3,4,13,2025
2025-03-29,P002,Smartphone,Electronics,518.47,No,0.0,52,26960.4,20197.21,28304.3,23078.14142857143,3,5,13,2025
2025-03-30,P002,Smartphone,Electronics,540.08,No,0.0,51,27544.27,26960.4,18262.02,22886.155714285713,3,6,13,2025
2025-03-31,P002,Smartphone,Electronics,554.38,No,0.0,37,20512.18,27544.27,24268.94,24212.191428571427,3,0,14,2025
2025-04-01,P002,Smartphone,Electronics,538.02,No,0.0,37,19906.9,20512.18,17489.32,23675.51142857143,4,1,14,2025
2025-04-02,P002,Smartphone,Electronics,530.56,No,0.0,42,22283.61,19906.9,26885.52,24020.88,4,2,14,2025
2025-04-03,P002,Smartphone,Electronics,481.66,No,0.0,47,22637.79,22283.61,26139.68,23363.464285714286,4,3,14,2025
2025-04-04,P002,Smartphone,Electronics,523.54,No,0.0,40,20941.78,22637.79,20197.21,22863.19428571429,4,4,14,2025
2025-04-05,P002,Smartphone,Electronics,508.02,No,,50,25400.98,20941.78,26960.4,22969.56142857143,4,5,14,2025
2025-04-06,P002,Smartphone,Electronics,492.63,No,0.0,56,27587.16,25400.98,27544.27,22746.787142857145,4,6,14,2025
2025-04-07,P002,Smartphone,Electronics,502.29,No,0.0,40,20091.53,27587.16,20512.18,22752.91428571429,4,0,15,2025
2025-04-08,P002,Smartphone,Electronics,497.94,No,0.0,48,23900.91,20091.53,19906.9,22692.821428571428,4,1,15,2025
2025-04-09,P002,Smartphone,Electronics,540.74,Yes,0.128,54,25459.01,23900.91,22283.61,23263.394285714287,4,2,15,2025
2025-04-10,P002,Smartphone,Electronics,518.42,No,0.0,43,22292.21,25459.01,22637.79,23717.022857142856,4,3,15,2025
2025-04-11,P002,Smartphone,Electronics,487.67,No,0.0,54,26334.0,22292.21,20941.78,23667.654285714285,4,4,15,2025
2025-04-12,P002,Smartphone,Electronics,513.86,Yes,0.128,75,33622.7,26334.0,25400.98,24437.971428571425,4,5,15,2025
2025-04-13,P002,Smartphone,Electronics,516.19,No,0.0,44,22712.31,33622.7,27587.16,25612.502857142856,4,6,15,2025
2025-04-14,P002,Smartphone,Electronics,506.89,No,0.0,38,19261.87,22712.31,20091.53,24916.09571428571,4,0,16,2025
2025-04-15,P002,Smartphone,Electronics,543.57,No,0.0,38,20655.57,19261.87,23900.91,24797.572857142855,4,1,16,2025
2025-04-16,P002,Smartphone,Electronics,501.26,No,0.0,44,22055.46,20655.57,25459.01,24333.952857142856,4,2,16,2025
2025-04-17,P002,Smartphone,Electronics,520.03,No,0.0,50,26001.68,22055.46,22292.21,23847.731428571427,4,3,16,2025
2025-04-18,P002,Smartphone,Electronics,522.34,No,0.0,41,21416.04,26001.68,26334.0,24377.655714285716,4,4,16,2025
2025-04-19,P002,Smartphone,Electronics,532.69,No,0.0,52,27700.04,21416.04,33622.7,23675.09,4,5,16,2025
2025-04-20,P002,Smartphone,Electronics,513.85,No,0.0,48,24664.82,27700.04,22712.31,22828.995714285713,4,6,16,2025
2025-04-21,P002,Smartphone,Electronics,543.96,No,0.0,41,22302.43,24664.82,19261.87,23107.925714285717,4,0,17,2025
2025-04-22,P002,Smartphone,Electronics,542.26,Yes,0.111,61,29414.11,22302.43,20655.57,23542.29142857143,4,1,17,2025
2025-04-23,P002,Smartphone,Electronics,512.56,No,0.0,42,21527.61,29414.11,22055.46,24793.51142857143,4,2,17,2025
2025-04-24,P002,Smartphone,Electronics,544.78,No,0.0,46,25059.94,21527.61,26001.68,24718.104285714286,4,3,17,2025
2025-04-25,P002,Smartphone,Electronics,535.21,No,0.0,35,18732.41,25059.94,21416.04,24583.57,4,4,17,2025
2025-04-26,P002,Smartphone,Electronics,509.54,No,0.0,54,27515.05,18732.41,27700.04,24200.19428571429,4,5,17,2025
2025-04-27,P002,Smartphone,Electronics,547.45,No,0.0,50,27372.72,27515.05,24664.82,24173.76714285714,4,6,17,2025
2025-04-28,P002,Smartphone,Electronics,503.96,No,0.0,40,20158.51,27372.72,22302.43,24560.609999999997,4,0,18,2025
2025-04-29,P002,Smartphone,Electronics,507.04,No,0.0,65,32957.57,20158.51,29414.11,24254.335714285717,4,1,18,2025
2025-04-30,P002,Smartphone,Electronics,537.94,No,0.0,36,19365.71,32957.57,21527.61,24760.544285714284,4,2,18,2025
2025-05-01,P002,Smartphone,Electronics,512.56,No,0.0,44,22552.8,19365.71,25059.94,24451.70142857143,5,3,18,2025
2025-05-02,P002,Smartphone,Electronics,514.41,No,0.0,35,18004.51,22552.8,18732.41,24093.53857142857,5,4,18,2025
2025-05-03,P002,Smartphone,Electronics,507.67,No,0.0,58,29444.64,18004.51,27515.05,23989.552857142855,5,5,18,2025
2025-05-04,P002,Smartphone,Electronics,556.5,No,0.0,53,29494.36,29444.64,27372.72,24265.20857142857,5,6,18,2025
2025-05-05,P002,Smartphone,Electronics,509.39,Yes,0.199,72,29367.2,29494.36,20158.51,24568.3,5,0,19,2025
2025-05-06,P002,Smartphone,Electronics,519.54,No,0.0,38,19742.62,29367.2,32957.57,25883.82714285714,5,1,19,2025
2025-05-07,P002,Smartphone,Electronics,482.09,No,0.0,37,17837.51,19742.62,19365.71,23995.977142857137,5,2,19,2025
2025-05-08,P002,Smartphone,Electronics,527.52,No,0.0,36,18990.57,17837.51,22552.8,23777.662857142856,5,3,19,2025
2025-05-09,P002,Smartphone,Electronics,525.09,Yes,0.231,65,26248.97,18990.57,18004.51,23268.772857142856,5,4,19,2025
2025-05-10,P002,Smartphone,Electronics,533.74,No,0.0,41,21883.26,26248.97,29444.64,24446.552857142855,5,5,19,2025
2025-05-11,P002,Smartphone,Electronics,517.29,No,0.0,55,28450.88,21883.26,29494.36,23366.355714285713,5,6,19,2025
2025-05-12,P002,Smartphone,Electronics,542.03,No,0.0,48,26017.52,28450.88,29367.2,23217.28714285714,5,0,20,2025
2025-05-13,P002,Smartphone,Electronics,512.82,No,0.0,46,23589.55,26017.52,19742.62,22738.76142857143,5,1,20,2025
2025-05-14,P002,Smartphone,Electronics,517.48,No,0.0,37,19146.63,23589.55,17837.51,23288.32285714286,5,2,20,2025
2025-05-15,P002,Smartphone,Electronics,543.65,No,0.0,41,22289.56,19146.63,18990.57,23475.34,5,3,20,2025
2025-05-16,P002,Smartphone,Electronics,499.45,No,0.0,38,18979.1,22289.56,26248.97,23946.624285714286,5,4,20,2025
2025-05-17,P002,Smartphone,Electronics,497.35,Yes,0.061,55,25688.66,18979.1,21883.26,22908.071428571428,5,5,20,2025
2025-05-18,P002,Smartphone,Electronics,468.19,No,0.0,51,23877.75,25688.66,28450.88,23451.7,5,6,20,2025
2025-05-19,P002,Smartphone,Electronics,530.46,No,0.0,48,25462.2,23877.75,26017.52,22798.395714285718,5,0,21,2025
2025-05-20,P002,Smartphone,Electronics,479.19,No,0.0,48,23000.91,25462.2,23589.55,22719.064285714285,5,1,21,2025
2025-05-21,P002,Smartphone,Electronics,510.57,No,0.0,64,32676.32,23000.91,19146.63,22634.972857142857,5,2,21,2025
2025-05-22,P002,Smartphone,Electronics,518.09,No,0.0,32,16578.72,32676.32,22289.56,24567.785714285714,5,3,21,2025
2025-05-23,P002,Smartphone,Electronics,514.11,Yes,0.218,75,30140.28,16578.72,18979.1,23751.95142857143,5,4,21,2025
2025-05-24,P002,Smartphone,Electronics,498.6,No,0.0,55,27422.76,30140.28,25688.66,25346.405714285713,5,5,21,2025
2025-05-25,P002,Smartphone,Electronics,509.49,No,0.0,54,27512.32,27422.76,23877.75,25594.134285714284,5,6,21,2025
2025-05-26,P002,Smartphone,Electronics,511.07,No,0.0,37,18909.61,27512.32,25462.2,26113.35857142857,5,0,22,2025
2025-05-27,P002,Smartphone,Electronics,486.85,Yes,0.248,87,31838.31,18909.61,23000.91,25177.274285714288,5,1,22,2025
2025-05-28,P002,Smartphone,Electronics,509.43,No,0.0,53,26999.73,31838.31,32676.32,26439.760000000002,5,2,22,2025
2025-05-29,P002,Smartphone,Electronics,534.07,No,0.0,44,23499.28,26999.73,16578.72,25628.818571428572,5,3,22,2025
2025-05-30,P002,Smartphone,Electronics,548.84,No,0.0,43,23599.99,23499.28,30140.28,26617.47,5,4,22,2025
2025-05-31,P002,Smartphone,Electronics,543.03,No,0.0,42,22807.37,23599.99,27422.76,25683.14285714286,5,5,22,2025
2025-06-01,P002,Smartphone,Electronics,487.24,Yes,0.138,71,29813.42,22807.37,27512.32,25023.801428571427,6,6,22,2025
2025-06-02,P002,Smartphone,Electronics,527.09,No,0.0,39,20556.49,29813.42,18909.61,25352.530000000002,6,0,23,2025
2025-06-03,P002,Smartphone,Electronics,503.45,No,0.0,41,20641.47,20556.49,31838.31,25587.79857142857,6,1,23,2025
2025-06-04,P002,Smartphone,Electronics,502.34,No,0.0,59,29638.07,20641.47,26999.73,23988.25,6,2,23,2025
2025-06-05,P002,Smartphone,Electronics,490.79,No,0.0,46,22576.57,29638.07,23499.28,24365.155714285713,6,3,23,2025
2025-06-06,P002,Smartphone,Electronics,503.9,Yes,0.086,62,28548.96,22576.57,23599.99,24233.34,6,4,23,2025
2025-06-07,P002,Smartphone,Electronics,546.51,Yes,0.153,75,34701.29,28548.96,22807.37,24940.335714285717,6,5,23,2025
2025-06-08,P002,Smartphone,Electronics,493.24,No,0.0,59,29101.04,34701.29,29813.42,26639.467142857146,6,6,23,2025
2025-06-09,P002,Smartphone,Electronics,511.05,No,0.0,44,22486.06,29101.04,20556.49,26537.69857142857,6,0,24,2025
2025-06-10,P002,Smartphone,Electronics,533.56,Yes,0.176,72,31658.8,22486.06,20641.47,26813.351428571426,6,1,24,2025
2025-06-11,P002,Smartphone,Electronics,518.26,No,0.0,34,17620.86,31658.8,29638.07,28387.255714285715,6,2,24,2025
2025-06-12,P002,Smartphone,Electronics,501.02,No,0.0,49,24549.79,17620.86,22576.57,26670.511428571426,6,3,24,2025
2025-06-13,P002,Smartphone,Electronics,520.81,No,0.0,56,29165.33,24549.79,28548.96,26952.4,6,4,24,2025
2025-06-14,P002,Smartphone,Electronics,560.15,No,0.0,43,24086.63,29165.33,34701.29,27040.452857142856,6,5,24,2025
2025-06-15,P002,Smartphone,Electronics,535.02,No,0.0,39,20865.97,24086.63,29101.04,25524.07285714286,6,6,24,2025
2025-06-16,P002,Smartphone,Electronics,511.08,No,0.0,54,27598.41,20865.97,22486.06,24347.634285714284,6,0,25,2025
2025-06-17,P002,Smartphone,Electronics,512.69,Yes,0.105,65,29813.79,27598.41,31658.8,25077.97,6,1,25,2025
2025-06-18,P002,Smartphone,Electronics,503.66,No,0.0,36,18131.82,29813.79,17620.86,24814.397142857142,6,2,25,2025
2025-06-19,P002,Smartphone,Electronics,502.65,No,0.0,50,25132.32,18131.82,24549.79,24887.39142857143,6,3,25,2025
2025-06-20,P002,Smartphone,Electronics,536.3,No,0.0,39,20915.58,25132.32,29165.33,24970.610000000004,6,4,25,2025
2025-06-21,P002,Smartphone,Electronics,502.43,No,0.0,57,28638.54,20915.58,24086.63,23792.074285714283,6,5,25,2025
2025-06-22,P002,Smartphone,Electronics,536.24,No,0.0,58,31102.09,28638.54,20865.97,24442.347142857147,6,6,25,2025
2025-06-23,P002,Smartphone,Electronics,507.71,No,0.0,55,27924.16,31102.09,27598.41,25904.65,6,0,26,2025
2025-06-24,P002,Smartphone,Electronics,503.86,No,0.0,36,18138.9,27924.16,29813.79,25951.185714285715,6,1,26,2025
2025-06-25,P002,Smartphone,Electronics,500.65,No,0.0,54,27035.0,18138.9,18131.82,24283.344285714287,6,2,26,2025
2025-06-26,P002,Smartphone,Electronics,499.99,Yes,0.052,47,22275.38,27035.0,25132.32,25555.227142857144,6,3,26,2025
2025-06-27,P002,Smartphone,Electronics,524.22,Yes,0.067,57,27885.15,22275.38,20915.58,25147.09285714286,6,4,26,2025
2025-06-28,P002,Smartphone,Electronics,514.72,No,0.0,49,25221.41,27885.15,28638.54,26142.745714285713,6,5,26,2025
2025-06-29,P002,Smartphone,Electronics,508.5,No,0.0,53,26950.26,25221.41,31102.09,25654.584285714285,6,6,26,2025
2025-06-30,P002,Smartphone,Electronics,480.63,Yes,0.158,66,26708.74,26950.26,27924.16,25061.465714285714,6,0,27,2025
2025-07-01,P002,Smartphone,Electronics,516.94,No,0.0,53,27397.67,26708.74,18138.9,24887.834285714285,7,1,27,2025
2025-07-02,P002,Smartphone,Electronics,526.66,Yes,0.056,54,26858.63,27397.67,27035.0,26210.515714285713,7,2,27,2025
2025-07-03,P002,Smartphone,Electronics,521.47,No,0.0,54,28159.25,26858.63,22275.38,26185.32,7,3,27,2025
2025-07-04,P002,Smartphone,Electronics,519.47,No,0.0,38,19740.0,28159.25,27885.15,27025.872857142855,7,4,27,2025
2025-07-05,P002,Smartphone,Electronics,520.0,Yes,0.146,74,32849.91,19740.0,25221.41,25862.28,7,5,27,2025
2025-07-06,P002,Smartphone,Electronics,504.1,No,0.0,54,27221.61,32849.91,26950.26,26952.065714285716,7,6,27,2025
2025-07-07,P002,Smartphone,Electronics,524.1,No,0.0,40,20964.03,27221.61,26708.74,26990.829999999998,7,0,28,2025
2025-07-08,P002,Smartphone,Electronics,538.22,No,0.0,36,19375.92,20964.03,27397.67,26170.157142857144,7,1,28,2025
2025-07-09,P002,Smartphone,Electronics,498.58,No,0.0,52,25926.08,19375.92,26858.63,25024.192857142854,7,2,28,2025
2025-07-10,P002,Smartphone,Electronics,537.67,No,0.0,44,23657.66,25926.08,28159.25,24890.971428571433,7,3,28,2025
2025-07-11,P002,Smartphone,Electronics,506.98,No,0.0,46,23321.17,23657.66,19740.0,24247.887142857147,7,4,28,2025
2025-07-12,P002,Smartphone,Electronics,516.9,No,0.0,41,21192.86,23321.17,32849.91,24759.48285714286,7,5,28,2025
2025-07-13,P002,Smartphone,Electronics,518.8,No,0.0,39,20233.17,21192.86,27221.61,23094.19,7,6,28,2025
2025-07-14,P002,Smartphone,Electronics,517.41,No,0.0,40,20696.36,20233.17,20964.03,22095.841428571428,7,0,29,2025
2025-07-15,P002,Smartphone,Electronics,527.37,No,0.0,44,23204.26,20696.36,19375.92,22057.602857142858,7,1,29,2025
2025-07-16,P002,Smartphone,Electronics,533.97,Yes,0.228,73,30099.68,23204.26,25926.08,22604.50857142857,7,2,29,2025
2025-07-17,P002,Smartphone,Electronics,537.43,No,0.0,40,21497.08,30099.68,23657.66,23200.737142857142,7,3,29,2025
2025-07-18,P002,Smartphone,Electronics,491.63,Yes,0.118,64,27744.28,21497.08,23321.17,22892.082857142854,7,4,29,2025
2025-07-19,P002,Smartphone,Electronics,519.67,No,0.0,53,27542.63,27744.28,21192.86,23523.955714285716,7,5,29,2025
2025-07-20,P002,Smartphone,Electronics,514.93,No,0.0,43,22142.02,27542.63,20233.17,24431.065714285713,7,6,29,2025
2025-07-21,P002,Smartphone,Electronics,545.7,Yes,0.167,59,26812.74,22142.02,20696.36,24703.75857142857,7,0,30,2025
2025-07-22,P002,Smartphone,Electronics,495.69,Yes,0.204,74,29186.06,26812.74,23204.26,25577.527142857143,7,1,30,2025
2025-07-23,P002,Smartphone,Electronics,548.79,No,0.0,32,17561.41,29186.06,30099.68,26432.07,7,2,30,2025
2025-07-24,P002,Smartphone,Electronics,492.51,No,0.0,43,21177.87,17561.41,21497.08,24640.88857142857,7,3,30,2025
2025-07-25,P002,Smartphone,Electronics,506.37,No,0.0,35,17722.87,21177.87,27744.28,24595.287142857145,7,4,30,2025
2025-07-26,P002,Smartphone,Electronics,489.71,No,0.0,50,24485.44,17722.87,27542.63,23163.657142857144,7,5,30,2025
2025-07-27,P002,Smartphone,Electronics,508.73,No,0.0,60,30523.59,24485.44,22142.02,22726.915714285715,7,6,30,2025
2025-07-28,P002,Smartphone,Electronics,515.42,No,0.0,47,24224.83,30523.59,26812.74,23924.282857142858,7,0,31,2025
2025-07-29,P002,Smartphone,Electronics,511.0,No,0.0,45,22994.78,24224.83,29186.06,23554.58142857143,7,1,31,2025
2025-07-30,P002,Smartphone,Electronics,512.72,No,0.0,45,23072.18,22994.78,17561.41,22670.11285714286,7,2,31,2025
2025-07-31,P002,Smartphone,Electronics,497.03,No,0.0,43,21372.33,23072.18,21177.87,23457.365714285716,7,3,31,2025
2025-08-01,P002,Smartphone,Electronics,503.68,Yes,0.197,63,25484.81,21372.33,17722.87,23485.145714285714,8,4,31,2025
2025-08-02,P002,Smartphone,Electronics,496.38,No,0.0,41,20351.65,25484.81,24485.44,24593.99428571429,8,5,31,2025
2025-08-03,P002,Smartphone,Electronics,560.43,Yes,0.195,63,28417.63,20351.65,30523.59,24003.45285714286,8,6,31,2025
2025-08-04,P002,Smartphone,Electronics,534.73,No,0.0,38,20319.76,28417.63,24224.83,23702.60142857143,8,0,32,2025
2025-08-05,P002,Smartphone,Electronics,514.82,Yes,0.07,55,26346.23,20319.76,22994.78,23144.734285714283,8,1,32,2025
2025-08-06,P002,Smartphone,Electronics,526.9,Yes,0.151,55,24604.86,26346.23,23072.18,23623.512857142858,8,2,32,2025
2025-08-07,P002,Smartphone,Electronics,553.81,No,0.0,43,23813.77,24604.86,21372.33,23842.467142857142,8,3,32,2025
2025-08-08,P002,Smartphone,Electronics,521.68,No,0.0,30,15650.36,23813.77,25484.81,24191.24428571429,8,4,32,2025
2025-08-09,P002,Smartphone,Electronics,534.87,Yes,0.195,58,24967.79,15650.36,20351.65,22786.32285714286,8,5,32,2025
2025-08-10,P002,Smartphone,Electronics,523.17,Yes,0.176,64,27601.81,24967.79,28417.63,23445.77142857143,8,6,32,2025
2025-08-11,P002,Smartphone,Electronics,521.73,Yes,0.116,46,21206.87,27601.81,20319.76,23329.225714285712,8,0,33,2025
2025-08-12,P002,Smartphone,Electronics,513.05,Yes,0.236,63,24706.83,21206.87,26346.23,23455.955714285716,8,1,33,2025
2025-08-13,P002,Smartphone,Electronics,523.44,No,0.0,34,17796.86,24706.83,24604.86,23221.755714285715,8,2,33,2025
2025-08-14,P002,Smartphone,Electronics,529.44,Yes,0.238,66,26634.95,17796.86,23813.77,22249.184285714287,8,3,33,2025
2025-08-15,P002,Smartphone,Electronics,545.57,No,0.0,33,18003.96,26634.95,15650.36,22652.21,8,4,33,2025
2025-08-16,P002,Smartphone,Electronics,486.05,No,0.0,40,19442.09,18003.96,24967.79,22988.43857142857,8,5,33,2025
2025-08-17,P002,Smartphone,Electronics,516.64,No,0.0,44,22732.03,19442.09,27601.81,22199.052857142855,8,6,33,2025
2025-08-18,P002,Smartphone,Electronics,532.85,No,0.0,43,22912.71,22732.03,21206.87,21503.37,8,0,34,2025
2025-08-19,P002,Smartphone,Electronics,545.11,Yes,0.245,55,22641.15,22912.71,24706.83,21747.06142857143,8,1,34,2025
2025-08-20,P002,Smartphone,Electronics,523.83,Yes,0.25,71,27895.12,22641.15,17796.86,21451.964285714286,8,2,34,2025
2025-08-21,P002,Smartphone,Electronics,512.07,No,0.0,36,18434.57,27895.12,26634.95,22894.57285714286,8,3,34,2025
2025-08-22,P002,Smartphone,Electronics,547.24,Yes,0.207,56,24311.98,18434.57,18003.96,21723.09,8,4,34,2025
2025-08-23,P002,Smartphone,Electronics,489.2,No,0.0,60,29352.08,24311.98,19442.09,22624.235714285714,8,5,34,2025
2025-08-24,P002,Smartphone,Electronics,543.86,Yes,0.053,66,33980.83,29352.08,22732.03,24039.948571428573,8,6,34,2025
2025-08-25,P002,Smartphone,Electronics,516.66,No,0.0,38,19633.22,33980.83,22912.71,25646.920000000002,8,0,35,2025
2025-08-26,P002,Smartphone,Electronics,537.09,Yes,0.126,66,30977.17,19633.22,22641.15,25178.421428571426,8,1,35,2025
2025-08-27,P002,Smartphone,Electronics,521.19,Yes,0.153,64,28264.28,30977.17,27895.12,26369.28142857143,8,2,35,2025
2025-08-28,P002,Smartphone,Electronics,509.44,No,0.0,40,20377.74,28264.28,18434.57,26422.018571428573,8,3,35,2025
2025-08-29,P002,Smartphone,Electronics,531.52,No,0.0,43,22855.5,20377.74,24311.98,26699.614285714284,8,4,35,2025
2025-08-30,P002,Smartphone,Electronics,524.95,No,0.0,49,25722.49,22855.5,29352.08,26491.545714285716,8,5,35,2025
2025-08-31,P002,Smartphone,Electronics,530.38,No,0.0,41,21745.42,25722.49,33980.83,25973.032857142854,8,6,35,2025
2025-09-01,P002,Smartphone,Electronics,509.09,No,0.0,34,17309.0,21745.42,19633.22,24225.117142857143,9,0,36,2025
2025-09-02,P002,Smartphone,Electronics,537.29,No,0.0,39,20954.2,17309.0,30977.17,23893.085714285717,9,1,36,2025
2025-09-03,P002,Smartphone,Electronics,507.09,No,0.0,45,22819.06,20954.2,28264.28,22461.23285714286,9,2,36,2025
2025-09-04,P002,Smartphone,Electronics,523.39,Yes,0.224,56,22746.33,22819.06,20377.74,21683.344285714287,9,3,36,2025
2025-09-05,P002,Smartphone,Electronics,538.85,No,0.0,31,16704.37,22746.33,22855.5,22021.714285714286,9,4,36,2025
2025-09-06,P002,Smartphone,Electronics,517.1,No,0.0,45,23269.33,16704.37,25722.49,21142.981428571427,9,5,36,2025
2025-09-07,P002,Smartphone,Electronics,517.82,No,0.0,21,10874.19,23269.33,21745.42,20792.53,9,6,36,2025
2025-09-08,P002,Smartphone,Electronics,468.69,No,0.0,39,18278.98,10874.19,17309.0,19239.497142857144,9,0,37,2025
2025-09-09,P002,Smartphone,Electronics,529.69,No,0.0,33,17479.69,18278.98,20954.2,19378.065714285716,9,1,37,2025
2025-09-10,P002,Smartphone,Electronics,546.19,No,0.0,34,18570.35,17479.69,22819.06,18881.707142857143,9,2,37,2025
2025-09-11,P002,Smartphone,Electronics,527.29,No,0.0,27,14236.93,18570.35,22746.33,18274.748571428572,9,3,37,2025
2025-09-12,P002,Smartphone,Electronics,523.76,No,0.0,45,23569.26,14236.93,16704.37,17059.120000000003,9,4,37,2025
2025-09-13,P002,Smartphone,Electronics,535.78,No,0.0,40,21431.22,23569.26,23269.33,18039.818571428572,9,5,37,2025
2025-09-14,P002,Smartphone,Electronics,533.98,No,0.0,46,24563.28,21431.22,10874.19,17777.231428571427,9,6,37,2025
2025-09-15,P002,Smartphone,Electronics,514.56,No,0.0,41,21097.13,24563.28,18278.98,19732.815714285713,9,0,38,2025
2025-09-16,P002,Smartphone,Electronics,521.57,No,0.0,33,17211.91,21097.13,17479.69,20135.40857142857,9,1,38,2025
2025-09-17,P002,Smartphone,Electronics,523.1,No,0.0,35,18308.5,17211.91,18570.35,20097.154285714285,9,2,38,2025
2025-09-18,P002,Smartphone,Electronics,502.02,No,0.0,37,18574.66,18308.5,14236.93,20059.747142857144,9,3,38,2025
2025-09-19,P002,Smartphone,Electronics,546.1,No,0.0,31,16928.99,18574.66,23569.26,20679.422857142858,9,4,38,2025
2025-09-20,P002,Smartphone,Electronics,501.72,No,0.0,47,23580.88,16928.99,21431.22,19730.812857142857,9,5,38,2025
2025-09-21,P002,Smartphone,Electronics,527.71,No,0.0,38,20052.9,23580.88,24563.28,20037.907142857144,9,6,38,2025
2025-09-22,P002,Smartphone,Electronics,544.07,No,0.0,31,16866.21,20052.9,21097.13,19393.567142857144,9,0,39,2025
2025-09-23,P002,Smartphone,Electronics,551.67,Yes,0.174,49,22319.61,16866.21,17211.91,18789.149999999998,9,1,39,2025
2025-09-24,P002,Smartphone,Electronics,502.61,Yes,0.066,53,24867.42,22319.61,18308.5,19518.821428571428,9,2,39,2025
2025-09-25,P002,Smartphone,Electronics,536.15,No,0.0,34,18229.24,24867.42,18574.66,20455.809999999998,9,3,39,2025
2025-09-26,P002,Smartphone,Electronics,509.76,No,0.0,34,17331.8,18229.24,16928.99,20406.464285714286,9,4,39,2025
2025-09-27,P002,Smartphone,Electronics,533.15,Yes,0.145,69,31449.38,17331.8,23580.88,20464.00857142857,9,5,39,2025
2025-09-28,P002,Smartphone,Electronics,526.78,No,0.0,45,23705.27,31449.38,20052.9,21588.079999999998,9,6,39,2025
2025-09-29,P002,Smartphone,Electronics,525.85,No,0.0,31,16301.28,23705.27,16866.21,22109.847142857143,9,0,40,2025
2025-09-30,P002,Smartphone,Electronics,521.09,No,0.0,29,15111.75,16301.28,22319.61,22029.14285714286,9,1,40,2025
2025-10-01,P002,Smartphone,Electronics,534.56,Yes,0.151,44,19958.82,15111.75,24867.42,20999.44857142857,10,2,40,2025
2025-10-02,P002,Smartphone,Electronics,497.59,No,0.0,39,19406.16,19958.82,18229.24,20298.22,10,3,40,2025
2025-10-03,P002,Smartphone,Electronics,530.09,No,0.0,36,19083.22,19406.16,17331.8,20466.35142857143,10,4,40,2025
2025-10-04,P002,Smartphone,Electronics,525.6,Yes,0.131,59,26962.89,19083.22,31449.38,20716.554285714286,10,5,40,2025
2025-10-05,P002,Smartphone,Electronics,514.15,No,0.0,44,22622.46,26962.89,23705.27,20075.627142857145,10,6,40,2025
2025-10-06,P002,Smartphone,Electronics,518.91,No,0.0,27,14010.51,22622.46,16301.28,19920.94,10,0,41,2025
2025-10-07,P002,Smartphone,Electronics,503.59,No,0.0,35,17625.77,14010.51,15111.75,19593.687142857143,10,1,41,2025
2025-10-08,P002,Smartphone,Electronics,509.79,No,0.0,38,19372.1,17625.77,19958.82,19952.83285714286,10,2,41,2025
2025-10-09,P002,Smartphone,Electronics,552.88,No,0.0,35,19350.64,19372.1,19406.16,19869.015714285713,10,3,41,2025
2025-10-10,P002,Smartphone,Electronics,481.35,Yes,0.075,45,20026.31,19350.64,19083.22,19861.084285714285,10,4,41,2025
2025-10-11,P002,Smartphone,Electronics,495.41,No,0.0,38,18825.66,20026.31,26962.89,19995.81142857143,10,5,41,2025
2025-10-12,P002,Smartphone,Electronics,524.37,No,0.0,33,17304.1,18825.66,22622.46,18833.350000000002,10,6,41,2025
2025-10-13,P002,Smartphone,Electronics,533.5,No,0.0,27,14404.56,17304.1,14010.51,18073.584285714285,10,0,42,2025
2025-10-14,P002,Smartphone,Electronics,522.01,No,0.0,38,19836.38,14404.56,17625.77,18129.87714285714,10,1,42,2025
2025-10-15,P002,Smartphone,Electronics,516.2,No,0.0,33,17034.65,19836.38,19372.1,18445.678571428572,10,2,42,2025
2025-10-16,P002,Smartphone,Electronics,509.0,Yes,0.174,60,25223.73,17034.65,19350.64,18111.757142857143,10,3,42,2025
2025-10-17,P002,Smartphone,Electronics,490.79,No,0.0,44,21594.83,25223.73,20026.31,18950.77,10,4,42,2025
2025-10-18,P002,Smartphone,Electronics,551.37,No,0.0,48,26465.56,21594.83,18825.66,19174.844285714287,10,5,42,2025
2025-10-19,P002,Smartphone,Electronics,521.1,No,0.0,25,13027.55,26465.56,17304.1,20266.25857142857,10,6,42,2025
2025-10-20,P002,Smartphone,Electronics,515.47,No,0.0,40,20618.89,13027.55,14404.56,19655.32285714286,10,0,43,2025
2025-10-21,P002,Smartphone,Electronics,518.03,No,0.0,46,23829.42,20618.89,19836.38,20543.084285714285,10,1,43,2025
2025-10-22,P002,Smartphone,Electronics,525.5,No,0.0,25,13137.43,23829.42,17034.65,21113.518571428573,10,2,43,2025
2025-10-23,P002,Smartphone,Electronics,519.2,No,0.0,42,21806.2,13137.43,25223.73,20556.772857142856,10,3,43,2025
2025-10-24,P002,Smartphone,Electronics,518.43,Yes,0.134,51,22890.28,21806.2,21594.83,20068.554285714286,10,4,43,2025
2025-10-25,P002,Smartphone,Electronics,511.3,No,0.0,50,25564.84,22890.28,26465.56,20253.61857142857,10,5,43,2025
2025-10-26,P002,Smartphone,Electronics,530.02,No,0.0,35,18550.71,25564.84,13027.55,20124.944285714282,10,6,43,2025
2025-10-27,P002,Smartphone,Electronics,535.31,No,0.0,27,14453.5,18550.71,20618.89,20913.967142857142,10,0,44,2025
2025-10-28,P002,Smartphone,Electronics,517.3,Yes,0.228,59,23562.2,14453.5,23829.42,20033.197142857145,10,1,44,2025
2025-10-29,P002,Smartphone,Electronics,494.06,Yes,0.125,46,19889.97,23562.2,13137.43,19995.022857142856,10,2,44,2025
2025-10-30,P002,Smartphone,Electronics,534.06,No,0.0,35,18692.15,19889.97,21806.2,20959.67142857143,10,3,44,2025
2025-10-31,P002,Smartphone,Electronics,516.26,No,0.0,43,22199.36,18692.15,22890.28,20514.807142857142,10,4,44,2025
2025-11-01,P002,Smartphone,Electronics,501.88,No,0.0,42,21079.08,22199.36,25564.84,20416.104285714282,11,5,44,2025
2025-11-02,P002,Smartphone,Electronics,517.28,No,0.0,52,26898.34,21079.08,18550.71,19775.28142857143,11,6,44,2025
2025-11-03,P002,Smartphone,Electronics,532.76,No,0.0,37,19711.98,26898.34,14453.5,20967.8,11,0,45,2025
2025-11-04,P002,Smartphone,Electronics,515.66,No,0.0,38,19594.98,19711.98,23562.2,21719.01142857143,11,1,45,2025
2025-11-05,P002,Smartphone,Electronics,530.55,No,0.0,50,26527.67,19594.98,19889.97,21152.265714285713,11,2,45,2025
2025-11-06,P002,Smartphone,Electronics,504.31,No,0.0,44,22189.52,26527.67,18692.15,22100.50857142857,11,3,45,2025
2025-11-07,P002,Smartphone,Electronics,532.54,Yes,0.147,56,25430.36,22189.52,22199.36,22600.132857142857,11,4,45,2025
2025-11-08,P002,Smartphone,Electronics,528.01,Yes,0.18,73,31588.59,25430.36,21079.08,23061.704285714288,11,5,45,2025
2025-11-09,P002,Smartphone,Electronics,508.84,No,0.0,59,30021.74,31588.59,26898.34,24563.062857142857,11,6,45,2025
2025-11-10,P002,Smartphone,Electronics,527.12,No,0.0,52,27410.31,30021.74,19711.98,25009.262857142858,11,0,46,2025
2025-11-11,P002,Smartphone,Electronics,519.08,No,0.0,45,23358.65,27410.31,19594.98,26109.024285714284,11,1,46,2025
2025-11-12,P002,Smartphone,Electronics,501.94,No,0.0,41,20579.65,23358.65,26527.67,26646.691428571434,11,2,46,2025
2025-11-13,P002,Smartphone,Electronics,512.0,No,0.0,44,22527.9,20579.65,22189.52,25796.97428571429,11,3,46,2025
2025-11-14,P002,Smartphone,Electronics,503.4,No,0.0,51,25673.34,22527.9,25430.36,25845.31428571429,11,4,46,2025
2025-11-15,P002,Smartphone,Electronics,517.61,No,0.0,47,24327.9,25673.34,31588.59,25880.02571428571,11,5,46,2025
2025-11-16,P002,Smartphone,Electronics,502.76,Yes,0.194,76,30782.42,24327.9,30021.74,24842.784285714286,11,6,46,2025
2025-11-17,P002,Smartphone,Electronics,497.99,Yes,0.104,64,28553.82,30782.42,27410.31,24951.45285714286,11,0,47,2025
2025-11-18,P002,Smartphone,Electronics,514.08,No,0.0,46,23647.56,28553.82,23358.65,25114.811428571433,11,1,47,2025
2025-11-19,P002,Smartphone,Electronics,537.83,No,0.0,42,22588.91,23647.56,20579.65,25156.084285714285,11,2,47,2025
2025-11-20,P002,Smartphone,Electronics,548.27,No,0.0,37,20286.16,22588.91,22527.9,25443.12142857143,11,3,47,2025
2025-11-21,P002,Smartphone,Electronics,539.41,No,0.0,50,26970.41,20286.16,25673.34,25122.87285714286,11,4,47,2025
2025-11-22,P002,Smartphone,Electronics,540.72,No,0.0,50,27035.95,26970.41,24327.9,25308.16857142857,11,5,47,2025
2025-11-23,P002,Smartphone,Electronics,505.74,Yes,0.17,80,33577.26,27035.95,30782.42,25695.032857142854,11,6,47,2025
2025-11-24,P002,Smartphone,Electronics,524.4,No,0.0,51,26744.15,33577.26,28553.82,26094.295714285716,11,0,48,2025
2025-11-25,P002,Smartphone,Electronics,514.04,Yes,0.081,63,29751.25,26744.15,23647.56,25835.77142857143,11,1,48,2025
2025-11-26,P002,Smartphone,Electronics,522.93,No,0.0,47,24577.54,29751.25,22588.91,26707.727142857144,11,2,48,2025
2025-11-27,P002,Smartphone,Electronics,512.18,No,0.0,49,25096.95,24577.54,20286.16,26991.817142857144,11,3,48,2025
2025-11-28,P002,Smartphone,Electronics,517.34,No,0.0,47,24314.89,25096.95,26970.41,27679.07285714286,11,4,48,2025
2025-11-29,P002,Smartphone,Electronics,533.98,No,0.0,40,21359.34,24314.89,27035.95,27299.71285714286,11,5,48,2025
2025-11-30,P002,Smartphone,Electronics,514.84,No,0.0,60,30890.51,21359.34,33577.26,26488.768571428573,11,6,48,2025
2025-12-01,P002,Smartphone,Electronics,509.65,No,0.0,58,29559.7,30890.51,26744.15,26104.947142857145,12,0,49,2025
2025-12-02,P002,Smartphone,Electronics,535.78,No,0.0,51,27324.76,29559.7,29751.25,26507.16857142857,12,1,49,2025
2025-12-03,P002,Smartphone,Electronics,500.03,No,0.0,58,29001.57,27324.76,24577.54,26160.527142857143,12,2,49,2025
2025-12-04,P002,Smartphone,Electronics,531.23,No,0.0,38,20186.92,29001.57,25096.95,26792.53142857143,12,3,49,2025
2025-12-05,P002,Smartphone,Electronics,485.86,No,0.0,41,19920.38,20186.92,24314.89,26091.098571428567,12,4,49,2025
2025-12-06,P002,Smartphone,Electronics,499.85,No,0.0,46,22993.26,19920.38,21359.34,25463.31142857143,12,5,49,2025
2025-12-07,P002,Smartphone,Electronics,521.07,No,0.0,60,31263.99,22993.26,30890.51,25696.72857142857,12,6,49,2025
2025-12-08,P002,Smartphone,Electronics,524.27,No,0.0,41,21495.13,31263.99,29559.7,25750.082857142854,12,0,50,2025
2025-12-09,P002,Smartphone,Electronics,531.96,Yes,0.125,68,31667.55,21495.13,27324.76,24598.00142857143,12,1,50,2025
2025-12-10,P002,Smartphone,Electronics,500.24,No,0.0,45,22510.68,31667.55,29001.57,25218.399999999998,12,2,50,2025
2025-12-11,P002,Smartphone,Electronics,541.33,No,0.0,33,17863.86,22510.68,20186.92,24291.13,12,3,50,2025
2025-12-12,P002,Smartphone,Electronics,514.25,No,0.0,50,25712.54,17863.86,19920.38,23959.264285714286,12,4,50,2025
2025-12-13,P002,Smartphone,Electronics,503.41,No,0.0,47,23660.36,25712.54,22993.26,24786.715714285714,12,5,50,2025
2025-12-14,P002,Smartphone,Electronics,534.56,No,0.0,46,24589.67,23660.36,31263.99,24882.015714285713,12,6,50,2025
2025-12-15,P002,Smartphone,Electronics,536.94,Yes,0.087,59,28908.44,24589.67,21495.13,23928.54142857143,12,0,51,2025
2025-12-16,P002,Smartphone,Electronics,514.29,No,0.0,41,21085.85,28908.44,31667.55,24987.585714285717,12,1,51,2025
2025-12-17,P002,Smartphone,Electronics,526.22,No,0.0,49,25784.9,21085.85,22510.68,23475.914285714283,12,2,51,2025
2025-12-18,P002,Smartphone,Electronics,529.19,Yes,0.187,70,30132.94,25784.9,17863.86,23943.66,12,3,51,2025
2025-12-19,P002,Smartphone,Electronics,546.89,No,0.0,36,19688.22,30132.94,25712.54,25696.385714285716,12,4,51,2025
2025-12-20,P002,Smartphone,Electronics,531.7,No,0.0,76,40409.14,19688.22,23660.36,24835.768571428573,12,5,51,2025
2025-12-21,P002,Smartphone,Electronics,533.38,No,0.0,80,42670.68,40409.14,24589.67,27228.45142857143,12,6,51,2025
2025-12-22,P002,Smartphone,Electronics,545.58,No,0.0,47,25642.31,42670.68,28908.44,29811.452857142856,12,0,52,2025
2025-12-23,P002,Smartphone,Electronics,524.03,No,0.0,71,37206.0,25642.31,21085.85,29344.86285714286,12,1,52,2025
2025-12-24,P002,Smartphone,Electronics,541.1,No,0.0,42,22726.31,37206.0,25784.9,31647.74142857143,12,2,52,2025
2025-12-25,P002,Smartphone,Electronics,536.54,No,0.0,61,32728.73,22726.31,30132.94,31210.8,12,3,52,2025
2025-12-26,P002,Smartphone,Electronics,468.93,No,0.0,88,41265.75,32728.73,19688.22,31581.62714285714,12,4,52,2025
2025-12-27,P002,Smartphone,Electronics,513.09,No,0.0,82,42073.46,41265.75,40409.14,34664.131428571425,12,5,52,2025
2025-12-28,P002,Smartphone,Electronics,505.91,No,0.0,71,35919.51,42073.46,42670.68,34901.89142857143,12,6,52,2025
2025-12-29,P002,Smartphone,Electronics,532.31,No,0.0,64,34067.95,35919.51,25642.31,33937.438571428575,12,0,1,2025
2025-12-30,P002,Smartphone,Electronics,547.72,No,0.0,68,37244.74,34067.95,37206.0,35141.10142857143,12,1,1,2025
2025-12-31,P002,Smartphone,Electronics,533.39,No,0.0,63,33603.51,37244.74,22726.31,35146.635714285716,12,2,1,2025
2023-01-08,P003,Headphones,Electronics,81.74,Yes,0.127,37,2640.11,2711.01,3288.48,2902.7542857142857,1,6,1,2023
2023-01-09,P003,Headphones,Electronics,77.5,No,0.0,30,2325.04,2640.11,3292.73,2810.13,1,0,2,2023
2023-01-10,P003,Headphones,Electronics,82.7,No,0.0,25,2067.59,2325.04,3582.0,2671.8885714285716,1,1,2,2023
2023-01-11,P003,Headphones,Electronics,85.82,No,0.0,28,2403.07,2067.59,1671.62,2455.5442857142857,1,2,2,2023
2023-01-12,P003,Headphones,Electronics,81.4,No,0.0,31,2523.54,2403.07,3392.56,2560.037142857143,1,3,2,2023
2023-01-13,P003,Headphones,Electronics,85.96,Yes,0.095,35,2721.69,2523.54,2380.88,2435.8914285714286,1,4,2,2023
2023-01-14,P003,Headphones,Electronics,92.7,No,0.0,26,2410.29,2721.69,2711.01,2484.578571428571,1,5,2,2023
2023-01-15,P003,Headphones,Electronics,85.27,Yes,0.081,42,3291.8,2410.29,2640.11,2441.6185714285716,1,6,2,2023
2023-01-16,P003,Headphones,Electronics,85.28,Yes,0.055,21,1692.88,3291.8,2325.04,2534.717142857143,1,0,3,2023
2023-01-17,P003,Headphones,Electronics,82.35,Yes,0.23,38,2408.38,1692.88,2067.59,2444.4085714285716,1,1,3,2023
2023-01-18,P003,Headphones,Electronics,82.89,No,0.0,30,2486.69,2408.38,2403.07,2493.092857142857,1,2,3,2023
2023-01-19,P003,Headphones,Electronics,86.23,No,0.0,27,2328.33,2486.69,2523.54,2505.0385714285717,1,3,3,2023
2023-01-20,P003,Headphones,Electronics,85.0,No,0.0,28,2380.02,2328.33,2721.69,2477.151428571429,1,4,3,2023
2023-01-21,P003,Headphones,Electronics,81.08,No,0.0,27,2189.27,2380.02,2410.29,2428.3414285714284,1,5,3,2023
2023-01-22,P003,Headphones,Electronics,89.02,Yes,0.129,34,2637.85,2189.27,3291.8,2396.7671428571425,1,6,3,2023
2023-01-23,P003,Headphones,Electronics,87.31,No,0.0,32,2793.91,2637.85,1692.88,2303.3457142857146,1,0,4,2023
2023-01-24,P003,Headphones,Electronics,80.53,No,0.0,22,1771.7,2793.91,2408.38,2460.6357142857146,1,1,4,2023
2023-01-25,P003,Headphones,Electronics,83.45,No,0.0,29,2420.18,1771.7,2486.69,2369.6814285714286,1,2,4,2023
2023-01-26,P003,Headphones,Electronics,86.06,No,0.0,23,1979.28,2420.18,2328.33,2360.1800000000003,1,3,4,2023
2023-01-27,P003,Headphones,Electronics,84.41,No,0.0,27,2279.12,1979.28,2380.02,2310.3157142857144,1,4,4,2023
2023-01-28,P003,Headphones,Electronics,88.92,Yes,0.167,44,3260.39,2279.12,2189.27,2295.9014285714284,1,5,4,2023
2023-01-29,P003,Headphones,Electronics,81.04,No,0.0,40,3241.42,3260.39,2637.85,2448.9185714285713,1,6,4,2023
2023-01-30,P003,Headphones,Electronics,85.66,No,0.0,31,2655.41,3241.42,2793.91,2535.1428571428573,1,0,5,2023
2023-01-31,P003,Headphones,Electronics,84.81,No,0.0,27,2289.93,2655.41,1771.7,2515.3571428571427,1,1,5,2023
2023-02-01,P003,Headphones,Electronics,84.65,No,0.0,27,2285.62,2289.93,2420.18,2589.39,2,2,5,2023
2023-02-02,P003,Headphones,Electronics,90.17,Yes,0.211,35,2491.48,2285.62,1979.28,2570.1671428571426,2,3,5,2023
2023-02-03,P003,Headphones,Electronics,88.87,No,0.0,31,2754.83,2491.48,2279.12,2643.3385714285714,2,4,5,2023
2023-02-04,P003,Headphones,Electronics,79.76,No,0.0,25,1994.0,2754.83,3260.39,2711.2971428571427,2,5,5,2023
2023-02-05,P003,Headphones,Electronics,86.16,No,0.0,30,2584.78,1994.0,3241.42,2530.3842857142854,2,6,5,2023
2023-02-06,P003,Headphones,Electronics,84.81,No,0.0,28,2374.68,2584.78,2655.41,2436.578571428571,2,0,6,2023
2023-02-07,P003,Headphones,Electronics,87.08,No,0.0,28,2438.2,2374.68,2289.93,2396.4742857142855,2,1,6,2023
2023-02-08,P003,Headphones,Electronics,84.0,No,0.0,24,2016.09,2438.2,2285.62,2417.655714285714,2,2,6,2023
2023-02-09,P003,Headphones,Electronics,88.26,No,0.0,19,1676.85,2016.09,2491.48,2379.151428571429,2,3,6,2023
2023-02-10,P003,Headphones,Electronics,90.66,Yes,0.244,42,2878.85,1676.85,2754.83,2262.775714285714,2,4,6,2023
2023-02-11,P003,Headphones,Electronics,85.87,No,0.0,36,3091.2,2878.85,1994.0,2280.492857142857,2,5,6,2023
2023-02-12,P003,Headphones,Electronics,87.61,No,0.0,33,2891.14,3091.2,2584.78,2437.235714285714,2,6,6,2023
2023-02-13,P003,Headphones,Electronics,86.66,No,0.0,42,3639.75,2891.14,2374.68,2481.0014285714283,2,0,7,2023
2023-02-14,P003,Headphones,Electronics,87.93,No,0.0,24,2110.42,3639.75,2438.2,2661.725714285714,2,1,7,2023
2023-02-15,P003,Headphones,Electronics,85.65,Yes,0.051,47,3820.89,2110.42,2016.09,2614.9,2,2,7,2023
2023-02-16,P003,Headphones,Electronics,86.2,No,0.0,28,2413.73,3820.89,1676.85,2872.7285714285713,2,3,7,2023
2023-02-17,P003,Headphones,Electronics,88.38,No,0.0,33,2916.61,2413.73,2878.85,2977.997142857143,2,4,7,2023
2023-02-18,P003,Headphones,Electronics,87.72,No,0.0,42,3684.22,2916.61,3091.2,2983.391428571428,2,5,7,2023
2023-02-19,P003,Headphones,Electronics,84.01,No,0.0,33,2772.29,3684.22,2891.14,3068.108571428572,2,6,7,2023
2023-02-20,P003,Headphones,Electronics,81.35,No,0.0,28,2277.89,2772.29,3639.75,3051.13,2,0,8,2023
2023-02-21,P003,Headphones,Electronics,84.94,No,0.0,29,2463.34,2277.89,2110.42,2856.5785714285716,2,1,8,2023
2023-02-22,P003,Headphones,Electronics,84.3,No,0.0,40,3371.95,2463.34,3820.89,2906.9957142857143,2,2,8,2023
2023-02-23,P003,Headphones,Electronics,85.05,No,0.0,43,3657.22,3371.95,2413.73,2842.8614285714284,2,3,8,2023
2023-02-24,P003,Headphones,Electronics,81.81,No,0.0,32,2618.06,3657.22,2916.61,3020.502857142857,2,4,8,2023
2023-02-25,P003,Headphones,Electronics,80.96,No,0.0,34,2752.78,2618.06,3684.22,2977.8528571428574,2,5,8,2023
2023-02-26,P003,Headphones,Electronics,81.27,No,0.0,42,3413.42,2752.78,2772.29,2844.79,2,6,8,2023
2023-02-27,P003,Headphones,Electronics,87.45,No,0.0,22,1923.91,3413.42,2277.89,2936.38,2,0,9,2023
2023-02-28,P003,Headphones,Electronics,85.85,No,0.0,29,2489.51,1923.91,2463.34,2885.811428571428,2,1,9,2023
2023-03-01,P003,Headphones,Electronics,81.4,No,0.0,26,2116.38,2489.51,3371.95,2889.5499999999997,3,2,9,2023
2023-03-02,P003,Headphones,Electronics,87.14,No,0.0,26,2265.52,2116.38,3657.22,2710.1828571428573,3,3,9,2023
2023-03-03,P003,Headphones,Electronics,89.8,No,0.0,27,2424.59,2265.52,2618.06,2511.3685714285716,3,4,9,2023
2023-03-04,P003,Headphones,Electronics,85.86,No,0.0,28,2404.04,2424.59,2752.78,2483.73,3,5,9,2023
2023-03-05,P003,Headphones,Electronics,89.34,No,0.0,29,2590.88,2404.04,3413.42,2433.91,3,6,9,2023
2023-03-06,P003,Headphones,Electronics,89.95,No,0.0,26,2338.72,2590.88,1923.91,2316.404285714286,3,0,10,2023
2023-03-07,P003,Headphones,Electronics,79.9,No,0.0,20,1598.08,2338.72,2489.51,2375.662857142857,3,1,10,2023
2023-03-08,P003,Headphones,Electronics,89.15,No,0.0,44,3922.59,1598.08,2116.38,2248.315714285714,3,2,10,2023
2023-03-09,P003,Headphones,Electronics,84.84,No,0.0,37,3139.01,3922.59,2265.52,2506.345714285714,3,3,10,2023
2023-03-10,P003,Headphones,Electronics,84.51,No,0.0,22,1859.23,3139.01,2424.59,2631.13,3,4,10,2023
2023-03-11,P003,Headphones,Electronics,82.25,No,0.0,29,2385.37,1859.23,2404.04,2550.3642857142854,3,5,10,2023
2023-03-12,P003,Headphones,Electronics,88.65,No,0.0,42,3723.15,2385.37,2590.88,2547.697142857143,3,6,10,2023
2023-03-13,P003,Headphones,Electronics,86.03,No,0.0,32,2752.9,3723.15,2338.72,2709.4500000000003,3,0,11,2023
2023-03-14,P003,Headphones,Electronics,82.26,Yes,0.103,48,3540.59,2752.9,1598.08,2768.618571428571,3,1,11,2023
2023-03-15,P003,Headphones,Electronics,84.07,No,0.0,29,2437.92,3540.59,3922.59,3046.12,3,2,11,2023
2023-03-16,P003,Headphones,Electronics,87.33,No,0.0,39,3405.82,2437.92,3139.01,2834.024285714286,3,3,11,2023
2023-03-17,P003,Headphones,Electronics,83.89,No,0.0,30,2516.56,3405.82,1859.23,2872.14,3,4,11,2023
2023-03-18,P003,Headphones,Electronics,83.14,No,0.0,45,3741.38,2516.56,2385.37,2966.0442857142857,3,5,11,2023
2023-03-19,P003,Headphones,Electronics,82.49,No,0.0,20,1649.8,3741.38,3723.15,3159.7599999999998,3,6,11,2023
2023-03-20,P003,Headphones,Electronics,84.56,No,0.0,29,2452.12,1649.8,2752.9,2863.567142857143,3,0,12,2023
2023-03-21,P003,Headphones,Electronics,81.86,No,0.0,31,2537.78,2452.12,3540.59,2820.5985714285716,3,1,12,2023
2023-03-22,P003,Headphones,Electronics,85.7,No,0.0,21,1799.78,2537.78,2437.92,2677.34,3,2,12,2023
2023-03-23,P003,Headphones,Electronics,79.87,No,0.0,24,1916.9,1799.78,3405.82,2586.1771428571424,3,3,12,2023
2023-03-24,P003,Headphones,Electronics,84.09,No,0.0,26,2186.39,1916.9,2516.56,2373.4742857142855,3,4,12,2023
2023-03-25,P003,Headphones,Electronics,82.23,No,0.0,32,2631.22,2186.39,3741.38,2326.307142857143,3,5,12,2023
2023-03-26,P003,Headphones,Electronics,84.56,No,0.0,34,2875.04,2631.22,1649.8,2167.712857142857,3,6,12,2023
2023-03-27,P003,Headphones,Electronics,84.29,No,0.0,34,2865.84,2875.04,2452.12,2342.747142857143,3,0,13,2023
2023-03-28,P003,Headphones,Electronics,80.97,No,0.0,29,2348.27,2865.84,2537.78,2401.85,3,1,13,2023
2023-03-29,P003,Headphones,Electronics,88.61,No,0.0,33,2924.21,2348.27,1799.78,2374.777142857143,3,2,13,2023
2023-03-30,P003,Headphones,Electronics,87.88,No,0.0,30,2636.44,2924.21,1916.9,2535.41,3,3,13,2023
2023-03-31,P003,Headphones,Electronics,83.64,No,0.0,36,3011.19,2636.44,2186.39,2638.2014285714286,3,4,13,2023
2023-04-01,P003,Headphones,Electronics,85.3,No,0.0,36,3070.67,3011.19,2631.22,2756.0299999999997,4,5,13,2023
2023-04-02,P003,Headphones,Electronics,79.3,No,0.0,33,2616.88,3070.67,2875.04,2818.808571428571,4,6,13,2023
2023-04-03,P003,Headphones,Electronics,80.81,No,0.0,29,2343.41,2616.88,2865.84,2781.9285714285716,4,0,14,2023
2023-04-04,P003,Headphones,Electronics,80.63,No,0.0,38,3064.01,2343.41,2348.27,2707.2957142857144,4,1,14,2023
2023-04-05,P003,Headphones,Electronics,87.38,No,0.0,28,2446.66,3064.01,2924.21,2809.5442857142857,4,2,14,2023
2023-04-06,P003,Headphones,Electronics,84.54,No,0.0,27,2282.64,2446.66,2636.44,2741.3228571428567,4,3,14,2023
2023-04-07,P003,Headphones,Electronics,85.05,Yes,0.154,38,2735.36,2282.64,3011.19,2690.7799999999997,4,4,14,2023
2023-04-08,P003,Headphones,Electronics,85.58,No,0.0,29,2481.81,2735.36,3070.67,2651.3757142857144,4,5,14,2023
2023-04-09,P003,Headphones,Electronics,86.57,Yes,0.072,39,3131.66,2481.81,2616.88,2567.252857142857,4,6,14,2023
2023-04-10,P003,Headphones,Electronics,89.98,No,0.0,32,2879.34,3131.66,2343.41,2640.792857142857,4,0,15,2023
2023-04-11,P003,Headphones,Electronics,88.07,No,0.0,22,1937.62,2879.34,3064.01,2717.3542857142857,4,1,15,2023
2023-04-12,P003,Headphones,Electronics,81.53,No,0.0,24,1956.81,1937.62,2446.66,2556.441428571429,4,2,15,2023
2023-04-13,P003,Headphones,Electronics,80.95,Yes,0.073,52,3902.51,1956.81,2282.64,2486.4628571428575,4,3,15,2023
2023-04-14,P003,Headphones,Electronics,86.46,No,0.0,29,2507.46,3902.51,2735.36,2717.8728571428574,4,4,15,2023
2023-04-15,P003,Headphones,Electronics,77.75,No,0.0,44,3420.79,2507.46,2481.81,2685.315714285714,4,5,15,2023
2023-04-16,P003,Headphones,Electronics,88.81,No,0.0,39,3463.4,3420.79,3131.66,2819.4557142857143,4,6,15,2023
2023-04-17,P003,Headphones,Electronics,81.32,No,0.0,31,2520.9,3463.4,2879.34,2866.847142857143,4,0,16,2023
2023-04-18,P003,Headphones,Electronics,82.38,No,0.0,38,3130.63,2520.9,1937.62,2815.641428571428,4,1,16,2023
2023-04-19,P003,Headphones,Electronics,83.26,No,0.0,42,3496.76,3130.63,1956.81,2986.0714285714284,4,2,16,2023
2023-04-20,P003,Headphones,Electronics,85.4,No,0.0,37,3159.75,3496.76,3902.51,3206.0642857142857,4,3,16,2023
2023-04-21,P003,Headphones,Electronics,88.25,No,0.0,30,2647.4,3159.75,2507.46,3099.9557142857147,4,4,16,2023
2023-04-22,P003,Headphones,Electronics,86.0,No,0.0,32,2752.07,2647.4,3420.79,3119.947142857143,4,5,16,2023
2023-04-23,P003,Headphones,Electronics,84.69,No,0.0,43,3641.83,2752.07,3463.4,3024.415714285715,4,6,16,2023
2023-04-24,P003,Headphones,Electronics,82.49,No,0.0,23,1897.17,3641.83,2520.9,3049.905714285714,4,0,17,2023
2023-04-25,P003,Headphones,Electronics,83.81,Yes,0.169,36,2508.4,1897.17,3130.63,2960.8014285714285,4,1,17,2023
2023-04-26,P003,Headphones,Electronics,91.7,No,0.0,39,3576.47,2508.4,3496.76,2871.9114285714286,4,2,17,2023
2023-04-27,P003,Headphones,Electronics,84.81,No,0.0,35,2968.46,3576.47,3159.75,2883.2985714285714,4,3,17,2023
2023-04-28,P003,Headphones,Electronics,80.9,Yes,0.212,49,3123.36,2968.46,2647.4,2855.9714285714285,4,4,17,2023
2023-04-29,P003,Headphones,Electronics,83.05,Yes,0.08,48,3667.91,3123.36,2752.07,2923.9657142857145,4,5,17,2023
2023-04-30,P003,Headphones,Electronics,85.01,No,0.0,44,3740.6,3667.91,3641.83,3054.8,4,6,17,2023
2023-05-01,P003,Headphones,Electronics,86.78,Yes,0.242,42,2763.97,3740.6,1897.17,3068.91,5,0,18,2023
2023-05-02,P003,Headphones,Electronics,89.79,Yes,0.069,27,2258.3,2763.97,2508.4,3192.738571428571,5,1,18,2023
2023-05-03,P003,Headphones,Electronics,82.34,No,0.0,33,2717.16,2258.3,3576.47,3157.0099999999998,5,2,18,2023
2023-05-04,P003,Headphones,Electronics,86.55,No,0.0,37,3202.22,2717.16,2968.46,3034.2514285714283,5,3,18,2023
2023-05-05,P003,Headphones,Electronics,89.76,No,0.0,24,2154.29,3202.22,3123.36,3067.6457142857143,5,4,18,2023
2023-05-06,P003,Headphones,Electronics,83.03,Yes,0.195,55,3674.67,2154.29,3667.91,2929.2071428571426,5,5,18,2023
2023-05-07,P003,Headphones,Electronics,81.87,No,0.0,26,2128.58,3674.67,3740.6,2930.172857142857,5,6,18,2023
2023-05-08,P003,Headphones,Electronics,79.84,No,0.0,26,2075.78,2128.58,2763.97,2699.884285714286,5,0,19,2023
2023-05-09,P003,Headphones,Electronics,86.01,No,0.0,37,3182.33,2075.78,2258.3,2601.5714285714284,5,1,19,2023
2023-05-10,P003,Headphones,Electronics,84.58,Yes,0.187,41,2820.12,3182.33,2717.16,2733.575714285714,5,2,19,2023
2023-05-11,P003,Headphones,Electronics,83.95,No,0.0,29,2434.5,2820.12,3202.22,2748.284285714286,5,3,19,2023
2023-05-12,P003,Headphones,Electronics,80.54,No,0.0,31,2496.8,2434.5,2154.29,2638.61,5,4,19,2023
2023-05-13,P003,Headphones,Electronics,87.52,No,0.0,32,2800.54,2496.8,3674.67,2687.54,5,5,19,2023
2023-05-14,P003,Headphones,Electronics,82.75,No,0.0,49,4054.99,2800.54,2128.58,2562.664285714286,5,6,19,2023
2023-05-15,P003,Headphones,Electronics,87.17,No,0.0,29,2527.79,4054.99,2075.78,2837.8657142857146,5,0,20,2023
2023-05-16,P003,Headphones,Electronics,88.52,No,0.0,37,3275.22,2527.79,3182.33,2902.4385714285713,5,1,20,2023
2023-05-17,P003,Headphones,Electronics,85.79,No,0.0,36,3088.28,3275.22,2820.12,2915.7085714285713,5,2,20,2023
2023-05-18,P003,Headphones,Electronics,80.49,Yes,0.217,49,3090.06,3088.28,2434.5,2954.0171428571425,5,3,20,2023
2023-05-19,P003,Headphones,Electronics,81.36,Yes,0.099,49,3590.92,3090.06,2496.8,3047.6685714285713,5,4,20,2023
2023-05-20,P003,Headphones,Electronics,84.57,No,0.0,48,4059.35,3590.92,2800.54,3203.971428571429,5,5,20,2023
2023-05-21,P003,Headphones,Electronics,83.43,No,0.0,30,2502.81,4059.35,4054.99,3383.8014285714285,5,6,20,2023
2023-05-22,P003,Headphones,Electronics,82.49,No,0.0,44,3629.34,2502.81,2527.79,3162.0614285714287,5,0,21,2023
2023-05-23,P003,Headphones,Electronics,78.88,No,,31,2445.43,3629.34,3275.22,3319.4257142857145,5,1,21,2023
2023-05-24,P003,Headphones,Electronics,83.96,No,0.0,18,1511.36,2445.43,3088.28,3200.8842857142854,5,2,21,2023
2023-05-25,P003,Headphones,Electronics,84.96,Yes,0.15,42,3032.29,1511.36,3090.06,2975.61,5,3,21,2023
2023-05-26,P003,Headphones,Electronics,83.89,No,0.0,25,2097.17,3032.29,3590.92,2967.3571428571427,5,4,21,2023
2023-05-27,P003,Headphones,Electronics,89.78,No,0.0,32,2872.9,2097.17,4059.35,2753.964285714286,5,5,21,2023
2023-05-28,P003,Headphones,Electronics,79.83,Yes,0.067,46,3425.14,2872.9,2502.81,2584.4714285714285,5,6,21,2023
2023-05-29,P003,Headphones,Electronics,84.19,Yes,0.146,45,3237.23,3425.14,3629.34,2716.2328571428575,5,0,22,2023
2023-05-30,P003,Headphones,Electronics,85.14,No,0.0,37,3150.33,3237.23,2445.43,2660.217142857143,5,1,22,2023
2023-05-31,P003,Headphones,Electronics,84.8,No,0.0,31,2628.75,3150.33,1511.36,2760.9171428571426,5,2,22,2023
2023-06-01,P003,Headphones,Electronics,82.32,No,0.0,28,2304.82,2628.75,3032.29,2920.5442857142853,6,3,22,2023
2023-06-02,P003,Headphones,Electronics,83.94,No,0.0,35,2938.04,2304.82,2097.17,2816.6199999999994,6,4,22,2023
2023-06-03,P003,Headphones,Electronics,87.19,No,0.0,32,2790.12,2938.04,2872.9,2936.7442857142855,6,5,22,2023
2023-06-04,P003,Headphones,Electronics,84.26,No,0.0,46,3875.97,2790.12,3425.14,2924.9185714285713,6,6,22,2023
2023-06-05,P003,Headphones,Electronics,78.68,No,0.0,34,2675.07,3875.97,3237.23,2989.3228571428567,6,0,23,2023
2023-06-06,P003,Headphones,Electronics,91.32,No,0.0,33,3013.61,2675.07,3150.33,2909.0142857142855,6,1,23,2023
2023-06-07,P003,Headphones,Electronics,85.4,No,0.0,29,2476.56,3013.61,2628.75,2889.4828571428575,6,2,23,2023
2023-06-08,P003,Headphones,Electronics,78.12,No,0.0,42,3280.9,2476.56,2304.82,2867.741428571429,6,3,23,2023
2023-06-09,P003,Headphones,Electronics,82.6,No,0.0,40,3304.14,3280.9,2938.04,3007.1814285714286,6,4,23,2023
2023-06-10,P003,Headphones,Electronics,81.09,No,0.0,33,2676.09,3304.14,2790.12,3059.4814285714288,6,5,23,2023
2023-06-11,P003,Headphones,Electronics,89.58,No,0.0,34,3045.83,2676.09,3875.97,3043.191428571428,6,6,23,2023
2023-06-12,P003,Headphones,Electronics,86.25,Yes,0.114,39,2979.1,3045.83,2675.07,2924.6,6,0,24,2023
2023-06-13,P003,Headphones,Electronics,86.54,Yes,0.099,44,3431.43,2979.1,3013.61,2968.032857142857,6,1,24,2023
2023-06-14,P003,Headphones,Electronics,81.59,No,0.0,36,2937.33,3431.43,2476.56,3027.7214285714285,6,2,24,2023
2023-06-15,P003,Headphones,Electronics,83.13,Yes,0.107,43,3192.66,2937.33,3280.9,3093.5457142857144,6,3,24,2023
2023-06-16,P003,Headphones,Electronics,84.89,No,0.0,27,2292.09,3192.66,3304.14,3080.94,6,4,24,2023
2023-06-17,P003,Headphones,Electronics,87.21,No,0.0,35,3052.51,2292.09,2676.09,2936.361428571429,6,5,24,2023
2023-06-18,P003,Headphones,Electronics,86.66,No,0.0,43,3726.46,3052.51,3045.83,2990.1357142857146,6,6,24,2023
2023-06-19,P003,Headphones,Electronics,83.14,Yes,0.071,37,2858.87,3726.46,2979.1,3087.3685714285716,6,0,25,2023
2023-06-20,P003,Headphones,Electronics,88.49,No,0.0,31,2743.09,2858.87,3431.43,3070.1928571428575,6,1,25,2023
2023-06-21,P003,Headphones,Electronics,86.82,Yes,0.232,51,3400.28,2743.09,2937.33,2971.858571428572,6,2,25,2023
2023-06-22,P003,Headphones,Electronics,80.3,Yes,0.209,53,3366.77,3400.28,3192.66,3037.9942857142855,6,3,25,2023
2023-06-23,P003,Headphones,Electronics,86.82,No,0.0,29,2517.91,3366.77,2292.09,3062.867142857143,6,4,25,2023
2023-06-24,P003,Headphones,Electronics,83.69,No,0.0,37,3096.67,2517.91,3052.51,3095.1271428571426,6,5,25,2023
2023-06-25,P003,Headphones,Electronics,81.11,No,0.0,42,3406.73,3096.67,3726.46,3101.4357142857148,6,6,25,2023
2023-06-26,P003,Headphones,Electronics,84.28,No,0.0,40,3371.35,3406.73,2858.87,3055.7600000000007,6,0,26,2023
2023-06-27,P003,Headphones,Electronics,85.26,No,0.0,38,3239.87,3371.35,2743.09,3128.9714285714285,6,1,26,2023
2023-06-28,P003,Headphones,Electronics,86.23,No,0.0,27,2328.25,3239.87,3400.28,3199.9399999999996,6,2,26,2023
2023-06-29,P003,Headphones,Electronics,86.33,No,0.0,49,4230.23,2328.25,3366.77,3046.792857142857,6,3,26,2023
2023-06-30,P003,Headphones,Electronics,80.42,No,0.0,29,2332.29,4230.23,2517.91,3170.1442857142856,6,4,26,2023
2023-07-01,P003,Headphones,Electronics,83.27,No,0.0,36,2997.68,2332.29,3096.67,3143.6271428571426,7,5,26,2023
2023-07-02,P003,Headphones,Electronics,85.3,Yes,0.113,53,4012.19,2997.68,3406.73,3129.4857142857145,7,6,26,2023
2023-07-03,P003,Headphones,Electronics,85.55,No,0.0,28,2395.53,4012.19,3371.35,3215.9799999999996,7,0,27,2023
2023-07-04,P003,Headphones,Electronics,86.15,No,0.0,34,2929.25,2395.53,3239.87,3076.577142857143,7,1,27,2023
2023-07-05,P003,Headphones,Electronics,84.66,Yes,0.067,61,4819.21,2929.25,2328.25,3032.2028571428573,7,2,27,2023
2023-07-06,P003,Headphones,Electronics,80.79,No,0.0,40,3231.61,4819.21,4230.23,3388.054285714286,7,3,27,2023
2023-07-07,P003,Headphones,Electronics,86.74,No,0.0,37,3209.37,3231.61,2332.29,3245.394285714286,7,4,27,2023
2023-07-08,P003,Headphones,Electronics,82.85,No,0.0,33,2734.01,3209.37,2997.68,3370.691428571429,7,5,27,2023
2023-07-09,P003,Headphones,Electronics,85.63,Yes,0.057,44,3552.23,2734.01,4012.19,3333.024285714286,7,6,27,2023
2023-07-10,P003,Headphones,Electronics,87.05,Yes,0.181,32,2281.43,3552.23,2395.53,3267.315714285715,7,0,28,2023
2023-07-11,P003,Headphones,Electronics,87.57,No,0.0,28,2452.04,2281.43,2929.25,3251.0157142857142,7,1,28,2023
2023-07-12,P003,Headphones,Electronics,84.88,Yes,0.066,26,2060.96,2452.04,4819.21,3182.8428571428567,7,2,28,2023
2023-07-13,P003,Headphones,Electronics,86.15,No,0.0,33,2842.91,2060.96,3231.61,2788.807142857143,7,3,28,2023
2023-07-14,P003,Headphones,Electronics,83.13,No,0.0,25,2078.25,2842.91,3209.37,2733.2785714285715,7,4,28,2023
2023-07-15,P003,Headphones,Electronics,83.15,Yes,0.201,39,2591.3,2078.25,2734.01,2571.69,7,5,28,2023
2023-07-16,P003,Headphones,Electronics,85.65,No,0.0,31,2655.0,2591.3,3552.23,2551.302857142857,7,6,28,2023
2023-07-17,P003,Headphones,Electronics,82.95,No,0.0,30,2488.47,2655.0,2281.43,2423.1271428571426,7,0,29,2023
2023-07-18,P003,Headphones,Electronics,84.64,Yes,0.235,38,2461.41,2488.47,2452.04,2452.7042857142856,7,1,29,2023
2023-07-19,P003,Headphones,Electronics,84.89,No,0.0,38,3226.01,2461.41,2060.96,2454.042857142857,7,2,29,2023
2023-07-20,P003,Headphones,Electronics,86.54,No,0.0,27,2336.71,3226.01,2842.91,2620.4785714285713,7,3,29,2023
2023-07-21,P003,Headphones,Electronics,87.25,No,0.0,33,2879.39,2336.71,2078.25,2548.164285714286,7,4,29,2023
2023-07-22,P003,Headphones,Electronics,80.15,No,0.0,39,3125.68,2879.39,2591.3,2662.612857142857,7,5,29,2023
2023-07-23,P003,Headphones,Electronics,91.14,No,0.0,32,2916.43,3125.68,2655.0,2738.952857142857,7,6,29,2023
2023-07-24,P003,Headphones,Electronics,83.9,No,0.0,28,2349.2,2916.43,2488.47,2776.2999999999997,7,0,30,2023
2023-07-25,P003,Headphones,Electronics,84.44,No,0.0,34,2871.05,2349.2,2461.41,2756.4042857142854,7,1,30,2023
2023-07-26,P003,Headphones,Electronics,83.36,No,0.0,37,3084.37,2871.05,3226.01,2814.9242857142854,7,2,30,2023
2023-07-27,P003,Headphones,Electronics,83.85,No,0.0,32,2683.23,3084.37,2336.71,2794.6899999999996,7,3,30,2023
2023-07-28,P003,Headphones,Electronics,86.21,No,0.0,39,3362.27,2683.23,2879.39,2844.192857142857,7,4,30,2023
2023-07-29,P003,Headphones,Electronics,86.48,No,0.0,35,3026.84,3362.27,3125.68,2913.175714285714,7,5,30,2023
2023-07-30,P003,Headphones,Electronics,84.02,No,0.0,39,3276.68,3026.84,2916.43,2899.055714285714,7,6,30,2023
2023-07-31,P003,Headphones,Electronics,87.76,No,0.0,24,2106.24,3276.68,2349.2,2950.52,7,0,31,2023
2023-08-01,P003,Headphones,Electronics,83.63,No,0.0,27,2258.11,2106.24,2871.05,2915.8114285714287,8,1,31,2023
2023-08-02,P003,Headphones,Electronics,91.96,No,0.0,20,1839.11,2258.11,3084.37,2828.2485714285717,8,2,31,2023
2023-08-03,P003,Headphones,Electronics,88.99,No,0.0,22,1957.68,1839.11,2683.23,2650.3542857142857,8,3,31,2023
2023-08-04,P003,Headphones,Electronics,90.22,No,0.0,26,2345.76,1957.68,3362.27,2546.7042857142856,8,4,31,2023
2023-08-05,P003,Headphones,Electronics,84.87,No,0.0,26,2206.52,2345.76,3026.84,2401.488571428571,8,5,31,2023
2023-08-06,P003,Headphones,Electronics,88.45,No,0.0,41,3626.47,2206.52,3276.68,2284.2999999999997,8,6,31,2023
2023-08-07,P003,Headphones,Electronics,89.13,No,0.0,22,1960.95,3626.47,2106.24,2334.27,8,0,32,2023
2023-08-08,P003,Headphones,Electronics,84.82,No,0.0,26,2205.4,1960.95,2258.11,2313.514285714286,8,1,32,2023
2023-08-09,P003,Headphones,Electronics,88.25,No,0.0,25,2206.29,2205.4,1839.11,2305.9842857142858,8,2,32,2023
2023-08-10,P003,Headphones,Electronics,86.75,No,0.0,29,2515.65,2206.29,1957.68,2358.4385714285713,8,3,32,2023
2023-08-11,P003,Headphones,Electronics,84.3,No,0.0,37,3119.13,2515.65,2345.76,2438.1485714285714,8,4,32,2023
2023-08-12,P003,Headphones,Electronics,85.62,No,0.0,30,2568.52,3119.13,2206.52,2548.63,8,5,32,2023
2023-08-13,P003,Headphones,Electronics,82.76,No,0.0,27,2234.61,2568.52,3626.47,2600.344285714286,8,6,32,2023
2023-08-14,P003,Headphones,Electronics,80.4,No,0.0,40,3215.92,2234.61,1960.95,2401.5071428571428,8,0,33,2023
2023-08-15,P003,Headphones,Electronics,84.87,No,0.0,23,1952.11,3215.92,2205.4,2580.7885714285717,8,1,33,2023
2023-08-16,P003,Headphones,Electronics,85.91,No,0.0,24,2061.73,1952.11,2206.29,2544.6042857142857,8,2,33,2023
2023-08-17,P003,Headphones,Electronics,83.56,Yes,0.052,46,3643.48,2061.73,2515.65,2523.952857142857,8,3,33,2023
2023-08-18,P003,Headphones,Electronics,78.9,No,0.0,34,2682.61,3643.48,3119.13,2685.0714285714284,8,4,33,2023
2023-08-19,P003,Headphones,Electronics,85.04,Yes,0.107,38,2886.35,2682.61,2568.52,2622.7114285714283,8,5,33,2023
2023-08-20,P003,Headphones,Electronics,84.28,No,0.0,43,3623.85,2886.35,2234.61,2668.115714285714,8,6,33,2023
2023-08-21,P003,Headphones,Electronics,84.34,No,0.0,23,1939.89,3623.85,3215.92,2866.578571428571,8,0,34,2023
2023-08-22,P003,Headphones,Electronics,81.1,No,0.0,27,2189.81,1939.89,1952.11,2684.2885714285717,8,1,34,2023
2023-08-23,P003,Headphones,Electronics,85.22,No,0.0,26,2215.78,2189.81,2061.73,2718.2457142857143,8,2,34,2023
2023-08-24,P003,Headphones,Electronics,84.81,Yes,0.066,37,2932.01,2215.78,3643.48,2740.252857142857,8,3,34,2023
2023-08-25,P003,Headphones,Electronics,83.54,No,0.0,31,2589.73,2932.01,2682.61,2638.6142857142854,8,4,34,2023
2023-08-26,P003,Headphones,Electronics,81.65,Yes,0.158,38,2613.72,2589.73,2886.35,2625.345714285714,8,5,34,2023
2023-08-27,P003,Headphones,Electronics,82.77,No,0.0,29,2400.21,2613.72,3623.85,2586.3985714285714,8,6,34,2023
2023-08-28,P003,Headphones,Electronics,87.49,No,0.0,42,3674.45,2400.21,1939.89,2411.592857142857,8,0,35,2023
2023-08-29,P003,Headphones,Electronics,88.43,No,0.0,24,2122.35,3674.45,2189.81,2659.387142857143,8,1,35,2023
2023-08-30,P003,Headphones,Electronics,82.14,No,0.0,29,2382.08,2122.35,2215.78,2649.75,8,2,35,2023
2023-08-31,P003,Headphones,Electronics,84.63,Yes,0.128,49,3615.22,2382.08,2932.01,2673.5071428571428,8,3,35,2023
2023-09-01,P003,Headphones,Electronics,88.47,No,0.0,34,3008.06,3615.22,2589.73,2771.1085714285714,9,4,35,2023
2023-09-02,P003,Headphones,Electronics,89.1,Yes,0.11,36,2855.4,3008.06,2613.72,2830.87,9,5,35,2023
2023-09-03,P003,Headphones,Electronics,84.57,No,0.0,35,2960.04,2855.4,2400.21,2865.395714285714,9,6,35,2023
2023-09-04,P003,Headphones,Electronics,87.88,Yes,0.1,24,1897.8,2960.04,3674.45,2945.371428571428,9,0,36,2023
2023-09-05,P003,Headphones,Electronics,83.43,Yes,0.058,34,2670.94,1897.8,2122.35,2691.5642857142852,9,1,36,2023
2023-09-06,P003,Headphones,Electronics,84.41,No,0.0,22,1857.01,2670.94,2382.08,2769.934285714286,9,2,36,2023
2023-09-07,P003,Headphones,Electronics,85.88,No,0.0,28,2404.63,1857.01,3615.22,2694.9242857142854,9,3,36,2023
2023-09-08,P003,Headphones,Electronics,86.6,No,0.0,27,2338.31,2404.63,3008.06,2521.9828571428575,9,4,36,2023
2023-09-09,P003,Headphones,Electronics,90.87,Yes,0.171,37,2785.59,2338.31,2855.4,2426.304285714286,9,5,36,2023
2023-09-10,P003,Headphones,Electronics,84.37,No,0.0,29,2446.73,2785.59,2960.04,2416.3314285714287,9,6,36,2023
2023-09-11,P003,Headphones,Electronics,84.31,Yes,0.082,39,3019.88,2446.73,1897.8,2343.0014285714287,9,0,37,2023
2023-09-12,P003,Headphones,Electronics,88.24,No,0.0,28,2470.62,3019.88,2670.94,2503.2985714285714,9,1,37,2023
2023-09-13,P003,Headphones,Electronics,85.57,No,0.0,17,1454.62,2470.62,1857.01,2474.6814285714286,9,2,37,2023
2023-09-14,P003,Headphones,Electronics,90.97,No,0.0,19,1728.46,1454.62,2404.63,2417.197142857143,9,3,37,2023
2023-09-15,P003,Headphones,Electronics,88.34,No,0.0,28,2473.62,1728.46,2338.31,2320.6014285714286,9,4,37,2023
2023-09-16,P003,Headphones,Electronics,83.23,No,0.0,32,2663.26,2473.62,2785.59,2339.9314285714286,9,5,37,2023
2023-09-17,P003,Headphones,Electronics,89.6,No,0.0,30,2687.88,2663.26,2446.73,2322.4557142857143,9,6,37,2023
2023-09-18,P003,Headphones,Electronics,88.58,No,0.0,24,2125.96,2687.88,3019.88,2356.905714285714,9,0,38,2023
2023-09-19,P003,Headphones,Electronics,83.36,No,0.0,32,2667.59,2125.96,2470.62,2229.2028571428573,9,1,38,2023
2023-09-20,P003,Headphones,Electronics,84.54,No,0.0,29,2451.54,2667.59,1454.62,2257.3414285714284,9,2,38,2023
2023-09-21,P003,Headphones,Electronics,91.23,No,0.0,34,3101.68,2451.54,1728.46,2399.7585714285715,9,3,38,2023
2023-09-22,P003,Headphones,Electronics,88.79,No,0.0,27,2397.32,3101.68,2473.62,2595.9328571428573,9,4,38,2023
2023-09-23,P003,Headphones,Electronics,80.76,No,0.0,39,3149.77,2397.32,2663.26,2585.032857142857,9,5,38,2023
2023-09-24,P003,Headphones,Electronics,84.21,No,0.0,21,1768.42,3149.77,2687.88,2654.534285714286,9,6,38,2023
2023-09-25,P003,Headphones,Electronics,88.58,No,0.0,28,2480.36,1768.42,2125.96,2523.182857142857,9,0,39,2023
2023-09-26,P003,Headphones,Electronics,86.37,No,0.0,27,2331.91,2480.36,2667.59,2573.8114285714287,9,1,39,2023
2023-09-27,P003,Headphones,Electronics,84.47,No,0.0,29,2449.71,2331.91,2451.54,2525.8571428571427,9,2,39,2023
2023-09-28,P003,Headphones,Electronics,86.22,Yes,0.203,34,2335.99,2449.71,3101.68,2525.595714285714,9,3,39,2023
2023-09-29,P003,Headphones,Electronics,83.44,No,0.0,28,2336.33,2335.99,2397.32,2416.2114285714283,9,4,39,2023
2023-09-30,P003,Headphones,Electronics,82.87,No,0.0,27,2237.51,2336.33,3149.77,2407.4985714285717,9,5,39,2023
2023-10-01,P003,Headphones,Electronics,81.24,Yes,0.056,38,2915.79,2237.51,1768.42,2277.175714285714,10,6,39,2023
2023-10-02,P003,Headphones,Electronics,86.57,No,0.0,32,2770.19,2915.79,2480.36,2441.085714285714,10,0,40,2023
2023-10-03,P003,Headphones,Electronics,80.84,No,0.0,27,2182.67,2770.19,2331.91,2482.4900000000002,10,1,40,2023
2023-10-04,P003,Headphones,Electronics,88.74,No,0.0,32,2839.6,2182.67,2449.71,2461.1699999999996,10,2,40,2023
2023-10-05,P003,Headphones,Electronics,87.53,Yes,0.142,28,2103.8,2839.6,2335.99,2516.8685714285716,10,3,40,2023
2023-10-06,P003,Headphones,Electronics,86.3,No,0.0,20,1726.0,2103.8,2336.33,2483.6985714285715,10,4,40,2023
2023-10-07,P003,Headphones,Electronics,86.46,No,0.0,29,2507.47,1726.0,2237.51,2396.5085714285715,10,5,40,2023
2023-10-08,P003,Headphones,Electronics,85.55,No,0.0,31,2651.99,2507.47,2915.79,2435.074285714286,10,6,40,2023
2023-10-09,P003,Headphones,Electronics,88.53,No,0.0,33,2921.44,2651.99,2770.19,2397.3885714285716,10,0,41,2023
2023-10-10,P003,Headphones,Electronics,85.05,No,0.0,15,1275.7,2921.44,2182.67,2418.9957142857143,10,1,41,2023
2023-10-11,P003,Headphones,Electronics,89.99,No,0.0,32,2879.53,1275.7,2839.6,2289.4285714285716,10,2,41,2023
2023-10-12,P003,Headphones,Electronics,88.09,No,0.0,31,2730.77,2879.53,2103.8,2295.132857142857,10,3,41,2023
2023-10-13,P003,Headphones,Electronics,82.71,Yes,0.19,34,2277.53,2730.77,1726.0,2384.7000000000003,10,4,41,2023
2023-10-14,P003,Headphones,Electronics,85.68,No,0.0,26,2227.8,2277.53,2507.47,2463.4900000000002,10,5,41,2023
2023-10-15,P003,Headphones,Electronics,89.18,No,0.0,27,2407.77,2227.8,2651.99,2423.537142857143,10,6,41,2023
2023-10-16,P003,Headphones,Electronics,84.62,Yes,0.196,40,2722.81,2407.77,2921.44,2388.6485714285714,10,0,42,2023
2023-10-17,P003,Headphones,Electronics,84.35,No,0.0,21,1771.36,2722.81,1275.7,2360.272857142857,10,1,42,2023
2023-10-18,P003,Headphones,Electronics,82.38,No,0.0,33,2718.41,1771.36,2879.53,2431.0814285714287,10,2,42,2023
2023-10-19,P003,Headphones,Electronics,80.36,Yes,0.237,36,2207.53,2718.41,2730.77,2408.0642857142857,10,3,42,2023
2023-10-20,P003,Headphones,Electronics,84.99,Yes,0.161,25,1782.35,2207.53,2277.53,2333.3157142857144,10,4,42,2023
2023-10-21,P003,Headphones,Electronics,88.36,No,0.0,33,2915.91,1782.35,2227.8,2262.575714285714,10,5,42,2023
2023-10-22,P003,Headphones,Electronics,90.25,No,0.0,25,2256.29,2915.91,2407.77,2360.8771428571426,10,6,42,2023
2023-10-23,P003,Headphones,Electronics,82.44,No,0.0,32,2637.97,2256.29,2722.81,2339.2371428571428,10,0,43,2023
2023-10-24,P003,Headphones,Electronics,83.83,No,0.0,18,1508.96,2637.97,1771.36,2327.1171428571424,10,1,43,2023
2023-10-25,P003,Headphones,Electronics,84.83,No,0.0,29,2459.93,1508.96,2718.41,2289.6314285714284,10,2,43,2023
2023-10-26,P003,Headphones,Electronics,84.8,No,0.0,27,2289.52,2459.93,2207.53,2252.7057142857143,10,3,43,2023
2023-10-27,P003,Headphones,Electronics,87.34,No,0.0,28,2445.52,2289.52,1782.35,2264.4185714285713,10,4,43,2023
2023-10-28,P003,Headphones,Electronics,86.84,Yes,0.236,41,2719.02,2445.52,2915.91,2359.157142857143,10,5,43,2023
2023-10-29,P003,Headphones,Electronics,82.02,No,0.0,28,2296.67,2719.02,2256.29,2331.0299999999997,10,6,43,2023
2023-10-30,P003,Headphones,Electronics,82.78,No,0.0,34,2814.48,2296.67,2637.97,2336.7985714285714,10,0,44,2023
2023-10-31,P003,Headphones,Electronics,79.42,Yes,0.194,33,2113.14,2814.48,1508.96,2362.0142857142855,10,1,44,2023
2023-11-01,P003,Headphones,Electronics,83.76,Yes,0.13,41,2988.69,2113.14,2459.93,2448.325714285714,11,2,44,2023
2023-11-02,P003,Headphones,Electronics,84.02,No,0.0,34,2856.64,2988.69,2289.52,2523.862857142857,11,3,44,2023
2023-11-03,P003,Headphones,Electronics,84.19,No,0.0,32,2693.94,2856.64,2445.52,2604.88,11,4,44,2023
2023-11-04,P003,Headphones,Electronics,83.89,No,0.0,25,2097.26,2693.94,2719.02,2640.3685714285716,11,5,44,2023
2023-11-05,P003,Headphones,Electronics,92.31,No,0.0,41,3784.69,2097.26,2296.67,2551.5457142857144,11,6,44,2023
2023-11-06,P003,Headphones,Electronics,85.99,Yes,0.059,37,2995.09,3784.69,2814.48,2764.12,11,0,45,2023
2023-11-07,P003,Headphones,Electronics,81.74,No,0.0,40,3269.68,2995.09,2113.14,2789.921428571429,11,1,45,2023
2023-11-08,P003,Headphones,Electronics,84.01,No,0.0,36,3024.5,3269.68,2988.69,2955.1414285714286,11,2,45,2023
2023-11-09,P003,Headphones,Electronics,86.44,No,0.0,27,2333.93,3024.5,2856.64,2960.257142857143,11,3,45,2023
2023-11-10,P003,Headphones,Electronics,83.61,No,0.0,38,3177.05,2333.93,2693.94,2885.5842857142857,11,4,45,2023
2023-11-11,P003,Headphones,Electronics,85.19,No,0.0,33,2811.17,3177.05,2097.26,2954.6,11,5,45,2023
2023-11-12,P003,Headphones,Electronics,84.24,No,0.0,43,3622.21,2811.17,3784.69,3056.587142857143,11,6,45,2023
2023-11-13,P003,Headphones,Electronics,80.04,No,0.0,37,2961.33,3622.21,2995.09,3033.3757142857144,11,0,46,2023
2023-11-14,P003,Headphones,Electronics,81.4,Yes,0.235,34,2116.17,2961.33,3269.68,3028.552857142857,11,1,46,2023
2023-11-15,P003,Headphones,Electronics,89.27,No,0.0,23,2053.27,2116.17,3024.5,2863.7657142857142,11,2,46,2023
2023-11-16,P003,Headphones,Electronics,88.65,No,0.0,35,3102.69,2053.27,2333.93,2725.0185714285712,11,3,46,2023
2023-11-17,P003,Headphones,Electronics,89.21,Yes,0.177,42,3084.77,3102.69,3177.05,2834.8414285714284,11,4,46,2023
2023-11-18,P003,Headphones,Electronics,87.49,No,0.0,31,2712.24,3084.77,2811.17,2821.6585714285716,11,5,46,2023
2023-11-19,P003,Headphones,Electronics,82.76,No,0.0,45,3724.42,2712.24,3622.21,2807.5257142857145,11,6,46,2023
2023-11-20,P003,Headphones,Electronics,85.74,No,0.0,30,2572.11,3724.42,2961.33,2822.1271428571426,11,0,47,2023
2023-11-21,P003,Headphones,Electronics,84.08,No,0.0,32,2690.67,2572.11,2116.17,2766.5242857142853,11,1,47,2023
2023-11-22,P003,Headphones,Electronics,82.36,No,0.0,31,2553.11,2690.67,2053.27,2848.5957142857146,11,2,47,2023
2023-11-23,P003,Headphones,Electronics,85.95,No,0.0,25,2148.65,2553.11,3102.69,2920.0014285714287,11,3,47,2023
2023-11-24,P003,Headphones,Electronics,82.97,No,0.0,44,3650.59,2148.65,3084.77,2783.71,11,4,47,2023
2023-11-25,P003,Headphones,Electronics,86.17,No,0.0,38,3274.48,3650.59,2712.24,2864.5414285714287,11,5,47,2023
2023-11-26,P003,Headphones,Electronics,82.08,No,0.0,37,3036.78,3274.48,3724.42,2944.8614285714284,11,6,47,2023
2023-11-27,P003,Headphones,Electronics,85.73,No,0.0,36,3086.4,3036.78,2572.11,2846.627142857143,11,0,48,2023
2023-11-28,P003,Headphones,Electronics,84.93,Yes,0.097,31,2377.95,3086.4,2690.67,2920.097142857143,11,1,48,2023
2023-11-29,P003,Headphones,Electronics,90.45,No,0.0,24,2170.83,2377.95,2553.11,2875.422857142857,11,2,48,2023
2023-11-30,P003,Headphones,Electronics,86.19,No,0.0,34,2930.5,2170.83,2148.65,2820.8114285714287,11,3,48,2023
2023-12-01,P003,Headphones,Electronics,83.07,No,0.0,41,3405.79,2930.5,3650.59,2932.5042857142857,12,4,48,2023
2023-12-02,P003,Headphones,Electronics,85.25,No,0.0,43,3665.85,3405.79,3274.48,2897.532857142857,12,5,48,2023
2023-12-03,P003,Headphones,Electronics,87.03,No,0.0,45,3916.53,3665.85,3036.78,2953.4428571428575,12,6,48,2023
2023-12-04,P003,Headphones,Electronics,80.94,No,0.0,41,3318.42,3916.53,3086.4,3079.121428571428,12,0,49,2023
2023-12-05,P003,Headphones,Electronics,81.53,No,0.0,45,3668.99,3318.42,2377.95,3112.2671428571434,12,1,49,2023
2023-12-06,P003,Headphones,Electronics,90.87,No,,29,2635.17,3668.99,2170.83,3296.7014285714286,12,2,49,2023
2023-12-07,P003,Headphones,Electronics,81.13,Yes,0.163,49,3326.47,2635.17,2930.5,3363.035714285714,12,3,49,2023
2023-12-08,P003,Headphones,Electronics,84.02,Yes,0.232,38,2451.76,3326.47,3405.79,3419.6028571428574,12,4,49,2023
2023-12-09,P003,Headphones,Electronics,87.81,No,0.0,35,3073.3,2451.76,3665.85,3283.3128571428574,12,5,49,2023
2023-12-10,P003,Headphones,Electronics,81.73,No,0.0,39,3187.33,3073.3,3916.53,3198.662857142857,12,6,49,2023
2023-12-11,P003,Headphones,Electronics,81.75,No,0.0,43,3515.4,3187.33,3318.42,3094.4914285714285,12,0,50,2023
2023-12-12,P003,Headphones,Electronics,81.3,No,0.0,45,3658.72,3515.4,3668.99,3122.6314285714284,12,1,50,2023
2023-12-13,P003,Headphones,Electronics,84.34,Yes,0.092,54,4133.53,3658.72,2635.17,3121.164285714286,12,2,50,2023
2023-12-14,P003,Headphones,Electronics,87.9,No,0.0,33,2900.76,4133.53,3326.47,3335.2157142857145,12,3,50,2023
2023-12-15,P003,Headphones,Electronics,91.38,No,0.0,38,3472.32,2900.76,2451.76,3274.4000000000005,12,4,50,2023
2023-12-16,P003,Headphones,Electronics,89.16,No,0.0,40,3566.3,3472.32,3073.3,3420.194285714286,12,5,50,2023
2023-12-17,P003,Headphones,Electronics,79.1,No,0.0,45,3559.31,3566.3,3187.33,3490.6228571428574,12,6,50,2023
2023-12-18,P003,Headphones,Electronics,87.5,Yes,0.194,56,3950.89,3559.31,3515.4,3543.7628571428577,12,0,51,2023
2023-12-19,P003,Headphones,Electronics,91.51,No,0.0,25,2287.82,3950.89,3658.72,3605.9757142857147,12,1,51,2023
2023-12-20,P003,Headphones,Electronics,84.67,No,0.0,44,3725.56,2287.82,4133.53,3410.132857142857,12,2,51,2023
2023-12-21,P003,Headphones,Electronics,86.68,No,0.0,29,2513.85,3725.56,2900.76,3351.8514285714286,12,3,51,2023
2023-12-22,P003,Headphones,Electronics,88.01,No,0.0,46,4048.4,2513.85,3472.32,3296.578571428571,12,4,51,2023
2023-12-23,P003,Headphones,Electronics,85.98,Yes,0.207,73,4979.31,4048.4,3566.3,3378.875714285714,12,5,51,2023
2023-12-24,P003,Headphones,Electronics,85.99,No,0.0,48,4127.66,4979.31,3559.31,3580.7342857142858,12,6,51,2023
2023-12-25,P003,Headphones,Electronics,82.27,Yes,0.115,58,4225.04,4127.66,3950.89,3661.9271428571433,12,0,52,2023
2023-12-26,P003,Headphones,Electronics,82.46,No,0.0,48,3958.24,4225.04,2287.82,3701.0914285714284,12,1,52,2023
2023-12-27,P003,Headphones,Electronics,85.43,No,0.0,38,3246.32,3958.24,3725.56,3939.722857142857,12,2,52,2023
2023-12-28,P003,Headphones,Electronics,87.3,Yes,0.15,47,3489.68,3246.32,2513.85,3871.2599999999998,12,3,52,2023
2023-12-29,P003,Headphones,Electronics,81.42,No,0.0,37,3012.66,3489.68,4048.4,4010.6642857142856,12,4,52,2023
2023-12-30,P003,Headphones,Electronics,83.49,No,0.0,38,3172.51,3012.66,4979.31,3862.7014285714286,12,5,52,2023
2023-12-31,P003,Headphones,Electronics,82.28,No,0.0,52,4278.81,3172.51,4127.66,3604.587142857143,12,6,52,2023
2024-01-01,P003,Headphones,Electronics,82.23,No,0.0,37,3042.66,4278.81,4225.04,3626.1800000000003,1,0,1,2024
2024-01-02,P003,Headphones,Electronics,79.84,No,0.0,42,3353.15,3042.66,3958.24,3457.2685714285712,1,1,1,2024
2024-01-03,P003,Headphones,Electronics,84.86,No,0.0,38,3224.81,3353.15,3246.32,3370.827142857143,1,2,1,2024
2024-01-04,P003,Headphones,Electronics,83.53,No,0.0,33,2756.37,3224.81,3489.68,3367.754285714286,1,3,1,2024
2024-01-05,P003,Headphones,Electronics,82.57,No,0.0,31,2559.68,2756.37,3012.66,3262.9957142857143,1,4,1,2024
2024-01-06,P003,Headphones,Electronics,86.73,No,0.0,36,3122.45,2559.68,3172.51,3198.284285714286,1,5,1,2024
2024-01-07,P003,Headphones,Electronics,83.7,Yes,0.14,44,3167.44,3122.45,4278.81,3191.132857142857,1,6,1,2024
2024-01-08,P003,Headphones,Electronics,82.17,No,0.0,29,2382.94,3167.44,3042.66,3032.3657142857146,1,0,2,2024
2024-01-09,P003,Headphones,Electronics,83.21,No,0.0,22,1830.52,2382.94,3353.15,2938.12,1,1,2,2024
2024-01-10,P003,Headphones,Electronics,83.08,Yes,0.091,44,3322.68,1830.52,3224.81,2720.6014285714286,1,2,2,2024
2024-01-11,P003,Headphones,Electronics,82.93,No,0.0,28,2322.08,3322.68,2756.37,2734.582857142857,1,3,2,2024
2024-01-12,P003,Headphones,Electronics,82.47,No,0.0,35,2886.54,2322.08,2559.68,2672.5414285714287,1,4,2,2024
2024-01-13,P003,Headphones,Electronics,85.01,No,0.0,35,2975.28,2886.54,3122.45,2719.235714285714,1,5,2,2024
2024-01-14,P003,Headphones,Electronics,84.62,Yes,0.209,40,2676.26,2975.28,3167.44,2698.2114285714283,1,6,2,2024
2024-01-15,P003,Headphones,Electronics,83.27,No,0.0,32,2664.68,2676.26,2382.94,2628.042857142857,1,0,3,2024
2024-01-16,P003,Headphones,Electronics,86.25,Yes,0.196,44,3051.63,2664.68,1830.52,2668.2914285714287,1,1,3,2024
2024-01-17,P003,Headphones,Electronics,83.12,No,0.0,34,2826.09,3051.63,3322.68,2842.735714285714,1,2,3,2024
2024-01-18,P003,Headphones,Electronics,83.11,No,0.0,30,2493.39,2826.09,2322.08,2771.7942857142853,1,3,3,2024
2024-01-19,P003,Headphones,Electronics,84.13,Yes,0.242,41,2613.03,2493.39,2886.54,2796.2671428571434,1,4,3,2024
2024-01-20,P003,Headphones,Electronics,87.38,No,0.0,40,3495.06,2613.03,2975.28,2757.194285714286,1,5,3,2024
2024-01-21,P003,Headphones,Electronics,81.78,Yes,0.068,55,4192.52,3495.06,2676.26,2831.4485714285715,1,6,3,2024
2024-01-22,P003,Headphones,Electronics,80.12,No,0.0,32,2563.75,4192.52,2664.68,3048.057142857143,1,0,4,2024
2024-01-23,P003,Headphones,Electronics,84.27,No,0.0,30,2528.2,2563.75,3051.63,3033.6385714285716,1,1,4,2024
2024-01-24,P003,Headphones,Electronics,80.69,Yes,0.179,50,3310.91,2528.2,2826.09,2958.862857142857,1,2,4,2024
2024-01-25,P003,Headphones,Electronics,87.21,No,0.0,27,2354.54,3310.91,2493.39,3028.1228571428574,1,3,4,2024
2024-01-26,P003,Headphones,Electronics,83.24,No,0.0,38,3163.25,2354.54,2613.03,3008.287142857143,1,4,4,2024
2024-01-27,P003,Headphones,Electronics,84.14,No,0.0,23,1935.14,3163.25,3495.06,3086.89,1,5,4,2024
2024-01-28,P003,Headphones,Electronics,86.98,Yes,0.122,45,3434.63,1935.14,4192.52,2864.0442857142853,1,6,4,2024
2024-01-29,P003,Headphones,Electronics,84.46,No,0.0,27,2280.44,3434.63,2563.75,2755.7742857142853,1,0,5,2024
2024-01-30,P003,Headphones,Electronics,88.62,Yes,0.134,41,3147.6,2280.44,2528.2,2715.3014285714285,1,1,5,2024
2024-01-31,P003,Headphones,Electronics,84.69,No,0.0,27,2286.72,3147.6,3310.91,2803.7871428571425,1,2,5,2024
2024-02-01,P003,Headphones,Electronics,82.62,No,0.0,35,2891.78,2286.72,2354.54,2657.4742857142855,2,3,5,2024
2024-02-02,P003,Headphones,Electronics,79.82,No,0.0,44,3512.14,2891.78,3163.25,2734.2228571428573,2,4,5,2024
2024-02-03,P003,Headphones,Electronics,83.47,No,0.0,39,3255.46,3512.14,1935.14,2784.0642857142857,2,5,5,2024
2024-02-04,P003,Headphones,Electronics,82.17,Yes,0.094,44,3274.41,3255.46,3434.63,2972.6814285714286,2,6,5,2024
2024-02-05,P003,Headphones,Electronics,78.61,No,0.0,29,2279.78,3274.41,2280.44,2949.792857142857,2,0,6,2024
2024-02-06,P003,Headphones,Electronics,84.52,No,0.0,31,2620.1,2279.78,3147.6,2949.6985714285715,2,1,6,2024
2024-02-07,P003,Headphones,Electronics,89.22,Yes,0.053,37,3125.42,2620.1,2286.72,2874.3414285714284,2,2,6,2024
2024-02-08,P003,Headphones,Electronics,81.82,No,0.0,37,3027.23,3125.42,2891.78,2994.155714285714,2,3,6,2024
2024-02-09,P003,Headphones,Electronics,81.75,No,0.0,42,3433.45,3027.23,3512.14,3013.5057142857145,2,4,6,2024
2024-02-10,P003,Headphones,Electronics,82.18,No,0.0,42,3451.7,3433.45,3255.46,3002.2642857142855,2,5,6,2024
2024-02-11,P003,Headphones,Electronics,82.22,No,0.0,41,3371.15,3451.7,3274.41,3030.2985714285714,2,6,6,2024
2024-02-12,P003,Headphones,Electronics,84.62,No,0.0,32,2707.83,3371.15,2279.78,3044.1185714285716,2,0,7,2024
2024-02-13,P003,Headphones,Electronics,86.32,Yes,0.074,30,2399.1,2707.83,2620.1,3105.2685714285717,2,1,7,2024
2024-02-14,P003,Headphones,Electronics,88.72,Yes,0.069,47,3880.94,2399.1,3125.42,3073.6971428571424,2,2,7,2024
2024-02-15,P003,Headphones,Electronics,88.05,No,0.0,45,3962.44,3880.94,3027.23,3181.628571428572,2,3,7,2024
2024-02-16,P003,Headphones,Electronics,90.95,No,0.0,47,4274.88,3962.44,3433.45,3315.2299999999996,2,4,7,2024
2024-02-17,P003,Headphones,Electronics,83.3,No,0.0,38,3165.38,4274.88,3451.7,3435.434285714286,2,5,7,2024
2024-02-18,P003,Headphones,Electronics,79.21,No,0.0,39,3089.04,3165.38,3371.15,3394.531428571429,2,6,7,2024
2024-02-19,P003,Headphones,Electronics,86.75,No,0.0,43,3730.05,3089.04,2707.83,3354.23,2,0,8,2024
2024-02-20,P003,Headphones,Electronics,86.73,No,0.0,30,2601.97,3730.05,2399.1,3500.261428571429,2,1,8,2024
2024-02-21,P003,Headphones,Electronics,84.35,No,0.0,37,3121.08,2601.97,3880.94,3529.2428571428572,2,2,8,2024
2024-02-22,P003,Headphones,Electronics,87.82,No,0.0,38,3336.99,3121.08,3962.44,3420.691428571429,2,3,8,2024
2024-02-23,P003,Headphones,Electronics,84.14,Yes,0.13,56,4098.69,3336.99,4274.88,3331.3414285714284,2,4,8,2024
2024-02-24,P003,Headphones,Electronics,85.74,No,0.0,38,3258.28,4098.69,3165.38,3306.1714285714284,2,5,8,2024
2024-02-25,P003,Headphones,Electronics,86.44,No,0.0,38,3284.7,3258.28,3089.04,3319.442857142857,2,6,8,2024
2024-02-26,P003,Headphones,Electronics,88.16,No,0.0,35,3085.5,3284.7,3730.05,3347.3942857142856,2,0,9,2024
2024-02-27,P003,Headphones,Electronics,79.32,No,0.0,33,2617.49,3085.5,2601.97,3255.315714285714,2,1,9,2024
2024-02-28,P003,Headphones,Electronics,80.77,Yes,0.154,53,3620.38,2617.49,3121.08,3257.532857142857,2,2,9,2024
2024-02-29,P003,Headphones,Electronics,84.99,Yes,0.128,34,2519.82,3620.38,3336.99,3328.8614285714284,2,3,9,2024
2024-03-01,P003,Headphones,Electronics,87.24,Yes,0.204,37,2569.09,2519.82,4098.69,3212.1228571428574,3,4,9,2024
2024-03-02,P003,Headphones,Electronics,89.73,No,0.0,41,3679.07,2569.09,3258.28,2993.6085714285714,3,5,9,2024
2024-03-03,P003,Headphones,Electronics,81.57,No,0.0,51,4160.19,3679.07,3284.7,3053.7214285714285,3,6,9,2024
2024-03-04,P003,Headphones,Electronics,90.35,No,0.0,37,3343.13,4160.19,3085.5,3178.7914285714287,3,0,10,2024
2024-03-05,P003,Headphones,Electronics,81.88,No,0.0,36,2947.82,3343.13,2617.49,3215.595714285714,3,1,10,2024
2024-03-06,P003,Headphones,Electronics,82.77,No,0.0,35,2896.78,2947.82,3620.38,3262.785714285714,3,2,10,2024
2024-03-07,P003,Headphones,Electronics,85.13,No,0.0,32,2724.12,2896.78,2519.82,3159.414285714286,3,3,10,2024
2024-03-08,P003,Headphones,Electronics,83.29,Yes,0.178,35,2395.97,2724.12,2569.09,3188.6,3,4,10,2024
2024-03-09,P003,Headphones,Electronics,85.42,No,0.0,36,3075.13,2395.97,3679.07,3163.8685714285716,3,5,10,2024
2024-03-10,P003,Headphones,Electronics,83.32,No,0.0,45,3749.6,3075.13,4160.19,3077.5914285714284,3,6,10,2024
2024-03-11,P003,Headphones,Electronics,86.01,No,0.0,33,2838.42,3749.6,3343.13,3018.9357142857143,3,0,11,2024
2024-03-12,P003,Headphones,Electronics,82.47,Yes,0.068,45,3457.64,2838.42,2947.82,2946.8342857142857,3,1,11,2024
2024-03-13,P003,Headphones,Electronics,90.08,No,0.0,35,3152.91,3457.64,2896.78,3019.6657142857143,3,2,11,2024
2024-03-14,P003,Headphones,Electronics,81.73,No,0.0,32,2615.5,3152.91,2724.12,3056.255714285714,3,3,11,2024
2024-03-15,P003,Headphones,Electronics,84.52,No,0.0,46,3887.87,2615.5,2395.97,3040.738571428571,3,4,11,2024
2024-03-16,P003,Headphones,Electronics,83.97,No,0.0,34,2854.98,3887.87,3075.13,3253.867142857143,3,5,11,2024
2024-03-17,P003,Headphones,Electronics,83.74,Yes,0.123,41,3011.7,2854.98,3749.6,3222.417142857143,3,6,11,2024
2024-03-18,P003,Headphones,Electronics,82.1,No,0.0,35,2873.44,3011.7,2838.42,3117.0028571428566,3,0,12,2024
2024-03-19,P003,Headphones,Electronics,84.93,No,0.0,35,2972.6,2873.44,3457.64,3122.0057142857145,3,1,12,2024
2024-03-20,P003,Headphones,Electronics,81.92,No,0.0,41,3358.78,2972.6,3152.91,3052.714285714286,3,2,12,2024
2024-03-21,P003,Headphones,Electronics,83.46,Yes,0.099,31,2330.82,3358.78,2615.5,3082.124285714286,3,3,12,2024
2024-03-22,P003,Headphones,Electronics,84.24,No,0.0,28,2358.6,2330.82,3887.87,3041.4557142857147,3,4,12,2024
2024-03-23,P003,Headphones,Electronics,89.31,No,0.0,38,3393.8,2358.6,2854.98,2822.988571428571,3,5,12,2024
2024-03-24,P003,Headphones,Electronics,86.86,No,0.0,39,3387.43,3393.8,3011.7,2899.962857142857,3,6,12,2024
2024-03-25,P003,Headphones,Electronics,84.49,No,0.0,56,4731.41,3387.43,2873.44,2953.6385714285716,3,0,13,2024
2024-03-26,P003,Headphones,Electronics,79.13,No,0.0,48,3798.18,4731.41,2972.6,3219.062857142857,3,1,13,2024
2024-03-27,P003,Headphones,Electronics,84.59,No,0.0,42,3552.74,3798.18,3358.78,3337.002857142857,3,2,13,2024
2024-03-28,P003,Headphones,Electronics,82.89,No,0.0,40,3315.53,3552.74,2330.82,3364.7114285714283,3,3,13,2024
2024-03-29,P003,Headphones,Electronics,88.09,No,0.0,43,3787.79,3315.53,2358.6,3505.3842857142854,3,4,13,2024
2024-03-30,P003,Headphones,Electronics,82.62,No,0.0,40,3304.98,3787.79,3393.8,3709.554285714286,3,5,13,2024
2024-03-31,P003,Headphones,Electronics,87.22,Yes,0.239,61,4050.49,3304.98,3387.43,3696.8657142857146,3,6,13,2024
2024-04-01,P003,Headphones,Electronics,84.27,No,0.0,36,3033.7,4050.49,4731.41,3791.5885714285714,4,0,14,2024
2024-04-02,P003,Headphones,Electronics,83.55,No,0.0,39,3258.52,3033.7,3798.18,3549.058571428571,4,1,14,2024
2024-04-03,P003,Headphones,Electronics,84.46,No,0.0,35,2956.21,3258.52,3552.74,3471.964285714286,4,2,14,2024
2024-04-04,P003,Headphones,Electronics,89.05,No,0.0,37,3294.68,2956.21,3315.53,3386.745714285714,4,3,14,2024
2024-04-05,P003,Headphones,Electronics,84.64,No,0.0,28,2369.82,3294.68,3787.79,3383.7671428571425,4,4,14,2024
2024-04-06,P003,Headphones,Electronics,77.11,No,0.0,41,3161.61,2369.82,3304.98,3181.2,4,5,14,2024
2024-04-07,P003,Headphones,Electronics,85.51,No,0.0,42,3591.57,3161.61,4050.49,3160.718571428571,4,6,14,2024
2024-04-08,P003,Headphones,Electronics,85.23,No,0.0,39,3324.15,3591.57,3033.7,3095.1585714285716,4,0,15,2024
2024-04-09,P003,Headphones,Electronics,82.05,Yes,0.224,45,2867.08,3324.15,3258.52,3136.651428571429,4,1,15,2024
2024-04-10,P003,Headphones,Electronics,83.41,No,0.0,37,3086.33,2867.08,2956.21,3080.7314285714283,4,2,15,2024
2024-04-11,P003,Headphones,Electronics,85.12,No,0.0,32,2723.72,3086.33,3294.68,3099.32,4,3,15,2024
2024-04-12,P003,Headphones,Electronics,86.94,No,0.0,41,3564.43,2723.72,2369.82,3017.7542857142857,4,4,15,2024
2024-04-13,P003,Headphones,Electronics,81.47,Yes,0.183,32,2129.88,3564.43,3161.61,3188.412857142857,4,5,15,2024
2024-04-14,P003,Headphones,Electronics,83.0,No,0.0,36,2988.18,2129.88,3591.57,3041.022857142857,4,6,15,2024
2024-04-15,P003,Headphones,Electronics,88.51,No,0.0,32,2832.19,2988.18,3324.15,2954.824285714286,4,0,16,2024
2024-04-16,P003,Headphones,Electronics,87.73,No,0.0,40,3509.4,2832.19,2867.08,2884.5442857142853,4,1,16,2024
2024-04-17,P003,Headphones,Electronics,85.76,No,0.0,37,3173.1,3509.4,3086.33,2976.304285714286,4,2,16,2024
2024-04-18,P003,Headphones,Electronics,80.98,Yes,0.24,50,3075.47,3173.1,2723.72,2988.7,4,3,16,2024
2024-04-19,P003,Headphones,Electronics,83.82,No,0.0,44,3688.05,3075.47,3564.43,3038.9500000000003,4,4,16,2024
2024-04-20,P003,Headphones,Electronics,88.13,No,0.0,46,4053.98,3688.05,2129.88,3056.61,4,5,16,2024
2024-04-21,P003,Headphones,Electronics,85.71,No,0.0,37,3171.09,4053.98,2988.18,3331.4814285714283,4,6,16,2024
2024-04-22,P003,Headphones,Electronics,84.27,No,0.0,32,2696.78,3171.09,2832.19,3357.6114285714284,4,0,17,2024
2024-04-23,P003,Headphones,Electronics,86.39,No,0.0,31,2678.06,2696.78,3509.4,3338.2671428571434,4,1,17,2024
2024-04-24,P003,Headphones,Electronics,83.07,Yes,0.148,37,2617.54,2678.06,3173.1,3219.5042857142857,4,2,17,2024
2024-04-25,P003,Headphones,Electronics,82.4,No,0.0,40,3295.85,2617.54,3075.47,3140.1385714285716,4,3,17,2024
2024-04-26,P003,Headphones,Electronics,90.16,No,0.0,38,3426.18,3295.85,3688.05,3171.621428571428,4,4,17,2024
2024-04-27,P003,Headphones,Electronics,90.03,No,0.0,48,4321.28,3426.18,4053.98,3134.2114285714283,4,5,17,2024
2024-04-28,P003,Headphones,Electronics,87.78,No,0.0,48,4213.59,4321.28,3171.09,3172.3971428571426,4,6,17,2024
2024-04-29,P003,Headphones,Electronics,80.2,No,0.0,33,2646.73,4213.59,2696.78,3321.325714285714,4,0,18,2024
2024-04-30,P003,Headphones,Electronics,83.83,No,0.0,49,4107.44,2646.73,2678.06,3314.175714285714,4,1,18,2024
2024-05-01,P003,Headphones,Electronics,84.22,No,0.0,42,3537.19,4107.44,2617.54,3518.3728571428574,5,2,18,2024
2024-05-02,P003,Headphones,Electronics,80.22,No,0.0,26,2085.67,3537.19,3295.85,3649.7514285714283,5,3,18,2024
2024-05-03,P003,Headphones,Electronics,86.74,No,0.0,40,3469.58,2085.67,3426.18,3476.868571428571,5,4,18,2024
2024-05-04,P003,Headphones,Electronics,86.96,Yes,0.128,54,4096.96,3469.58,4321.28,3483.0685714285714,5,5,18,2024
2024-05-05,P003,Headphones,Electronics,88.01,Yes,0.057,53,4400.67,4096.96,4213.59,3451.0228571428565,5,6,18,2024
2024-05-06,P003,Headphones,Electronics,84.63,No,0.0,34,2877.39,4400.67,2646.73,3477.7485714285717,5,0,19,2024
2024-05-07,P003,Headphones,Electronics,88.95,No,0.0,41,3646.94,2877.39,4107.44,3510.7,5,1,19,2024
2024-05-08,P003,Headphones,Electronics,87.65,Yes,0.126,39,2987.41,3646.94,3537.19,3444.914285714286,5,2,19,2024
2024-05-09,P003,Headphones,Electronics,84.13,No,0.0,36,3028.81,2987.41,2085.67,3366.374285714286,5,3,19,2024
2024-05-10,P003,Headphones,Electronics,82.8,No,0.0,39,3229.01,3028.81,3469.58,3501.1085714285714,5,4,19,2024
2024-05-11,P003,Headphones,Electronics,88.08,No,0.0,32,2818.5,3229.01,4096.96,3466.741428571429,5,5,19,2024
2024-05-12,P003,Headphones,Electronics,89.42,No,0.0,41,3666.24,2818.5,4400.67,3284.104285714286,5,6,19,2024
2024-05-13,P003,Headphones,Electronics,81.68,No,0.0,33,2695.36,3666.24,2877.39,3179.1857142857143,5,0,20,2024
2024-05-14,P003,Headphones,Electronics,81.38,No,0.0,31,2522.68,2695.36,3646.94,3153.1814285714286,5,1,20,2024
2024-05-15,P003,Headphones,Electronics,89.16,No,0.0,41,3655.61,2522.68,2987.41,2992.5728571428576,5,2,20,2024
2024-05-16,P003,Headphones,Electronics,89.96,No,0.0,35,3148.65,3655.61,3028.81,3088.0299999999997,5,3,20,2024
2024-05-17,P003,Headphones,Electronics,79.59,Yes,0.196,50,3198.78,3148.65,3229.01,3105.15,5,4,20,2024
2024-05-18,P003,Headphones,Electronics,85.85,Yes,0.069,64,5115.53,3198.78,2818.5,3100.8314285714287,5,5,20,2024
2024-05-19,P003,Headphones,Electronics,85.72,No,0.0,46,3942.89,5115.53,3666.24,3428.9785714285713,5,6,20,2024
2024-05-20,P003,Headphones,Electronics,85.75,No,0.0,43,3687.19,3942.89,2695.36,3468.5,5,0,21,2024
2024-05-21,P003,Headphones,Electronics,87.36,No,0.0,30,2620.92,3687.19,2522.68,3610.19,5,1,21,2024
2024-05-22,P003,Headphones,Electronics,84.41,No,0.0,40,3376.4,2620.92,3655.61,3624.2242857142855,5,2,21,2024
2024-05-23,P003,Headphones,Electronics,83.68,No,0.0,39,3263.56,3376.4,3148.65,3584.337142857143,5,3,21,2024
2024-05-24,P003,Headphones,Electronics,82.24,No,0.0,29,2384.86,3263.56,3198.78,3600.752857142857,5,4,21,2024
2024-05-25,P003,Headphones,Electronics,77.42,No,0.0,45,3483.98,2384.86,5115.53,3484.4785714285713,5,5,21,2024
2024-05-26,P003,Headphones,Electronics,83.18,No,0.0,38,3160.87,3483.98,3942.89,3251.4,5,6,21,2024
2024-05-27,P003,Headphones,Electronics,88.41,No,0.0,37,3271.19,3160.87,3687.19,3139.682857142857,5,0,22,2024
2024-05-28,P003,Headphones,Electronics,83.01,No,0.0,37,3071.37,3271.19,2620.92,3080.2542857142857,5,1,22,2024
2024-05-29,P003,Headphones,Electronics,85.97,No,0.0,39,3352.77,3071.37,3376.4,3144.6042857142857,5,2,22,2024
2024-05-30,P003,Headphones,Electronics,77.27,Yes,0.146,51,3365.65,3352.77,3263.56,3141.2285714285713,5,3,22,2024
2024-05-31,P003,Headphones,Electronics,82.72,No,0.0,32,2646.9,3365.65,2384.86,3155.8128571428574,5,4,22,2024
2024-06-01,P003,Headphones,Electronics,81.89,Yes,0.17,53,3600.47,2646.9,3483.98,3193.247142857143,6,5,22,2024
2024-06-02,P003,Headphones,Electronics,83.12,Yes,0.176,54,3699.5,3600.47,3160.87,3209.8885714285716,6,6,22,2024
2024-06-03,P003,Headphones,Electronics,87.51,Yes,0.083,55,4411.57,3699.5,3271.19,3286.835714285714,6,0,23,2024
2024-06-04,P003,Headphones,Electronics,87.47,Yes,0.171,46,3336.12,4411.57,3071.37,3449.747142857143,6,1,23,2024
2024-06-05,P003,Headphones,Electronics,85.33,Yes,0.172,59,4167.35,3336.12,3352.77,3487.5685714285714,6,2,23,2024
2024-06-06,P003,Headphones,Electronics,84.11,No,0.0,43,3616.73,4167.35,3365.65,3603.937142857143,6,3,23,2024
2024-06-07,P003,Headphones,Electronics,87.51,No,0.0,36,3150.24,3616.73,2646.9,3639.805714285714,6,4,23,2024
2024-06-08,P003,Headphones,Electronics,85.97,No,0.0,32,2751.09,3150.24,3600.47,3711.7114285714283,6,5,23,2024
2024-06-09,P003,Headphones,Electronics,89.2,No,,56,4995.04,2751.09,3699.5,3590.371428571428,6,6,23,2024
2024-06-10,P003,Headphones,Electronics,83.19,No,0.0,36,2994.75,4995.04,4411.57,3775.4485714285715,6,0,24,2024
2024-06-11,P003,Headphones,Electronics,82.48,Yes,0.075,47,3585.31,2994.75,3336.12,3573.0457142857144,6,1,24,2024
2024-06-12,P003,Headphones,Electronics,85.79,No,0.0,35,3002.69,3585.31,4167.35,3608.644285714286,6,2,24,2024
2024-06-13,P003,Headphones,Electronics,85.35,No,0.0,29,2475.28,3002.69,3616.73,3442.2642857142855,6,3,24,2024
2024-06-14,P003,Headphones,Electronics,87.83,No,0.0,35,3073.92,2475.28,3150.24,3279.2,6,4,24,2024
2024-06-15,P003,Headphones,Electronics,84.87,No,0.0,41,3479.73,3073.92,2751.09,3268.297142857143,6,5,24,2024
2024-06-16,P003,Headphones,Electronics,87.05,Yes,0.088,63,4998.93,3479.73,4995.04,3372.3885714285716,6,6,24,2024
2024-06-17,P003,Headphones,Electronics,88.12,No,0.0,43,3789.27,4998.93,2994.75,3372.944285714286,6,0,25,2024
2024-06-18,P003,Headphones,Electronics,88.35,No,0.0,42,3710.6,3789.27,3585.31,3486.447142857143,6,1,25,2024
2024-06-19,P003,Headphones,Electronics,87.55,No,0.0,36,3151.71,3710.6,3002.69,3504.345714285714,6,2,25,2024
2024-06-20,P003,Headphones,Electronics,83.15,No,0.0,44,3658.64,3151.71,2475.28,3525.634285714286,6,3,25,2024
2024-06-21,P003,Headphones,Electronics,87.22,No,0.0,48,4186.51,3658.64,3073.92,3694.6857142857148,6,4,25,2024
2024-06-22,P003,Headphones,Electronics,83.25,No,0.0,45,3746.03,4186.51,3479.73,3853.6271428571426,6,5,25,2024
2024-06-23,P003,Headphones,Electronics,88.38,No,0.0,60,5302.64,3746.03,4998.93,3891.6699999999996,6,6,25,2024
2024-06-24,P003,Headphones,Electronics,82.37,No,0.0,41,3377.3,5302.64,3789.27,3935.057142857143,6,0,26,2024
2024-06-25,P003,Headphones,Electronics,79.55,Yes,0.099,58,4155.3,3377.3,3710.6,3876.2042857142856,6,1,26,2024
2024-06-26,P003,Headphones,Electronics,82.83,No,0.0,43,3561.77,4155.3,3151.71,3939.7328571428575,6,2,26,2024
2024-06-27,P003,Headphones,Electronics,86.6,No,0.0,32,2771.15,3561.77,3658.64,3998.312857142857,6,3,26,2024
2024-06-28,P003,Headphones,Electronics,80.59,No,0.0,36,2901.27,2771.15,4186.51,3871.528571428571,6,4,26,2024
2024-06-29,P003,Headphones,Electronics,81.65,No,0.0,55,4490.73,2901.27,3746.03,3687.922857142857,6,5,26,2024
2024-06-30,P003,Headphones,Electronics,82.52,Yes,0.069,56,4303.92,4490.73,5302.64,3794.308571428572,6,6,26,2024
2024-07-01,P003,Headphones,Electronics,87.15,No,0.0,35,3050.23,4303.92,3377.3,3651.634285714286,7,0,27,2024
2024-07-02,P003,Headphones,Electronics,83.82,No,0.0,29,2430.88,3050.23,4155.3,3604.91,7,1,27,2024
2024-07-03,P003,Headphones,Electronics,83.09,No,0.0,41,3406.79,2430.88,3561.77,3358.5642857142857,7,2,27,2024
2024-07-04,P003,Headphones,Electronics,84.18,Yes,0.209,47,3130.26,3406.79,2771.15,3336.424285714286,7,3,27,2024
2024-07-05,P003,Headphones,Electronics,84.53,Yes,0.221,40,2635.13,3130.26,2901.27,3387.725714285714,7,4,27,2024
2024-07-06,P003,Headphones,Electronics,79.76,Yes,0.24,46,2789.32,2635.13,4490.73,3349.7057142857147,7,5,27,2024
2024-07-07,P003,Headphones,Electronics,84.23,No,0.0,51,4295.69,2789.32,4303.92,3106.6471428571426,7,6,27,2024
2024-07-08,P003,Headphones,Electronics,90.06,No,0.0,30,2701.87,4295.69,3050.23,3105.4714285714285,7,0,28,2024
2024-07-09,P003,Headphones,Electronics,84.21,No,0.0,27,2273.6,2701.87,2430.88,3055.7057142857147,7,1,28,2024
2024-07-10,P003,Headphones,Electronics,81.23,No,0.0,41,3330.28,2273.6,3406.79,3033.2371428571428,7,2,28,2024
2024-07-11,P003,Headphones,Electronics,86.26,Yes,0.225,52,3475.66,3330.28,3130.26,3022.3071428571425,7,3,28,2024
2024-07-12,P003,Headphones,Electronics,84.34,No,0.0,25,2108.39,3475.66,2635.13,3071.65,7,4,28,2024
2024-07-13,P003,Headphones,Electronics,79.91,No,0.0,40,3196.4,2108.39,2789.32,2996.4014285714284,7,5,28,2024
2024-07-14,P003,Headphones,Electronics,88.37,No,0.0,45,3976.43,3196.4,4295.69,3054.555714285714,7,6,28,2024
2024-07-15,P003,Headphones,Electronics,84.95,No,0.0,42,3568.02,3976.43,2701.87,3008.947142857143,7,0,29,2024
2024-07-16,P003,Headphones,Electronics,79.43,Yes,0.094,41,2951.96,3568.02,2273.6,3132.6828571428573,7,1,29,2024
2024-07-17,P003,Headphones,Electronics,84.0,No,0.0,32,2687.97,2951.96,3330.28,3229.5914285714284,7,2,29,2024
2024-07-18,P003,Headphones,Electronics,83.16,Yes,0.217,35,2279.18,2687.97,3475.66,3137.8328571428574,7,3,29,2024
2024-07-19,P003,Headphones,Electronics,84.3,No,0.0,35,2950.42,2279.18,2108.39,2966.907142857143,7,4,29,2024
2024-07-20,P003,Headphones,Electronics,82.04,Yes,0.186,55,3670.74,2950.42,3196.4,3087.197142857143,7,5,29,2024
2024-07-21,P003,Headphones,Electronics,82.56,No,0.0,37,3054.67,3670.74,3976.43,3154.96,7,6,29,2024
2024-07-22,P003,Headphones,Electronics,78.46,No,0.0,34,2667.68,3054.67,3568.02,3023.2799999999997,7,0,30,2024
2024-07-23,P003,Headphones,Electronics,78.78,No,0.0,38,2993.69,2667.68,2951.96,2894.66,7,1,30,2024
2024-07-24,P003,Headphones,Electronics,86.61,No,0.0,30,2598.25,2993.69,2687.97,2900.621428571428,7,2,30,2024
2024-07-25,P003,Headphones,Electronics,88.35,No,0.0,35,3092.31,2598.25,2279.18,2887.8042857142855,7,3,30,2024
2024-07-26,P003,Headphones,Electronics,87.1,No,0.0,35,3048.55,3092.31,2950.42,3003.965714285714,7,4,30,2024
2024-07-27,P003,Headphones,Electronics,83.8,No,0.0,35,2933.03,3048.55,3670.74,3017.9842857142858,7,5,30,2024
2024-07-28,P003,Headphones,Electronics,85.12,No,0.0,33,2809.12,2933.03,3054.67,2912.597142857143,7,6,30,2024
2024-07-29,P003,Headphones,Electronics,86.63,No,0.0,41,3551.85,2809.12,2667.68,2877.5185714285717,7,0,31,2024
2024-07-30,P003,Headphones,Electronics,79.99,No,0.0,29,2319.73,3551.85,2993.69,3003.828571428571,7,1,31,2024
2024-07-31,P003,Headphones,Electronics,90.68,No,0.0,29,2629.82,2319.73,2598.25,2907.5485714285714,7,2,31,2024
2024-08-01,P003,Headphones,Electronics,81.54,No,0.0,40,3261.61,2629.82,3092.31,2912.058571428571,8,3,31,2024
2024-08-02,P003,Headphones,Electronics,83.08,No,0.0,36,2991.01,3261.61,3048.55,2936.2442857142855,8,4,31,2024
2024-08-03,P003,Headphones,Electronics,85.58,No,0.0,27,2310.66,2991.01,2933.03,2928.024285714286,8,5,31,2024
2024-08-04,P003,Headphones,Electronics,82.69,No,0.0,34,2811.41,2310.66,2809.12,2839.1142857142854,8,6,31,2024
2024-08-05,P003,Headphones,Electronics,88.6,No,0.0,36,3189.57,2811.41,3551.85,2839.441428571429,8,0,32,2024
2024-08-06,P003,Headphones,Electronics,86.81,No,0.0,27,2343.76,3189.57,2319.73,2787.687142857143,8,1,32,2024
2024-08-07,P003,Headphones,Electronics,84.88,No,0.0,41,3480.04,2343.76,2629.82,2791.12,8,2,32,2024
2024-08-08,P003,Headphones,Electronics,75.53,No,0.0,34,2568.16,3480.04,3261.61,2912.5800000000004,8,3,32,2024
2024-08-09,P003,Headphones,Electronics,85.7,No,0.0,42,3599.57,2568.16,2991.01,2813.5157142857142,8,4,32,2024
2024-08-10,P003,Headphones,Electronics,82.23,Yes,0.249,49,3024.39,3599.57,2310.66,2900.452857142857,8,5,32,2024
2024-08-11,P003,Headphones,Electronics,83.39,No,0.0,29,2418.18,3024.39,2811.41,3002.4142857142856,8,6,32,2024
2024-08-12,P003,Headphones,Electronics,85.04,Yes,0.069,36,2851.1,2418.18,3189.57,2946.238571428571,8,0,33,2024
2024-08-13,P003,Headphones,Electronics,87.44,Yes,0.167,46,3350.57,2851.1,2343.76,2897.8857142857146,8,1,33,2024
2024-08-14,P003,Headphones,Electronics,82.95,No,0.0,28,2322.49,3350.57,3480.04,3041.7157142857145,8,2,33,2024
2024-08-15,P003,Headphones,Electronics,81.43,No,0.0,32,2605.87,2322.49,2568.16,2876.3514285714286,8,3,33,2024
2024-08-16,P003,Headphones,Electronics,80.12,No,0.0,44,3525.49,2605.87,3599.57,2881.738571428571,8,4,33,2024
2024-08-17,P003,Headphones,Electronics,83.79,No,0.0,32,2681.33,3525.49,3024.39,2871.155714285714,8,5,33,2024
2024-08-18,P003,Headphones,Electronics,88.18,No,0.0,37,3262.78,2681.33,2418.18,2822.1471428571426,8,6,33,2024
2024-08-19,P003,Headphones,Electronics,85.01,No,0.0,27,2295.15,3262.78,2851.1,2942.804285714286,8,0,34,2024
2024-08-20,P003,Headphones,Electronics,84.06,No,0.0,28,2353.59,2295.15,3350.57,2863.382857142857,8,1,34,2024
2024-08-21,P003,Headphones,Electronics,83.07,No,0.0,25,2076.78,2353.59,2322.49,2720.9571428571426,8,2,34,2024
2024-08-22,P003,Headphones,Electronics,82.5,No,0.0,27,2227.48,2076.78,2605.87,2685.8557142857144,8,3,34,2024
2024-08-23,P003,Headphones,Electronics,81.8,Yes,0.16,53,3643.59,2227.48,3525.49,2631.7999999999997,8,4,34,2024
2024-08-24,P003,Headphones,Electronics,88.76,No,0.0,32,2840.4,3643.59,2681.33,2648.671428571429,8,5,34,2024
2024-08-25,P003,Headphones,Electronics,89.07,Yes,0.199,58,4136.29,2840.4,3262.78,2671.3957142857143,8,6,34,2024
2024-08-26,P003,Headphones,Electronics,92.44,No,0.0,39,3605.34,4136.29,2295.15,2796.182857142857,8,0,35,2024
2024-08-27,P003,Headphones,Electronics,84.6,Yes,0.217,35,2318.16,3605.34,2353.59,2983.3528571428574,8,1,35,2024
2024-08-28,P003,Headphones,Electronics,87.48,Yes,0.167,35,2549.89,2318.16,2076.78,2978.2914285714287,8,2,35,2024
2024-08-29,P003,Headphones,Electronics,90.48,No,0.0,26,2352.42,2549.89,2227.48,3045.878571428572,8,3,35,2024
2024-08-30,P003,Headphones,Electronics,87.15,Yes,0.11,30,2326.11,2352.42,3643.59,3063.727142857143,8,4,35,2024
2024-08-31,P003,Headphones,Electronics,86.47,No,0.0,48,4150.67,2326.11,2840.4,2875.5157142857142,8,5,35,2024
2024-09-01,P003,Headphones,Electronics,83.66,No,0.0,35,2928.19,4150.67,4136.29,3062.6971428571424,9,6,35,2024
2024-09-02,P003,Headphones,Electronics,81.78,No,0.0,49,4007.43,2928.19,3605.34,2890.1114285714284,9,0,36,2024
2024-09-03,P003,Headphones,Electronics,86.29,No,0.0,44,3796.73,4007.43,2318.16,2947.5528571428576,9,1,36,2024
2024-09-04,P003,Headphones,Electronics,87.2,No,0.0,23,2005.64,3796.73,2549.89,3158.7771428571427,9,2,36,2024
2024-09-05,P003,Headphones,Electronics,86.38,No,0.0,34,2937.0,2005.64,2352.42,3081.0271428571427,9,3,36,2024
2024-09-06,P003,Headphones,Electronics,85.94,Yes,0.248,36,2326.92,2937.0,2326.11,3164.5385714285717,9,4,36,2024
2024-09-07,P003,Headphones,Electronics,78.64,No,0.0,30,2359.19,2326.92,4150.67,3164.654285714286,9,5,36,2024
2024-09-08,P003,Headphones,Electronics,85.06,Yes,0.156,43,3086.71,2359.19,2928.19,2908.7285714285717,9,6,36,2024
2024-09-09,P003,Headphones,Electronics,86.84,No,0.0,32,2778.96,3086.71,4007.43,2931.3742857142856,9,0,37,2024
2024-09-10,P003,Headphones,Electronics,86.67,No,0.0,22,1906.73,2778.96,3796.73,2755.878571428571,9,1,37,2024
2024-09-11,P003,Headphones,Electronics,89.48,No,0.0,23,2057.99,1906.73,2005.64,2485.878571428572,9,2,37,2024
2024-09-12,P003,Headphones,Electronics,79.55,No,0.0,33,2625.19,2057.99,2937.0,2493.3571428571427,9,3,37,2024
2024-09-13,P003,Headphones,Electronics,85.3,No,0.0,29,2473.81,2625.19,2326.92,2448.812857142857,9,4,37,2024
2024-09-14,P003,Headphones,Electronics,84.5,No,0.0,30,2535.07,2473.81,2359.19,2469.797142857143,9,5,37,2024
2024-09-15,P003,Headphones,Electronics,83.11,No,0.0,33,2742.67,2535.07,3086.71,2494.922857142857,9,6,37,2024
2024-09-16,P003,Headphones,Electronics,84.08,Yes,0.075,31,2411.38,2742.67,2778.96,2445.774285714286,9,0,38,2024
2024-09-17,P003,Headphones,Electronics,85.67,No,0.0,31,2655.71,2411.38,1906.73,2393.2628571428572,9,1,38,2024
2024-09-18,P003,Headphones,Electronics,83.2,No,0.0,39,3244.82,2655.71,2057.99,2500.2599999999998,9,2,38,2024
2024-09-19,P003,Headphones,Electronics,82.1,Yes,0.082,42,3165.31,3244.82,2625.19,2669.807142857143,9,3,38,2024
2024-09-20,P003,Headphones,Electronics,85.67,No,0.0,29,2484.31,3165.31,2473.81,2746.967142857143,9,4,38,2024
2024-09-21,P003,Headphones,Electronics,87.84,Yes,0.211,36,2494.3,2484.31,2535.07,2748.4671428571423,9,5,38,2024
2024-09-22,P003,Headphones,Electronics,80.43,Yes,0.215,44,2779.26,2494.3,2742.67,2742.6428571428573,9,6,38,2024
2024-09-23,P003,Headphones,Electronics,82.19,No,0.0,34,2794.53,2779.26,2411.38,2747.87,9,0,39,2024
2024-09-24,P003,Headphones,Electronics,84.22,No,0.0,39,3284.4,2794.53,2655.71,2802.6057142857144,9,1,39,2024
2024-09-25,P003,Headphones,Electronics,85.13,No,0.0,27,2298.4,3284.4,3244.82,2892.4185714285713,9,2,39,2024
2024-09-26,P003,Headphones,Electronics,85.59,No,0.0,33,2824.42,2298.4,3165.31,2757.2157142857145,9,3,39,2024
2024-09-27,P003,Headphones,Electronics,90.17,No,0.0,27,2434.67,2824.42,2484.31,2708.5171428571425,9,4,39,2024
2024-09-28,P003,Headphones,Electronics,88.65,No,0.0,20,1772.99,2434.67,2494.3,2701.425714285714,9,5,39,2024
2024-09-29,P003,Headphones,Electronics,86.44,Yes,0.172,52,3722.21,1772.99,2779.26,2598.3814285714284,9,6,39,2024
2024-09-30,P003,Headphones,Electronics,86.93,No,0.0,24,2086.24,3722.21,2794.53,2733.088571428572,9,0,40,2024
2024-10-01,P003,Headphones,Electronics,84.76,No,0.0,40,3390.26,2086.24,3284.4,2631.904285714286,10,1,40,2024
2024-10-02,P003,Headphones,Electronics,87.34,No,0.0,28,2445.45,3390.26,2298.4,2647.0271428571427,10,2,40,2024
2024-10-03,P003,Headphones,Electronics,83.56,No,0.0,29,2423.18,2445.45,2824.42,2668.0342857142855,10,3,40,2024
2024-10-04,P003,Headphones,Electronics,80.94,No,0.0,33,2670.97,2423.18,2434.67,2610.714285714286,10,4,40,2024
2024-10-05,P003,Headphones,Electronics,86.04,No,0.0,34,2925.37,2670.97,1772.99,2644.4714285714285,10,5,40,2024
2024-10-06,P003,Headphones,Electronics,82.18,No,0.0,34,2793.99,2925.37,3722.21,2809.097142857143,10,6,40,2024
2024-10-07,P003,Headphones,Electronics,81.31,No,0.0,27,2195.4,2793.99,2086.24,2676.4942857142855,10,0,41,2024
2024-10-08,P003,Headphones,Electronics,88.43,No,0.0,40,3537.07,2195.4,3390.26,2692.0885714285714,10,1,41,2024
2024-10-09,P003,Headphones,Electronics,85.36,Yes,0.2,38,2595.81,3537.07,2445.45,2713.0614285714287,10,2,41,2024
2024-10-10,P003,Headphones,Electronics,81.02,No,0.0,31,2511.62,2595.81,2423.18,2734.5414285714287,10,3,41,2024
2024-10-11,P003,Headphones,Electronics,83.4,No,0.0,24,2001.49,2511.62,2670.97,2747.175714285714,10,4,41,2024
2024-10-12,P003,Headphones,Electronics,82.01,No,0.0,40,3280.41,2001.49,2925.37,2651.535714285714,10,5,41,2024
2024-10-13,P003,Headphones,Electronics,84.64,Yes,0.135,37,2710.41,3280.41,2793.99,2702.2557142857145,10,6,41,2024
2024-10-14,P003,Headphones,Electronics,80.23,No,0.0,39,3129.06,2710.41,2195.4,2690.315714285714,10,0,42,2024
2024-10-15,P003,Headphones,Electronics,83.71,No,0.0,30,2511.33,3129.06,3537.07,2823.6957142857145,10,1,42,2024
2024-10-16,P003,Headphones,Electronics,82.84,No,0.0,28,2319.45,2511.33,2595.81,2677.1614285714286,10,2,42,2024
2024-10-17,P003,Headphones,Electronics,84.44,No,0.0,33,2786.41,2319.45,2511.62,2637.6814285714286,10,3,42,2024
2024-10-18,P003,Headphones,Electronics,87.52,No,0.0,30,2625.73,2786.41,2001.49,2676.9371428571426,10,4,42,2024
2024-10-19,P003,Headphones,Electronics,82.69,No,0.0,27,2232.68,2625.73,3280.41,2766.1142857142863,10,5,42,2024
2024-10-20,P003,Headphones,Electronics,85.01,No,0.0,34,2890.45,2232.68,2710.41,2616.4385714285713,10,6,42,2024
2024-10-21,P003,Headphones,Electronics,91.64,No,0.0,35,3207.32,2890.45,3129.06,2642.1585714285716,10,0,43,2024
2024-10-22,P003,Headphones,Electronics,86.09,No,0.0,38,3271.52,3207.32,2511.33,2653.3385714285714,10,1,43,2024
2024-10-23,P003,Headphones,Electronics,88.05,No,0.0,33,2905.74,3271.52,2319.45,2761.937142857143,10,2,43,2024
2024-10-24,P003,Headphones,Electronics,85.52,No,0.0,19,1624.95,2905.74,2786.41,2845.692857142857,10,3,43,2024
2024-10-25,P003,Headphones,Electronics,87.13,No,0.0,38,3311.05,1624.95,2625.73,2679.77,10,4,43,2024
2024-10-26,P003,Headphones,Electronics,83.17,No,0.0,43,3576.22,3311.05,2232.68,2777.672857142857,10,5,43,2024
2024-10-27,P003,Headphones,Electronics,81.86,No,0.0,25,2046.47,3576.22,2890.45,2969.6071428571427,10,6,43,2024
2024-10-28,P003,Headphones,Electronics,83.19,No,0.0,28,2329.42,2046.47,3207.32,2849.0385714285717,10,0,44,2024
2024-10-29,P003,Headphones,Electronics,90.42,No,0.0,26,2350.98,2329.42,3271.52,2723.6242857142856,10,1,44,2024
2024-10-30,P003,Headphones,Electronics,78.89,No,0.0,45,3550.17,2350.98,2905.74,2592.1185714285716,10,2,44,2024
2024-10-31,P003,Headphones,Electronics,84.67,No,0.0,29,2455.5,3550.17,1624.95,2684.1800000000003,10,3,44,2024
2024-11-01,P003,Headphones,Electronics,83.75,Yes,0.168,46,3205.73,2455.5,3311.05,2802.8300000000004,11,4,44,2024
2024-11-02,P003,Headphones,Electronics,86.07,No,0.0,38,3270.78,3205.73,3576.22,2787.784285714286,11,5,44,2024
2024-11-03,P003,Headphones,Electronics,79.62,No,0.0,43,3423.64,3270.78,2046.47,2744.15,11,6,44,2024
2024-11-04,P003,Headphones,Electronics,86.07,No,0.0,49,4217.28,3423.64,2329.42,2940.888571428571,11,0,45,2024
2024-11-05,P003,Headphones,Electronics,86.77,No,0.0,33,2863.31,4217.28,2350.98,3210.5828571428574,11,1,45,2024
2024-11-06,P003,Headphones,Electronics,83.59,Yes,0.179,52,3568.38,2863.31,3550.17,3283.772857142857,11,2,45,2024
2024-11-07,P003,Headphones,Electronics,82.44,No,0.0,35,2885.57,3568.38,2455.5,3286.3742857142856,11,3,45,2024
2024-11-08,P003,Headphones,Electronics,84.48,No,0.0,39,3294.54,2885.57,3205.73,3347.812857142857,11,4,45,2024
2024-11-09,P003,Headphones,Electronics,88.91,No,0.0,39,3467.44,3294.54,3270.78,3360.5,11,5,45,2024
2024-11-10,P003,Headphones,Electronics,80.39,No,0.0,49,3939.2,3467.44,3423.64,3388.594285714286,11,6,45,2024
2024-11-11,P003,Headphones,Electronics,87.11,No,0.0,37,3223.07,3939.2,4217.28,3462.2457142857143,11,0,46,2024
2024-11-12,P003,Headphones,Electronics,86.22,No,0.0,35,3017.67,3223.07,2863.31,3320.2157142857145,11,1,46,2024
2024-11-13,P003,Headphones,Electronics,78.0,No,0.0,46,3587.8,3017.67,3568.38,3342.2671428571434,11,2,46,2024
2024-11-14,P003,Headphones,Electronics,82.72,No,0.0,47,3887.8,3587.8,2885.57,3345.0414285714287,11,3,46,2024
2024-11-15,P003,Headphones,Electronics,86.01,No,0.0,26,2236.17,3887.8,3294.54,3488.217142857143,11,4,46,2024
2024-11-16,P003,Headphones,Electronics,89.95,Yes,0.125,47,3700.58,2236.17,3467.44,3337.0214285714287,11,5,46,2024
2024-11-17,P003,Headphones,Electronics,89.36,No,0.0,40,3574.29,3700.58,3939.2,3370.327142857143,11,6,46,2024
2024-11-18,P003,Headphones,Electronics,85.96,Yes,0.185,55,3851.23,3574.29,3223.07,3318.197142857143,11,0,47,2024
2024-11-19,P003,Headphones,Electronics,90.95,No,0.0,36,3274.18,3851.23,3017.67,3407.934285714286,11,1,47,2024
2024-11-20,P003,Headphones,Electronics,82.95,No,0.0,37,3069.25,3274.18,3587.8,3444.5785714285716,11,2,47,2024
2024-11-21,P003,Headphones,Electronics,87.09,No,0.0,39,3396.67,3069.25,3887.8,3370.5,11,3,47,2024
2024-11-22,P003,Headphones,Electronics,83.26,No,0.0,36,2997.38,3396.67,2236.17,3300.3385714285714,11,4,47,2024
2024-11-23,P003,Headphones,Electronics,81.32,No,0.0,44,3578.17,2997.38,3700.58,3409.082857142857,11,5,47,2024
2024-11-24,P003,Headphones,Electronics,88.55,No,0.0,40,3542.07,3578.17,3574.29,3391.595714285714,11,6,47,2024
2024-11-25,P003,Headphones,Electronics,83.56,No,0.0,37,3091.81,3542.07,3851.23,3386.9928571428572,11,0,48,2024
2024-11-26,P003,Headphones,Electronics,88.9,Yes,0.235,56,3808.65,3091.81,3274.18,3278.5042857142857,11,1,48,2024
2024-11-27,P003,Headphones,Electronics,88.26,No,0.0,52,4589.46,3808.65,3069.25,3354.8571428571427,11,2,48,2024
2024-11-28,P003,Headphones,Electronics,87.71,No,0.0,37,3245.19,4589.46,3396.67,3572.0299999999997,11,3,48,2024
2024-11-29,P003,Headphones,Electronics,89.3,No,0.0,46,4107.94,3245.19,2997.38,3550.39,11,4,48,2024
2024-11-30,P003,Headphones,Electronics,85.34,No,0.0,40,3413.49,4107.94,3578.17,3709.0414285714287,11,5,48,2024
2024-12-01,P003,Headphones,Electronics,84.99,No,0.0,55,4674.36,3413.49,3542.07,3685.5157142857142,12,6,48,2024
2024-12-02,P003,Headphones,Electronics,82.11,No,0.0,44,3612.7,4674.36,3091.81,3847.2714285714283,12,0,49,2024
2024-12-03,P003,Headphones,Electronics,82.06,No,0.0,41,3364.62,3612.7,3808.65,3921.684285714286,12,1,49,2024
2024-12-04,P003,Headphones,Electronics,85.46,Yes,0.121,52,3907.28,3364.62,4589.46,3858.2514285714283,12,2,49,2024
2024-12-05,P003,Headphones,Electronics,85.91,Yes,0.091,55,4293.37,3907.28,3245.19,3760.7971428571427,12,3,49,2024
2024-12-06,P003,Headphones,Electronics,88.57,No,0.0,46,4074.0,4293.37,4107.94,3910.537142857143,12,4,49,2024
2024-12-07,P003,Headphones,Electronics,84.78,No,0.0,48,4069.45,4074.0,3413.49,3905.6885714285713,12,5,49,2024
2024-12-08,P003,Headphones,Electronics,87.81,No,0.0,40,3512.22,4069.45,4674.36,3999.3971428571426,12,6,49,2024
2024-12-09,P003,Headphones,Electronics,86.49,Yes,0.249,61,3961.69,3512.22,3612.7,3833.3771428571426,12,0,50,2024
2024-12-10,P003,Headphones,Electronics,83.76,No,0.0,43,3601.53,3961.69,3364.62,3883.2328571428575,12,1,50,2024
2024-12-11,P003,Headphones,Electronics,87.68,Yes,0.171,48,3490.67,3601.53,3907.28,3917.077142857143,12,2,50,2024
2024-12-12,P003,Headphones,Electronics,88.53,No,0.0,41,3629.54,3490.67,4293.37,3857.5614285714287,12,3,50,2024
2024-12-13,P003,Headphones,Electronics,91.19,No,0.0,50,4559.54,3629.54,4074.0,3762.7285714285713,12,4,50,2024
2024-12-14,P003,Headphones,Electronics,89.02,No,0.0,47,4183.99,4559.54,4069.45,3832.0914285714284,12,5,50,2024
2024-12-15,P003,Headphones,Electronics,79.58,No,0.0,48,3819.65,4183.99,3512.22,3848.4542857142856,12,6,50,2024
2024-12-16,P003,Headphones,Electronics,88.0,No,0.0,37,3255.95,3819.65,3961.69,3892.3728571428574,12,0,51,2024
2024-12-17,P003,Headphones,Electronics,83.45,Yes,0.093,48,3634.68,3255.95,3601.53,3791.552857142857,12,1,51,2024
2024-12-18,P003,Headphones,Electronics,79.49,No,0.0,38,3020.55,3634.68,3490.67,3796.288571428571,12,2,51,2024
2024-12-19,P003,Headphones,Electronics,90.32,Yes,0.13,52,4088.31,3020.55,3629.54,3729.128571428572,12,3,51,2024
2024-12-20,P003,Headphones,Electronics,84.9,No,0.0,51,4329.7,4088.31,4559.54,3794.6671428571426,12,4,51,2024
2024-12-21,P003,Headphones,Electronics,84.08,No,0.0,53,4456.04,4329.7,4183.99,3761.832857142857,12,5,51,2024
2024-12-22,P003,Headphones,Electronics,85.58,No,0.0,54,4621.18,4456.04,3819.65,3800.697142857143,12,6,51,2024
2024-12-23,P003,Headphones,Electronics,88.98,Yes,0.097,71,5706.79,4621.18,3255.95,3915.2014285714286,12,0,52,2024
2024-12-24,P003,Headphones,Electronics,85.42,No,0.0,62,5296.07,5706.79,3634.68,4265.321428571428,12,1,52,2024
2024-12-25,P003,Headphones,Electronics,83.95,No,0.0,47,3945.58,5296.07,3020.55,4502.662857142857,12,2,52,2024
2024-12-26,P003,Headphones,Electronics,89.24,Yes,0.249,70,4692.87,3945.58,4088.31,4634.8099999999995,12,3,52,2024
2024-12-27,P003,Headphones,Electronics,84.02,No,0.0,65,5461.38,4692.87,4329.7,4721.175714285715,12,4,52,2024
2024-12-28,P003,Headphones,Electronics,90.07,No,0.0,56,5044.08,5461.38,4456.04,4882.844285714286,12,5,52,2024
2024-12-29,P003,Headphones,Electronics,88.93,No,0.0,56,4979.86,5044.08,4621.18,4966.849999999999,12,6,52,2024
2024-12-30,P003,Headphones,Electronics,81.66,No,0.0,60,4899.43,4979.86,5706.79,5018.089999999999,12,0,1,2024
2024-12-31,P003,Headphones,Electronics,86.87,No,0.0,58,5038.72,4899.43,5296.07,4902.752857142857,12,1,1,2024
2025-01-01,P003,Headphones,Electronics,82.88,No,0.0,48,3978.21,5038.72,3945.58,4865.988571428571,1,2,1,2025
2025-01-02,P003,Headphones,Electronics,82.61,Yes,0.2,62,4099.0,3978.21,4692.87,4870.650000000001,1,3,1,2025
2025-01-03,P003,Headphones,Electronics,81.59,Yes,0.232,60,3761.96,4099.0,5461.38,4785.811428571428,1,4,1,2025
2025-01-04,P003,Headphones,Electronics,82.32,No,0.0,45,3704.37,3761.96,5044.08,4543.037142857143,1,5,1,2025
2025-01-05,P003,Headphones,Electronics,84.93,No,0.0,44,3737.11,3704.37,4979.86,4351.65,1,6,1,2025
2025-01-06,P003,Headphones,Electronics,87.01,No,0.0,39,3393.44,3737.11,4899.43,4174.114285714286,1,0,2,2025
2025-01-07,P003,Headphones,Electronics,82.49,Yes,0.106,62,4573.06,3393.44,5038.72,3958.9728571428573,1,1,2,2025
2025-01-08,P003,Headphones,Electronics,82.85,Yes,0.145,42,2976.55,4573.06,3978.21,3892.4500000000003,1,2,2,2025
2025-01-09,P003,Headphones,Electronics,83.9,No,0.0,37,3104.35,2976.55,4099.0,3749.3557142857144,1,3,2,2025
2025-01-10,P003,Headphones,Electronics,86.95,No,0.0,38,3303.95,3104.35,3761.96,3607.2628571428572,1,4,2,2025
2025-01-11,P003,Headphones,Electronics,83.65,No,0.0,53,4433.62,3303.95,3704.37,3541.832857142857,1,5,2,2025
2025-01-12,P003,Headphones,Electronics,83.93,No,0.0,38,3189.3,4433.62,3737.11,3646.011428571429,1,6,2,2025
2025-01-13,P003,Headphones,Electronics,83.96,No,0.0,40,3358.33,3189.3,3393.44,3567.752857142857,1,0,3,2025
2025-01-14,P003,Headphones,Electronics,88.99,No,0.0,45,4004.49,3358.33,4573.06,3562.7371428571428,1,1,3,2025
2025-01-15,P003,Headphones,Electronics,84.17,No,0.0,35,2945.9,4004.49,2976.55,3481.5128571428572,1,2,3,2025
2025-01-16,P003,Headphones,Electronics,76.96,No,0.0,33,2539.73,2945.9,3104.35,3477.1342857142854,1,3,3,2025
2025-01-17,P003,Headphones,Electronics,83.64,No,0.0,28,2341.82,2539.73,3303.95,3396.4742857142855,1,4,3,2025
2025-01-18,P003,Headphones,Electronics,81.36,No,0.0,46,3742.67,2341.82,4433.62,3259.027142857143,1,5,3,2025
2025-01-19,P003,Headphones,Electronics,85.01,No,0.0,43,3655.51,3742.67,3189.3,3160.3199999999997,1,6,3,2025
2025-01-20,P003,Headphones,Electronics,76.85,No,0.0,34,2612.73,3655.51,3358.33,3226.921428571429,1,0,4,2025
2025-01-21,P003,Headphones,Electronics,86.11,No,0.0,45,3874.9,2612.73,4004.49,3120.4071428571433,1,1,4,2025
2025-01-22,P003,Headphones,Electronics,87.42,No,0.0,44,3846.35,3874.9,2945.9,3101.8942857142856,1,2,4,2025
2025-01-23,P003,Headphones,Electronics,83.69,No,0.0,40,3347.67,3846.35,2539.73,3230.53,1,3,4,2025
2025-01-24,P003,Headphones,Electronics,83.62,No,0.0,29,2425.06,3347.67,2341.82,3345.9500000000003,1,4,4,2025
2025-01-25,P003,Headphones,Electronics,85.64,No,0.0,41,3511.08,2425.06,3742.67,3357.8414285714284,1,5,4,2025
2025-01-26,P003,Headphones,Electronics,85.34,Yes,0.14,45,3300.76,3511.08,3655.51,3324.7571428571428,1,6,4,2025
2025-01-27,P003,Headphones,Electronics,85.01,Yes,0.248,50,3194.89,3300.76,2612.73,3274.078571428571,1,0,5,2025
2025-01-28,P003,Headphones,Electronics,81.62,No,0.0,40,3264.91,3194.89,3874.9,3357.2442857142855,1,1,5,2025
2025-01-29,P003,Headphones,Electronics,82.15,No,0.0,30,2464.43,3264.91,3846.35,3270.1028571428574,1,2,5,2025
2025-01-30,P003,Headphones,Electronics,80.0,No,0.0,38,3040.01,2464.43,3347.67,3072.6857142857143,1,3,5,2025
2025-01-31,P003,Headphones,Electronics,84.31,Yes,0.177,55,3814.7,3040.01,2425.06,3028.7342857142858,1,4,5,2025
2025-02-01,P003,Headphones,Electronics,95.07,No,0.0,55,5229.02,3814.7,3511.08,3227.2542857142857,2,5,5,2025
2025-02-02,P003,Headphones,Electronics,88.95,No,0.0,47,4180.46,5229.02,3300.76,3472.674285714286,2,6,5,2025
2025-02-03,P003,Headphones,Electronics,86.98,No,0.0,29,2522.56,4180.46,3194.89,3598.345714285714,2,0,6,2025
2025-02-04,P003,Headphones,Electronics,86.53,Yes,0.057,62,5058.64,2522.56,3264.91,3502.2985714285714,2,1,6,2025
2025-02-05,P003,Headphones,Electronics,84.45,Yes,0.156,46,3279.35,5058.64,2464.43,3758.5457142857144,2,2,6,2025
2025-02-06,P003,Headphones,Electronics,86.72,Yes,0.099,49,3827.46,3279.35,3040.01,3874.962857142857,2,3,6,2025
2025-02-07,P003,Headphones,Electronics,85.39,No,0.0,47,4013.23,3827.46,3814.7,3987.4557142857147,2,4,6,2025
2025-02-08,P003,Headphones,Electronics,84.76,Yes,0.221,51,3366.68,4013.23,5229.02,4015.817142857143,2,5,6,2025
2025-02-09,P003,Headphones,Electronics,88.62,No,0.0,41,3633.27,3366.68,4180.46,3749.7685714285717,2,6,6,2025
2025-02-10,P003,Headphones,Electronics,88.03,No,0.0,41,3609.11,3633.27,2522.56,3671.5985714285716,2,0,7,2025
2025-02-11,P003,Headphones,Electronics,83.4,No,0.0,40,3335.93,3609.11,5058.64,3826.8199999999997,2,1,7,2025
2025-02-12,P003,Headphones,Electronics,87.66,No,0.0,34,2980.61,3335.93,3279.35,3580.718571428571,2,2,7,2025
2025-02-13,P003,Headphones,Electronics,86.69,No,0.0,43,3727.47,2980.61,3827.46,3538.0414285714287,2,3,7,2025
2025-02-14,P003,Headphones,Electronics,86.06,Yes,0.056,54,4386.86,3727.47,4013.23,3523.7571428571428,2,4,7,2025
2025-02-15,P003,Headphones,Electronics,85.41,No,0.0,40,3416.46,4386.86,3366.68,3577.132857142857,2,5,7,2025
2025-02-16,P003,Headphones,Electronics,85.22,No,0.0,41,3493.86,3416.46,3633.27,3584.2442857142855,2,6,7,2025
2025-02-17,P003,Headphones,Electronics,84.56,Yes,0.238,37,2382.54,3493.86,3609.11,3564.3285714285716,2,0,8,2025
2025-02-18,P003,Headphones,Electronics,87.2,No,0.0,36,3139.14,2382.54,3335.93,3389.1042857142857,2,1,8,2025
2025-02-19,P003,Headphones,Electronics,84.96,No,0.0,39,3313.36,3139.14,2980.61,3360.991428571429,2,2,8,2025
2025-02-20,P003,Headphones,Electronics,83.09,No,0.0,38,3157.38,3313.36,3727.47,3408.5271428571427,2,3,8,2025
2025-02-21,P003,Headphones,Electronics,84.68,No,0.0,35,2963.71,3157.38,4386.86,3327.085714285714,2,4,8,2025
2025-02-22,P003,Headphones,Electronics,83.12,No,0.0,44,3657.16,2963.71,3416.46,3123.778571428571,2,5,8,2025
2025-02-23,P003,Headphones,Electronics,85.59,Yes,0.236,52,3399.89,3657.16,3493.86,3158.1642857142856,2,6,8,2025
2025-02-24,P003,Headphones,Electronics,86.33,Yes,0.15,49,3596.93,3399.89,2382.54,3144.7400000000002,2,0,9,2025
2025-02-25,P003,Headphones,Electronics,83.96,No,0.0,32,2686.82,3596.93,3139.14,3318.2242857142855,2,1,9,2025
2025-02-26,P003,Headphones,Electronics,82.94,No,0.0,25,2073.55,2686.82,3313.36,3253.6071428571427,2,2,9,2025
2025-02-27,P003,Headphones,Electronics,81.81,No,0.0,48,3926.7,2073.55,3157.38,3076.491428571429,2,3,9,2025
2025-02-28,P003,Headphones,Electronics,84.73,No,0.0,30,2541.75,3926.7,2963.71,3186.394285714286,2,4,9,2025
2025-03-01,P003,Headphones,Electronics,82.6,No,0.0,55,4542.83,2541.75,3657.16,3126.1142857142863,3,5,9,2025
2025-03-02,P003,Headphones,Electronics,82.02,No,0.0,43,3526.8,4542.83,3399.89,3252.6385714285716,3,6,9,2025
2025-03-03,P003,Headphones,Electronics,84.19,No,0.0,46,3872.6,3526.8,3596.93,3270.7685714285717,3,0,10,2025
2025-03-04,P003,Headphones,Electronics,82.95,No,0.0,38,3151.98,3872.6,2686.82,3310.1500000000005,3,1,10,2025
2025-03-05,P003,Headphones,Electronics,91.24,No,0.0,43,3923.49,3151.98,2073.55,3376.601428571429,3,2,10,2025
2025-03-06,P003,Headphones,Electronics,84.05,No,0.0,43,3614.1,3923.49,3926.7,3640.878571428571,3,3,10,2025
2025-03-07,P003,Headphones,Electronics,85.02,No,0.0,43,3655.88,3614.1,2541.75,3596.2214285714285,3,4,10,2025
2025-03-08,P003,Headphones,Electronics,88.84,No,0.0,43,3819.99,3655.88,4542.83,3755.382857142857,3,5,10,2025
2025-03-09,P003,Headphones,Electronics,81.94,No,0.0,45,3687.42,3819.99,3526.8,3652.12,3,6,10,2025
2025-03-10,P003,Headphones,Electronics,87.07,No,0.0,41,3569.94,3687.42,3872.6,3675.065714285714,3,0,11,2025
2025-03-11,P003,Headphones,Electronics,80.87,No,0.0,36,2911.47,3569.94,3151.98,3631.828571428571,3,1,11,2025
2025-03-12,P003,Headphones,Electronics,83.83,Yes,0.124,59,4334.05,2911.47,3923.49,3597.47,3,2,11,2025
2025-03-13,P003,Headphones,Electronics,84.21,Yes,0.064,45,3547.12,4334.05,3614.1,3656.121428571428,3,3,11,2025
2025-03-14,P003,Headphones,Electronics,88.96,No,0.0,42,3736.27,3547.12,3655.88,3646.552857142857,3,4,11,2025
2025-03-15,P003,Headphones,Electronics,83.4,Yes,0.176,66,4536.25,3736.27,3819.99,3658.037142857143,3,5,11,2025
2025-03-16,P003,Headphones,Electronics,79.32,No,0.0,41,3252.15,4536.25,3687.42,3760.3599999999997,3,6,11,2025
2025-03-17,P003,Headphones,Electronics,81.43,No,0.0,38,3094.26,3252.15,3569.94,3698.1785714285716,3,0,12,2025
2025-03-18,P003,Headphones,Electronics,86.92,No,0.0,32,2781.34,3094.26,2911.47,3630.2242857142855,3,1,12,2025
2025-03-19,P003,Headphones,Electronics,89.03,No,0.0,43,3828.49,2781.34,4334.05,3611.634285714286,3,2,12,2025
2025-03-20,P003,Headphones,Electronics,85.57,No,0.0,43,3679.37,3828.49,3547.12,3539.411428571428,3,3,12,2025
2025-03-21,P003,Headphones,Electronics,84.99,No,0.0,37,3144.61,3679.37,3736.27,3558.3042857142855,3,4,12,2025
2025-03-22,P003,Headphones,Electronics,83.28,No,0.0,50,4164.04,3144.61,4536.25,3473.781428571428,3,5,12,2025
2025-03-23,P003,Headphones,Electronics,84.22,No,0.0,49,4127.01,4164.04,3252.15,3420.608571428572,3,6,12,2025
2025-03-24,P003,Headphones,Electronics,87.42,No,0.0,28,2447.8,4127.01,3094.26,3545.588571428572,3,0,13,2025
2025-03-25,P003,Headphones,Electronics,89.31,No,0.0,45,4018.99,2447.8,2781.34,3453.2371428571428,3,1,13,2025
2025-03-26,P003,Headphones,Electronics,85.24,No,,44,3750.62,4018.99,3828.49,3630.0442857142853,3,2,13,2025
2025-03-27,P003,Headphones,Electronics,84.85,No,0.0,35,2969.77,3750.62,3679.37,3618.9200000000005,3,3,13,2025
2025-03-28,P003,Headphones,Electronics,92.73,No,0.0,49,4543.94,2969.77,3144.61,3517.5485714285714,3,4,13,2025
2025-03-29,P003,Headphones,Electronics,83.96,No,0.0,48,4030.1,4543.94,4164.04,3717.452857142857,3,5,13,2025
2025-03-30,P003,Headphones,Electronics,92.92,No,0.0,43,3995.51,4030.1,4127.01,3698.3185714285714,3,6,13,2025
2025-03-31,P003,Headphones,Electronics,85.55,No,0.0,46,3935.1,3995.51,2447.8,3679.532857142857,3,0,14,2025
2025-04-01,P003,Headphones,Electronics,85.69,Yes,0.141,64,4711.19,3935.1,4018.99,3892.0042857142857,4,1,14,2025
2025-04-02,P003,Headphones,Electronics,87.69,No,0.0,38,3332.25,4711.19,3750.62,3990.89,4,2,14,2025
2025-04-03,P003,Headphones,Electronics,86.1,No,0.0,34,2927.46,3332.25,2969.77,3931.1228571428574,4,3,14,2025
2025-04-04,P003,Headphones,Electronics,91.46,No,0.0,32,2926.72,2927.46,4543.94,3925.078571428571,4,4,14,2025
2025-04-05,P003,Headphones,Electronics,84.22,No,0.0,47,3958.39,2926.72,4030.1,3694.047142857143,4,5,14,2025
2025-04-06,P003,Headphones,Electronics,80.06,No,0.0,60,4803.87,3958.39,3995.51,3683.802857142857,4,6,14,2025
2025-04-07,P003,Headphones,Electronics,84.88,Yes,0.241,51,3283.64,4803.87,3935.1,3799.282857142857,4,0,15,2025
2025-04-08,P003,Headphones,Electronics,83.93,Yes,0.169,62,4323.37,3283.64,4711.19,3706.2171428571423,4,1,15,2025
2025-04-09,P003,Headphones,Electronics,83.78,Yes,0.2,52,3483.99,4323.37,3332.25,3650.8142857142852,4,2,15,2025
2025-04-10,P003,Headphones,Electronics,82.73,No,0.0,47,3888.47,3483.99,2927.46,3672.4914285714285,4,3,15,2025
2025-04-11,P003,Headphones,Electronics,82.74,Yes,0.108,58,4282.37,3888.47,2926.72,3809.7785714285715,4,4,15,2025
2025-04-12,P003,Headphones,Electronics,81.72,No,0.0,47,3840.94,4282.37,3958.39,4003.442857142857,4,5,15,2025
2025-04-13,P003,Headphones,Electronics,87.55,No,0.0,49,4289.9,3840.94,4803.87,3986.6642857142856,4,6,15,2025
2025-04-14,P003,Headphones,Electronics,89.62,No,0.0,51,4570.62,4289.9,3283.64,3913.2400000000002,4,0,16,2025
2025-04-15,P003,Headphones,Electronics,86.94,No,0.0,45,3912.12,4570.62,4323.37,4097.094285714285,4,1,16,2025
2025-04-16,P003,Headphones,Electronics,85.98,No,0.0,37,3181.09,3912.12,3483.99,4038.3442857142863,4,2,16,2025
2025-04-17,P003,Headphones,Electronics,84.32,Yes,0.244,48,3058.9,3181.09,3888.47,3995.0728571428576,4,3,16,2025
2025-04-18,P003,Headphones,Electronics,81.34,No,0.0,49,3985.43,3058.9,4282.37,3876.562857142857,4,4,16,2025
2025-04-19,P003,Headphones,Electronics,86.2,Yes,0.161,64,4628.15,3985.43,3840.94,3834.1428571428573,4,5,16,2025
2025-04-20,P003,Headphones,Electronics,86.76,No,0.0,39,3383.67,4628.15,4289.9,3946.6014285714286,4,6,16,2025
2025-04-21,P003,Headphones,Electronics,86.06,Yes,0.244,51,3318.65,3383.67,4570.62,3817.14,4,0,17,2025
2025-04-22,P003,Headphones,Electronics,86.28,No,0.0,49,4227.89,3318.65,3912.12,3638.287142857143,4,1,17,2025
2025-04-23,P003,Headphones,Electronics,84.52,No,0.0,38,3211.88,4227.89,3181.09,3683.3971428571426,4,2,17,2025
2025-04-24,P003,Headphones,Electronics,83.97,No,0.0,50,4198.5,3211.88,3058.9,3687.795714285715,4,3,17,2025
2025-04-25,P003,Headphones,Electronics,84.35,No,0.0,41,3458.27,4198.5,3985.43,3850.5957142857146,4,4,17,2025
2025-04-26,P003,Headphones,Electronics,77.22,No,0.0,50,3861.15,3458.27,4628.15,3775.287142857143,4,5,17,2025
2025-04-27,P003,Headphones,Electronics,89.11,No,0.0,37,3297.09,3861.15,3383.67,3665.715714285714,4,6,17,2025
2025-04-28,P003,Headphones,Electronics,87.21,No,0.0,42,3662.87,3297.09,3318.65,3653.347142857143,4,0,18,2025
2025-04-29,P003,Headphones,Electronics,84.41,Yes,0.103,58,4393.92,3662.87,4227.89,3702.5214285714287,4,1,18,2025
2025-04-30,P003,Headphones,Electronics,86.27,No,0.0,49,4227.24,4393.92,3211.88,3726.2400000000002,4,2,18,2025
2025-05-01,P003,Headphones,Electronics,87.88,No,0.0,40,3515.01,4227.24,4198.5,3871.2914285714287,5,3,18,2025
2025-05-02,P003,Headphones,Electronics,91.89,No,0.0,39,3583.72,3515.01,3458.27,3773.65,5,4,18,2025
2025-05-03,P003,Headphones,Electronics,87.47,No,0.0,51,4461.03,3583.72,3861.15,3791.5714285714284,5,5,18,2025
2025-05-04,P003,Headphones,Electronics,92.03,No,0.0,39,3589.15,4461.03,3297.09,3877.2685714285717,5,6,18,2025
2025-05-05,P003,Headphones,Electronics,87.63,Yes,0.231,50,3368.11,3589.15,3662.87,3918.991428571429,5,0,19,2025
2025-05-06,P003,Headphones,Electronics,82.01,Yes,0.063,50,3840.81,3368.11,4393.92,3876.882857142857,5,1,19,2025
2025-05-07,P003,Headphones,Electronics,86.8,No,0.0,45,3906.09,3840.81,4227.24,3797.867142857143,5,2,19,2025
2025-05-08,P003,Headphones,Electronics,85.28,No,0.0,43,3667.23,3906.09,3515.01,3751.9885714285715,5,3,19,2025
2025-05-09,P003,Headphones,Electronics,84.23,No,0.0,35,2948.22,3667.23,3583.72,3773.7342857142858,5,4,19,2025
2025-05-10,P003,Headphones,Electronics,84.6,No,0.0,52,4399.11,2948.22,4461.03,3682.9485714285715,5,5,19,2025
2025-05-11,P003,Headphones,Electronics,89.52,No,0.0,45,4028.36,4399.11,3589.15,3674.1028571428574,5,6,19,2025
2025-05-12,P003,Headphones,Electronics,85.33,No,0.0,31,2645.34,4028.36,3368.11,3736.8471428571424,5,0,20,2025
2025-05-13,P003,Headphones,Electronics,85.69,No,0.0,33,2827.86,2645.34,3840.81,3633.594285714286,5,1,20,2025
2025-05-14,P003,Headphones,Electronics,90.91,No,0.0,49,4454.38,2827.86,3906.09,3488.887142857143,5,2,20,2025
2025-05-15,P003,Headphones,Electronics,82.23,Yes,0.131,47,3358.78,4454.38,3667.23,3567.214285714286,5,3,20,2025
2025-05-16,P003,Headphones,Electronics,84.7,No,0.0,40,3388.1,3358.78,2948.22,3523.15,5,4,20,2025
2025-05-17,P003,Headphones,Electronics,87.08,Yes,0.076,46,3702.19,3388.1,4399.11,3585.9900000000002,5,5,20,2025
2025-05-18,P003,Headphones,Electronics,84.36,No,0.0,53,4471.02,3702.19,4028.36,3486.43,5,6,20,2025
2025-05-19,P003,Headphones,Electronics,85.69,No,0.0,59,5055.98,4471.02,2645.34,3549.667142857143,5,0,21,2025
2025-05-20,P003,Headphones,Electronics,87.08,No,0.0,52,4528.02,5055.98,2827.86,3894.0442857142857,5,1,21,2025
2025-05-21,P003,Headphones,Electronics,86.57,No,0.0,29,2510.59,4528.02,4454.38,4136.924285714286,5,2,21,2025
2025-05-22,P003,Headphones,Electronics,80.63,No,0.0,32,2580.18,2510.59,3358.78,3859.2400000000002,5,3,21,2025
2025-05-23,P003,Headphones,Electronics,86.16,No,0.0,40,3446.3,2580.18,3388.1,3748.011428571429,5,4,21,2025
2025-05-24,P003,Headphones,Electronics,84.15,No,0.0,34,2861.01,3446.3,3702.19,3756.325714285714,5,5,21,2025
2025-05-25,P003,Headphones,Electronics,87.93,No,0.0,54,4748.38,2861.01,4471.02,3636.1571428571433,5,6,21,2025
2025-05-26,P003,Headphones,Electronics,84.32,No,0.0,42,3541.53,4748.38,5055.98,3675.7799999999997,5,0,22,2025
2025-05-27,P003,Headphones,Electronics,85.73,No,0.0,32,2743.35,3541.53,4528.02,3459.4300000000003,5,1,22,2025
2025-05-28,P003,Headphones,Electronics,80.36,No,0.0,46,3696.61,2743.35,2510.59,3204.477142857143,5,2,22,2025
2025-05-29,P003,Headphones,Electronics,82.79,No,0.0,43,3560.04,3696.61,2580.18,3373.9085714285716,5,3,22,2025
2025-05-30,P003,Headphones,Electronics,87.04,No,0.0,44,3829.79,3560.04,3446.3,3513.8885714285716,5,4,22,2025
2025-05-31,P003,Headphones,Electronics,83.25,No,0.0,39,3246.73,3829.79,2861.01,3568.6728571428575,5,5,22,2025
2025-06-01,P003,Headphones,Electronics,89.47,No,0.0,52,4652.18,3246.73,4748.38,3623.7757142857145,6,6,22,2025
2025-06-02,P003,Headphones,Electronics,80.99,Yes,0.108,62,4480.15,4652.18,3541.53,3610.0328571428577,6,0,23,2025
2025-06-03,P003,Headphones,Electronics,89.18,No,0.0,40,3567.21,4480.15,2743.35,3744.121428571428,6,1,23,2025
2025-06-04,P003,Headphones,Electronics,84.38,Yes,0.247,57,3621.42,3567.21,3696.61,3861.815714285714,6,2,23,2025
2025-06-05,P003,Headphones,Electronics,85.51,No,0.0,48,4104.4,3621.42,3560.04,3851.074285714286,6,3,23,2025
2025-06-06,P003,Headphones,Electronics,85.14,No,0.0,45,3831.18,4104.4,3829.79,3928.8399999999997,6,4,23,2025
2025-06-07,P003,Headphones,Electronics,88.11,Yes,0.106,58,4568.06,3831.18,3246.73,3929.038571428571,6,5,23,2025
2025-06-08,P003,Headphones,Electronics,84.65,Yes,0.206,67,4500.91,4568.06,4652.18,4117.8,6,6,23,2025
2025-06-09,P003,Headphones,Electronics,84.97,Yes,0.196,61,4165.46,4500.91,4480.15,4096.19,6,0,24,2025
2025-06-10,P003,Headphones,Electronics,88.21,No,0.0,38,3352.17,4165.46,3567.21,4051.2342857142858,6,1,24,2025
2025-06-11,P003,Headphones,Electronics,78.27,No,0.0,47,3678.67,3352.17,3621.42,4020.514285714286,6,2,24,2025
2025-06-12,P003,Headphones,Electronics,81.89,No,0.0,41,3357.32,3678.67,4104.4,4028.692857142857,6,3,24,2025
2025-06-13,P003,Headphones,Electronics,81.48,No,0.0,41,3340.64,3357.32,3831.18,3921.9671428571423,6,4,24,2025
2025-06-14,P003,Headphones,Electronics,83.62,No,0.0,53,4431.85,3340.64,4568.06,3851.8900000000003,6,5,24,2025
2025-06-15,P003,Headphones,Electronics,84.43,No,0.0,43,3630.63,4431.85,4500.91,3832.4314285714286,6,6,24,2025
2025-06-16,P003,Headphones,Electronics,87.32,Yes,0.148,66,4911.78,3630.63,4165.46,3708.1057142857144,6,0,25,2025
2025-06-17,P003,Headphones,Electronics,87.72,No,0.0,43,3771.87,4911.78,3352.17,3814.7228571428573,6,1,25,2025
2025-06-18,P003,Headphones,Electronics,82.98,No,0.0,41,3402.36,3771.87,3678.67,3874.68,6,2,25,2025
2025-06-19,P003,Headphones,Electronics,91.38,No,0.0,41,3746.77,3402.36,3357.32,3835.207142857143,6,3,25,2025
2025-06-20,P003,Headphones,Electronics,85.23,No,0.0,55,4687.64,3746.77,3340.64,3890.842857142857,6,4,25,2025
2025-06-21,P003,Headphones,Electronics,84.81,No,0.0,55,4664.82,4687.64,4431.85,4083.2714285714287,6,5,25,2025
2025-06-22,P003,Headphones,Electronics,86.79,No,0.0,50,4339.62,4664.82,3630.63,4116.552857142857,6,6,25,2025
2025-06-23,P003,Headphones,Electronics,82.2,No,0.0,63,5178.36,4339.62,4911.78,4217.837142857143,6,0,26,2025
2025-06-24,P003,Headphones,Electronics,86.64,No,0.0,35,3032.56,5178.36,3771.87,4255.92,6,1,26,2025
2025-06-25,P003,Headphones,Electronics,83.06,Yes,0.178,72,4914.99,3032.56,3402.36,4150.3042857142855,6,2,26,2025
2025-06-26,P003,Headphones,Electronics,86.69,Yes,0.139,54,4031.34,4914.99,3746.77,4366.394285714286,6,3,26,2025
2025-06-27,P003,Headphones,Electronics,86.85,Yes,0.164,61,4427.73,4031.34,4687.64,4407.047142857143,6,4,26,2025
2025-06-28,P003,Headphones,Electronics,80.34,Yes,0.084,63,4633.95,4427.73,4664.82,4369.917142857143,6,5,26,2025
2025-06-29,P003,Headphones,Electronics,85.1,No,0.0,53,4510.4,4633.95,4339.62,4365.507142857143,6,6,26,2025
2025-06-30,P003,Headphones,Electronics,82.68,No,0.0,50,4134.08,4510.4,5178.36,4389.904285714286,6,0,27,2025
2025-07-01,P003,Headphones,Electronics,90.17,No,0.0,49,4418.15,4134.08,3032.56,4240.721428571428,7,1,27,2025
2025-07-02,P003,Headphones,Electronics,79.5,No,0.0,30,2385.08,4418.15,4914.99,4438.662857142857,7,2,27,2025
2025-07-03,P003,Headphones,Electronics,89.53,No,0.0,35,3133.42,2385.08,4031.34,4077.247142857143,7,3,27,2025
2025-07-04,P003,Headphones,Electronics,85.5,No,0.0,46,3933.21,3133.42,4427.73,3948.9728571428573,7,4,27,2025
2025-07-05,P003,Headphones,Electronics,83.33,No,,53,4416.5,3933.21,4633.95,3878.327142857143,7,5,27,2025
2025-07-06,P003,Headphones,Electronics,81.92,No,0.0,36,2949.23,4416.5,4510.4,3847.2628571428572,7,6,27,2025
2025-07-07,P003,Headphones,Electronics,85.13,No,0.0,30,2553.93,2949.23,4134.08,3624.238571428571,7,0,28,2025
2025-07-08,P003,Headphones,Electronics,84.76,No,0.0,52,4407.54,2553.93,4418.15,3398.502857142857,7,1,28,2025
2025-07-09,P003,Headphones,Electronics,88.3,No,0.0,46,4061.8,4407.54,2385.08,3396.9871428571428,7,2,28,2025
2025-07-10,P003,Headphones,Electronics,86.88,No,0.0,46,3996.7,4061.8,3133.42,3636.5185714285717,7,3,28,2025
2025-07-11,P003,Headphones,Electronics,85.87,No,0.0,46,3949.83,3996.7,3933.21,3759.844285714286,7,4,28,2025
2025-07-12,P003,Headphones,Electronics,85.61,No,0.0,46,3938.28,3949.83,4416.5,3762.218571428571,7,5,28,2025
2025-07-13,P003,Headphones,Electronics,84.5,No,0.0,55,4647.65,3938.28,2949.23,3693.901428571429,7,6,28,2025
2025-07-14,P003,Headphones,Electronics,85.99,No,0.0,41,3525.6,4647.65,2553.93,3936.532857142857,7,0,29,2025
2025-07-15,P003,Headphones,Electronics,82.94,No,0.0,45,3732.39,3525.6,4407.54,4075.3428571428567,7,1,29,2025
2025-07-16,P003,Headphones,Electronics,84.96,Yes,0.12,50,3735.98,3732.39,4061.8,3978.8928571428573,7,2,29,2025
2025-07-17,P003,Headphones,Electronics,85.74,No,0.0,36,3086.65,3735.98,3996.7,3932.347142857143,7,3,29,2025
2025-07-18,P003,Headphones,Electronics,86.66,No,0.0,46,3986.53,3086.65,3949.83,3802.3399999999997,7,4,29,2025
2025-07-19,P003,Headphones,Electronics,84.89,No,0.0,46,3905.02,3986.53,3938.28,3807.5828571428574,7,5,29,2025
2025-07-20,P003,Headphones,Electronics,84.89,No,0.0,46,3904.73,3905.02,4647.65,3802.8314285714287,7,6,29,2025
2025-07-21,P003,Headphones,Electronics,84.45,No,0.0,33,2786.93,3904.73,3525.6,3696.7000000000003,7,0,30,2025
2025-07-22,P003,Headphones,Electronics,80.36,No,0.0,50,4017.77,2786.93,3732.39,3591.1757142857145,7,1,30,2025
2025-07-23,P003,Headphones,Electronics,80.37,No,0.0,35,2813.04,4017.77,3735.98,3631.944285714286,7,2,30,2025
2025-07-24,P003,Headphones,Electronics,79.95,Yes,0.159,44,2956.96,2813.04,3086.65,3500.095714285714,7,3,30,2025
2025-07-25,P003,Headphones,Electronics,85.59,No,0.0,38,3252.56,2956.96,3986.53,3481.5685714285714,7,4,30,2025
2025-07-26,P003,Headphones,Electronics,84.61,No,0.0,46,3892.18,3252.56,3905.02,3376.715714285714,7,5,30,2025
2025-07-27,P003,Headphones,Electronics,83.12,No,0.0,50,4155.86,3892.18,3904.73,3374.8814285714284,7,6,30,2025
2025-07-28,P003,Headphones,Electronics,87.56,Yes,0.061,35,2877.93,4155.86,2786.93,3410.7571428571423,7,0,31,2025
2025-07-29,P003,Headphones,Electronics,81.47,No,0.0,48,3910.57,2877.93,4017.77,3423.7571428571423,7,1,31,2025
2025-07-30,P003,Headphones,Electronics,84.49,No,0.0,41,3464.27,3910.57,2813.04,3408.442857142857,7,2,31,2025
2025-07-31,P003,Headphones,Electronics,87.19,Yes,0.193,46,3236.29,3464.27,2956.96,3501.475714285714,7,3,31,2025
2025-08-01,P003,Headphones,Electronics,81.85,Yes,0.078,49,3698.75,3236.29,3252.56,3541.38,8,4,31,2025
2025-08-02,P003,Headphones,Electronics,90.05,No,0.0,40,3602.05,3698.75,3892.18,3605.121428571428,8,5,31,2025
2025-08-03,P003,Headphones,Electronics,88.26,No,0.0,29,2559.63,3602.05,4155.86,3563.6742857142854,8,6,31,2025
2025-08-04,P003,Headphones,Electronics,84.7,No,0.0,32,2710.53,2559.63,2877.93,3335.6414285714286,8,0,32,2025
2025-08-05,P003,Headphones,Electronics,82.8,No,0.0,31,2566.79,2710.53,3910.57,3311.7271428571435,8,1,32,2025
2025-08-06,P003,Headphones,Electronics,88.27,No,0.0,37,3265.92,2566.79,3464.27,3119.7585714285715,8,2,32,2025
2025-08-07,P003,Headphones,Electronics,85.37,No,0.0,50,4268.33,3265.92,3236.29,3091.4228571428575,8,3,32,2025
2025-08-08,P003,Headphones,Electronics,88.45,No,0.0,46,4068.48,4268.33,3698.75,3238.8571428571427,8,4,32,2025
2025-08-09,P003,Headphones,Electronics,84.97,No,0.0,46,3908.76,4068.48,3602.05,3291.675714285714,8,5,32,2025
2025-08-10,P003,Headphones,Electronics,84.43,No,0.0,46,3883.92,3908.76,2559.63,3335.491428571429,8,6,32,2025
2025-08-11,P003,Headphones,Electronics,83.15,Yes,0.17,45,3107.24,3883.92,2710.53,3524.675714285714,8,0,33,2025
2025-08-12,P003,Headphones,Electronics,83.58,No,0.0,37,3092.36,3107.24,2566.79,3581.348571428571,8,1,33,2025
2025-08-13,P003,Headphones,Electronics,82.49,No,0.0,34,2804.78,3092.36,3265.92,3656.4300000000003,8,2,33,2025
2025-08-14,P003,Headphones,Electronics,87.63,No,0.0,49,4293.76,2804.78,4268.33,3590.552857142857,8,3,33,2025
2025-08-15,P003,Headphones,Electronics,81.67,Yes,0.194,43,2828.75,4293.76,4068.48,3594.1857142857148,8,4,33,2025
2025-08-16,P003,Headphones,Electronics,86.51,No,0.0,35,3028.0,2828.75,3908.76,3417.0814285714287,8,5,33,2025
2025-08-17,P003,Headphones,Electronics,87.94,No,0.0,50,4397.17,3028.0,3883.92,3291.258571428571,8,6,33,2025
2025-08-18,P003,Headphones,Electronics,89.34,No,0.0,39,3484.25,4397.17,3107.24,3364.5800000000004,8,0,34,2025
2025-08-19,P003,Headphones,Electronics,87.04,No,0.0,41,3568.8,3484.25,3092.36,3418.4385714285713,8,1,34,2025
2025-08-20,P003,Headphones,Electronics,81.95,No,0.0,30,2458.41,3568.8,2804.78,3486.5014285714283,8,2,34,2025
2025-08-21,P003,Headphones,Electronics,79.17,Yes,0.176,43,2804.28,2458.41,4293.76,3437.02,8,3,34,2025
2025-08-22,P003,Headphones,Electronics,90.1,Yes,0.163,48,3621.04,2804.28,2828.75,3224.2371428571428,8,4,34,2025
2025-08-23,P003,Headphones,Electronics,87.18,Yes,0.222,49,3321.65,3621.04,3028.0,3337.421428571429,8,5,34,2025
2025-08-24,P003,Headphones,Electronics,82.69,No,0.0,40,3307.74,3321.65,4397.17,3379.371428571428,8,6,34,2025
2025-08-25,P003,Headphones,Electronics,88.27,Yes,0.103,44,3484.71,3307.74,3484.25,3223.738571428571,8,0,35,2025
2025-08-26,P003,Headphones,Electronics,88.96,Yes,0.104,49,3905.82,3484.71,3568.8,3223.804285714286,8,1,35,2025
2025-08-27,P003,Headphones,Electronics,89.17,Yes,0.215,56,3919.67,3905.82,2458.41,3271.9500000000003,8,2,35,2025
2025-08-28,P003,Headphones,Electronics,88.24,Yes,0.125,47,3629.82,3919.67,2804.28,3480.7014285714286,8,3,35,2025
2025-08-29,P003,Headphones,Electronics,85.65,No,0.0,31,2655.01,3629.82,3621.04,3598.6357142857137,8,4,35,2025
2025-08-30,P003,Headphones,Electronics,85.27,Yes,0.139,54,3966.63,2655.01,3321.65,3460.631428571429,8,5,35,2025
2025-08-31,P003,Headphones,Electronics,86.68,No,0.0,44,3814.14,3966.63,3307.74,3552.7714285714287,8,6,35,2025
2025-09-01,P003,Headphones,Electronics,80.78,No,0.0,35,2827.27,3814.14,3484.71,3625.1142857142863,9,0,36,2025
2025-09-02,P003,Headphones,Electronics,86.78,No,0.0,33,2863.59,2827.27,3905.82,3531.194285714286,9,1,36,2025
2025-09-03,P003,Headphones,Electronics,88.32,No,0.0,37,3267.87,2863.59,3919.67,3382.304285714286,9,2,36,2025
2025-09-04,P003,Headphones,Electronics,84.5,No,0.0,34,2873.11,3267.87,3629.82,3289.19,9,3,36,2025
2025-09-05,P003,Headphones,Electronics,87.27,No,0.0,40,3490.98,2873.11,2655.01,3181.088571428572,9,4,36,2025
2025-09-06,P003,Headphones,Electronics,88.28,No,0.0,40,3531.3,3490.98,3966.63,3300.5128571428572,9,5,36,2025
2025-09-07,P003,Headphones,Electronics,83.14,No,0.0,43,3574.99,3531.3,3814.14,3238.3228571428567,9,6,36,2025
2025-09-08,P003,Headphones,Electronics,80.1,Yes,0.204,59,3762.61,3574.99,2827.27,3204.1585714285716,9,0,37,2025
2025-09-09,P003,Headphones,Electronics,86.66,No,0.0,32,2772.99,3762.61,2863.59,3337.7785714285715,9,1,37,2025
2025-09-10,P003,Headphones,Electronics,90.07,No,0.0,41,3692.87,2772.99,3267.87,3324.835714285714,9,2,37,2025
2025-09-11,P003,Headphones,Electronics,84.23,No,0.0,28,2358.33,3692.87,2873.11,3385.5499999999997,9,3,37,2025
2025-09-12,P003,Headphones,Electronics,83.87,No,0.0,35,2935.62,2358.33,3490.98,3312.0099999999998,9,4,37,2025
2025-09-13,P003,Headphones,Electronics,88.31,No,0.0,34,3002.5,2935.62,3531.3,3232.672857142857,9,5,37,2025
2025-09-14,P003,Headphones,Electronics,82.02,No,0.0,42,3444.86,3002.5,3574.99,3157.13,9,6,37,2025
2025-09-15,P003,Headphones,Electronics,85.14,No,0.0,32,2724.5,3444.86,3762.61,3138.54,9,0,38,2025
2025-09-16,P003,Headphones,Electronics,83.54,No,0.0,36,3007.28,2724.5,2772.99,2990.238571428571,9,1,38,2025
2025-09-17,P003,Headphones,Electronics,83.99,No,0.0,37,3107.58,3007.28,3692.87,3023.7085714285713,9,2,38,2025
2025-09-18,P003,Headphones,Electronics,82.75,No,0.0,26,2151.58,3107.58,2358.33,2940.0957142857146,9,3,38,2025
2025-09-19,P003,Headphones,Electronics,87.82,No,0.0,40,3512.76,2151.58,2935.62,2910.56,9,4,38,2025
2025-09-20,P003,Headphones,Electronics,84.85,No,0.0,38,3224.12,3512.76,3002.5,2993.0085714285715,9,5,38,2025
2025-09-21,P003,Headphones,Electronics,82.66,No,0.0,48,3967.45,3224.12,3444.86,3024.6685714285713,9,6,38,2025
2025-09-22,P003,Headphones,Electronics,84.1,No,0.0,39,3279.73,3967.45,2724.5,3099.324285714286,9,0,39,2025
2025-09-23,P003,Headphones,Electronics,87.41,No,0.0,36,3146.64,3279.73,3007.28,3178.6428571428573,9,1,39,2025
2025-09-24,P003,Headphones,Electronics,80.6,No,0.0,44,3546.54,3146.64,3107.58,3198.5514285714285,9,2,39,2025
2025-09-25,P003,Headphones,Electronics,83.22,No,0.0,41,3411.94,3546.54,2151.58,3261.2599999999998,9,3,39,2025
2025-09-26,P003,Headphones,Electronics,83.14,Yes,0.208,64,4213.54,3411.94,3512.76,3441.3114285714287,9,4,39,2025
2025-09-27,P003,Headphones,Electronics,82.53,No,0.0,49,4044.21,4213.54,3224.12,3541.422857142857,9,5,39,2025
2025-09-28,P003,Headphones,Electronics,75.43,No,0.0,43,3243.53,4044.21,3967.45,3658.578571428571,9,6,39,2025
2025-09-29,P003,Headphones,Electronics,81.41,No,0.0,45,3663.37,3243.53,3279.73,3555.1614285714286,9,0,40,2025
2025-09-30,P003,Headphones,Electronics,87.57,No,0.0,30,2627.21,3663.37,3146.64,3609.967142857143,9,1,40,2025
2025-10-01,P003,Headphones,Electronics,88.06,No,0.0,34,2994.03,2627.21,3546.54,3535.7628571428572,10,2,40,2025
2025-10-02,P003,Headphones,Electronics,83.12,No,0.0,34,2826.06,2994.03,3411.94,3456.8328571428574,10,3,40,2025
2025-10-03,P003,Headphones,Electronics,76.56,Yes,0.235,58,3398.11,2826.06,4213.54,3373.1357142857146,10,4,40,2025
2025-10-04,P003,Headphones,Electronics,88.61,No,0.0,36,3189.99,3398.11,4044.21,3256.6457142857143,10,5,40,2025
2025-10-05,P003,Headphones,Electronics,80.01,Yes,0.063,60,4497.22,3189.99,3243.53,3134.6142857142863,10,6,40,2025
2025-10-06,P003,Headphones,Electronics,86.66,No,0.0,32,2773.01,4497.22,3663.37,3313.712857142857,10,0,41,2025
2025-10-07,P003,Headphones,Electronics,81.31,Yes,0.065,36,2738.09,2773.01,2627.21,3186.5185714285717,10,1,41,2025
2025-10-08,P003,Headphones,Electronics,83.07,Yes,0.123,48,3498.68,2738.09,2994.03,3202.358571428572,10,2,41,2025
2025-10-09,P003,Headphones,Electronics,84.06,No,0.0,29,2437.85,3498.68,2826.06,3274.451428571429,10,3,41,2025
2025-10-10,P003,Headphones,Electronics,88.11,No,0.0,27,2379.0,2437.85,3398.11,3218.9928571428572,10,4,41,2025
2025-10-11,P003,Headphones,Electronics,88.13,No,0.0,33,2908.23,2379.0,3189.99,3073.405714285714,10,5,41,2025
2025-10-12,P003,Headphones,Electronics,83.23,No,0.0,45,3745.35,2908.23,4497.22,3033.1542857142854,10,6,41,2025
2025-10-13,P003,Headphones,Electronics,88.06,No,0.0,42,3698.68,3745.35,2773.01,2925.7442857142855,10,0,42,2025
2025-10-14,P003,Headphones,Electronics,84.75,No,0.0,42,3559.35,3698.68,2738.09,3057.9828571428566,10,1,42,2025
2025-10-15,P003,Headphones,Electronics,82.4,No,0.0,33,2719.07,3559.35,3498.68,3175.305714285714,10,2,42,2025
2025-10-16,P003,Headphones,Electronics,77.54,Yes,0.175,57,3645.15,2719.07,2437.85,3063.932857142857,10,3,42,2025
2025-10-17,P003,Headphones,Electronics,88.81,No,0.0,31,2753.25,3645.15,2379.0,3236.404285714286,10,4,42,2025
2025-10-18,P003,Headphones,Electronics,84.34,No,0.0,38,3205.08,2753.25,2908.23,3289.8685714285716,10,5,42,2025
2025-10-19,P003,Headphones,Electronics,86.73,No,0.0,37,3209.05,3205.08,3745.35,3332.2757142857145,10,6,42,2025
2025-10-20,P003,Headphones,Electronics,88.55,No,0.0,48,4250.5,3209.05,3698.68,3255.6614285714286,10,0,43,2025
2025-10-21,P003,Headphones,Electronics,87.71,No,0.0,38,3333.11,4250.5,3559.35,3334.4928571428572,10,1,43,2025
2025-10-22,P003,Headphones,Electronics,79.93,No,0.0,38,3037.27,3333.11,2719.07,3302.172857142857,10,2,43,2025
2025-10-23,P003,Headphones,Electronics,83.4,Yes,0.181,53,3622.26,3037.27,3645.15,3347.63,10,3,43,2025
2025-10-24,P003,Headphones,Electronics,81.92,No,0.0,41,3358.77,3622.26,2753.25,3344.3600000000006,10,4,43,2025
2025-10-25,P003,Headphones,Electronics,88.83,No,0.0,33,2931.41,3358.77,3205.08,3430.862857142857,10,5,43,2025
2025-10-26,P003,Headphones,Electronics,84.42,No,0.0,44,3714.65,2931.41,3209.05,3391.7671428571425,10,6,43,2025
2025-10-27,P003,Headphones,Electronics,86.89,No,0.0,37,3215.02,3714.65,4250.5,3463.9957142857143,10,0,44,2025
2025-10-28,P003,Headphones,Electronics,88.71,No,0.0,49,4346.88,3215.02,3333.11,3316.07,10,1,44,2025
2025-10-29,P003,Headphones,Electronics,84.27,Yes,0.247,46,2918.02,4346.88,3037.27,3460.894285714286,10,2,44,2025
2025-10-30,P003,Headphones,Electronics,83.52,No,0.0,29,2422.11,2918.02,3622.26,3443.8585714285714,10,3,44,2025
2025-10-31,P003,Headphones,Electronics,88.77,No,0.0,30,2663.14,2422.11,3358.77,3272.4085714285716,10,4,44,2025
2025-11-01,P003,Headphones,Electronics,86.04,No,0.0,52,4473.92,2663.14,2931.41,3173.032857142857,11,5,44,2025
2025-11-02,P003,Headphones,Electronics,88.42,No,0.0,48,4244.29,4473.92,3714.65,3393.3914285714286,11,6,44,2025
2025-11-03,P003,Headphones,Electronics,87.22,No,0.0,35,3052.61,4244.29,3215.02,3469.054285714286,11,0,45,2025
2025-11-04,P003,Headphones,Electronics,83.39,Yes,0.225,45,2906.78,3052.61,4346.88,3445.8528571428574,11,1,45,2025
2025-11-05,P003,Headphones,Electronics,85.8,No,0.0,42,3603.52,2906.78,2918.02,3240.124285714286,11,2,45,2025
2025-11-06,P003,Headphones,Electronics,86.7,No,0.0,47,4074.72,3603.52,2422.11,3338.0528571428576,11,3,45,2025
2025-11-07,P003,Headphones,Electronics,81.91,Yes,0.167,57,3889.01,4074.72,2663.14,3574.1400000000003,11,4,45,2025
2025-11-08,P003,Headphones,Electronics,87.27,No,0.0,53,4625.5,3889.01,4473.92,3749.264285714286,11,5,45,2025
2025-11-09,P003,Headphones,Electronics,83.25,No,0.0,50,4162.36,4625.5,4244.29,3770.9185714285713,11,6,45,2025
2025-11-10,P003,Headphones,Electronics,83.12,Yes,0.11,57,4215.15,4162.36,3052.61,3759.214285714286,11,0,46,2025
2025-11-11,P003,Headphones,Electronics,83.61,Yes,0.177,63,4335.08,4215.15,2906.78,3925.2914285714282,11,1,46,2025
2025-11-12,P003,Headphones,Electronics,82.55,No,0.0,36,2971.98,4335.08,3603.52,4129.334285714286,11,2,46,2025
2025-11-13,P003,Headphones,Electronics,85.81,No,0.0,43,3689.8,2971.98,4074.72,4039.1142857142854,11,3,46,2025
2025-11-14,P003,Headphones,Electronics,81.24,No,0.0,52,4224.73,3689.8,3889.01,3984.1257142857144,11,4,46,2025
2025-11-15,P003,Headphones,Electronics,80.16,No,0.0,53,4248.26,4224.73,4625.5,4032.085714285714,11,5,46,2025
2025-11-16,P003,Headphones,Electronics,83.96,Yes,0.203,69,4615.6,4248.26,4162.36,3978.194285714286,11,6,46,2025
2025-11-17,P003,Headphones,Electronics,88.68,No,0.0,38,3369.88,4615.6,4215.15,4042.942857142857,11,0,47,2025
2025-11-18,P003,Headphones,Electronics,81.03,No,0.0,40,3241.32,3369.88,4335.08,3922.19,11,1,47,2025
2025-11-19,P003,Headphones,Electronics,85.93,No,0.0,45,3866.66,3241.32,2971.98,3765.9385714285713,11,2,47,2025
2025-11-20,P003,Headphones,Electronics,84.99,Yes,0.178,64,4472.54,3866.66,3689.8,3893.75,11,3,47,2025
2025-11-21,P003,Headphones,Electronics,85.91,Yes,0.149,60,4389.18,4472.54,4224.73,4005.5699999999997,11,4,47,2025
2025-11-22,P003,Headphones,Electronics,80.52,No,0.0,49,3945.48,4389.18,4248.26,4029.0628571428574,11,5,47,2025
2025-11-23,P003,Headphones,Electronics,88.95,No,0.0,54,4803.16,3945.48,4615.6,3985.808571428571,11,6,47,2025
2025-11-24,P003,Headphones,Electronics,86.18,No,0.0,36,3102.34,4803.16,3369.88,4012.6028571428574,11,0,48,2025
2025-11-25,P003,Headphones,Electronics,90.55,No,0.0,36,3259.81,3102.34,3241.32,3974.382857142857,11,1,48,2025
2025-11-26,P003,Headphones,Electronics,87.78,No,0.0,42,3686.76,3259.81,3866.66,3977.0242857142853,11,2,48,2025
2025-11-27,P003,Headphones,Electronics,81.2,No,0.0,40,3248.08,3686.76,4472.54,3951.324285714286,11,3,48,2025
2025-11-28,P003,Headphones,Electronics,84.14,Yes,0.06,45,3558.15,3248.08,4389.18,3776.401428571429,11,4,48,2025
2025-11-29,P003,Headphones,Electronics,90.92,No,0.0,47,4273.4,3558.15,3945.48,3657.682857142857,11,5,48,2025
2025-11-30,P003,Headphones,Electronics,86.41,No,0.0,42,3629.11,4273.4,4803.16,3704.528571428571,11,6,48,2025
2025-12-01,P003,Headphones,Electronics,86.3,No,0.0,38,3279.44,3629.11,3102.34,3536.807142857143,12,0,49,2025
2025-12-02,P003,Headphones,Electronics,83.32,No,0.0,41,3415.96,3279.44,3259.81,3562.1071428571427,12,1,49,2025
2025-12-03,P003,Headphones,Electronics,87.49,No,0.0,48,4199.37,3415.96,3686.76,3584.414285714286,12,2,49,2025
2025-12-04,P003,Headphones,Electronics,84.45,No,0.0,52,4391.47,4199.37,3248.08,3657.6442857142856,12,3,49,2025
2025-12-05,P003,Headphones,Electronics,85.34,No,0.0,51,4352.22,4391.47,3558.15,3820.9857142857145,12,4,49,2025
2025-12-06,P003,Headphones,Electronics,80.95,No,0.0,68,5504.32,4352.22,4273.4,3934.424285714286,12,5,49,2025
2025-12-07,P003,Headphones,Electronics,82.11,No,0.0,43,3530.66,5504.32,3629.11,4110.2699999999995,12,6,49,2025
2025-12-08,P003,Headphones,Electronics,82.91,No,0.0,37,3067.65,3530.66,3279.44,4096.205714285715,12,0,50,2025
2025-12-09,P003,Headphones,Electronics,85.44,No,0.0,52,4442.67,3067.65,3415.96,4065.95,12,1,50,2025
2025-12-10,P003,Headphones,Electronics,82.33,No,0.0,42,3458.07,4442.67,4199.37,4212.622857142857,12,2,50,2025
2025-12-11,P003,Headphones,Electronics,77.44,No,0.0,49,3794.39,3458.07,4391.47,4106.722857142858,12,3,50,2025
2025-12-12,P003,Headphones,Electronics,89.66,No,0.0,57,5110.88,3794.39,4352.22,4021.425714285714,12,4,50,2025
2025-12-13,P003,Headphones,Electronics,86.83,No,0.0,44,3820.34,5110.88,5504.32,4129.805714285714,12,5,50,2025
2025-12-14,P003,Headphones,Electronics,84.09,No,0.0,48,4036.28,3820.34,3530.66,3889.237142857143,12,6,50,2025
2025-12-15,P003,Headphones,Electronics,87.67,No,0.0,36,3156.22,4036.28,3067.65,3961.468571428571,12,0,51,2025
2025-12-16,P003,Headphones,Electronics,88.25,No,0.0,44,3883.06,3156.22,4442.67,3974.121428571428,12,1,51,2025
2025-12-17,P003,Headphones,Electronics,83.96,No,0.0,47,3946.17,3883.06,3458.07,3894.1771428571433,12,2,51,2025
2025-12-18,P003,Headphones,Electronics,81.17,No,0.0,51,4139.45,3946.17,3794.39,3963.905714285714,12,3,51,2025
2025-12-19,P003,Headphones,Electronics,88.78,No,0.0,40,3551.1,4139.45,5110.88,4013.2000000000003,12,4,51,2025
2025-12-20,P003,Headphones,Electronics,84.55,No,0.0,58,4903.71,3551.1,3820.34,3790.374285714286,12,5,51,2025
2025-12-21,P003,Headphones,Electronics,87.45,No,0.0,64,5596.71,4903.71,4036.28,3945.141428571428,12,6,51,2025
2025-12-22,P003,Headphones,Electronics,88.52,No,0.0,59,5222.96,5596.71,3156.22,4168.0599999999995,12,0,52,2025
2025-12-23,P003,Headphones,Electronics,84.33,No,0.0,52,4385.05,5222.96,3883.06,4463.308571428571,12,1,52,2025
2025-12-24,P003,Headphones,Electronics,86.01,Yes,0.108,84,6446.09,4385.05,3946.17,4535.021428571429,12,2,52,2025
2025-12-25,P003,Headphones,Electronics,84.11,No,0.0,59,4962.51,6446.09,4139.45,4892.152857142857,12,3,52,2025
2025-12-26,P003,Headphones,Electronics,91.68,No,0.0,54,4950.85,4962.51,3551.1,5009.732857142858,12,4,52,2025
2025-12-27,P003,Headphones,Electronics,86.72,No,0.0,69,5983.79,4950.85,4903.71,5209.697142857142,12,5,52,2025
2025-12-28,P003,Headphones,Electronics,90.65,No,0.0,69,6254.55,5983.79,5596.71,5363.994285714286,12,6,52,2025
2025-12-29,P003,Headphones,Electronics,88.24,No,0.0,62,5470.76,6254.55,5222.96,5457.971428571429,12,0,1,2025
2025-12-30,P003,Headphones,Electronics,84.14,No,0.0,63,5301.09,5470.76,4385.05,5493.3714285714295,12,1,1,2025
2025-12-31,P003,Headphones,Electronics,81.94,No,0.0,62,5080.27,5301.09,6446.09,5624.234285714286,12,2,1,2025
2023-01-08,P004,Office Chair,Furniture,180.67,No,0.0,15,2710.04,3359.02,3097.65,2849.684285714286,1,6,1,2023
2023-01-09,P004,Office Chair,Furniture,175.47,No,0.0,16,2807.56,2710.04,2989.07,2794.3114285714287,1,0,2,2023
2023-01-10,P004,Office Chair,Furniture,178.43,No,0.0,15,2676.5,2807.56,3819.15,2768.3814285714284,1,1,2,2023
2023-01-11,P004,Office Chair,Furniture,191.57,Yes,0.248,15,2160.83,2676.5,3004.49,2605.1457142857143,1,2,2,2023
2023-01-12,P004,Office Chair,Furniture,186.51,No,0.0,26,4849.35,2160.83,1928.96,2484.6228571428574,1,3,2,2023
2023-01-13,P004,Office Chair,Furniture,176.29,Yes,0.193,22,3128.02,4849.35,1749.45,2901.8214285714284,1,4,2,2023
2023-01-14,P004,Office Chair,Furniture,178.73,No,0.0,20,3574.56,3128.02,3359.02,3098.7599999999998,1,5,2,2023
2023-01-15,P004,Office Chair,Furniture,183.68,No,0.0,23,4224.64,3574.56,2710.04,3129.5514285714285,1,6,2,2023
2023-01-16,P004,Office Chair,Furniture,182.46,No,0.0,11,2007.06,4224.64,2807.56,3345.922857142857,1,0,3,2023
2023-01-17,P004,Office Chair,Furniture,181.0,No,0.0,24,4344.07,2007.06,2676.5,3231.565714285714,1,1,3,2023
2023-01-18,P004,Office Chair,Furniture,182.26,No,0.0,20,3645.29,4344.07,2160.83,3469.79,1,2,3,2023
2023-01-19,P004,Office Chair,Furniture,180.2,No,0.0,16,2883.13,3645.29,4849.35,3681.855714285714,1,3,3,2023
2023-01-20,P004,Office Chair,Furniture,179.72,No,0.0,10,1797.17,2883.13,3128.02,3400.967142857143,1,4,3,2023
2023-01-21,P004,Office Chair,Furniture,170.29,No,0.0,15,2554.37,1797.17,3574.56,3210.845714285714,1,5,3,2023
2023-01-22,P004,Office Chair,Furniture,170.94,Yes,0.151,23,3338.41,2554.37,4224.64,3065.104285714286,1,6,3,2023
2023-01-23,P004,Office Chair,Furniture,177.62,No,0.0,14,2486.67,3338.41,2007.06,2938.5,1,0,4,2023
2023-01-24,P004,Office Chair,Furniture,173.16,Yes,0.196,28,3900.56,2486.67,4344.07,3007.0157142857142,1,1,4,2023
2023-01-25,P004,Office Chair,Furniture,176.66,Yes,0.244,25,3340.33,3900.56,3645.29,2943.6571428571433,1,2,4,2023
2023-01-26,P004,Office Chair,Furniture,182.33,No,0.0,18,3282.01,3340.33,2883.13,2900.0914285714284,1,3,4,2023
2023-01-27,P004,Office Chair,Furniture,173.68,No,0.0,16,2778.85,3282.01,1797.17,2957.074285714286,1,4,4,2023
2023-01-28,P004,Office Chair,Furniture,185.16,Yes,0.177,25,3810.2,2778.85,2554.37,3097.3142857142852,1,5,4,2023
2023-01-29,P004,Office Chair,Furniture,186.82,Yes,0.132,24,3890.94,3810.2,3338.41,3276.718571428571,1,6,4,2023
2023-01-30,P004,Office Chair,Furniture,180.73,No,0.0,13,2349.45,3890.94,2486.67,3355.6514285714284,1,0,5,2023
2023-01-31,P004,Office Chair,Furniture,174.95,No,0.0,20,3498.96,2349.45,3900.56,3336.0485714285714,1,1,5,2023
2023-02-01,P004,Office Chair,Furniture,184.75,Yes,0.157,26,4050.67,3498.96,3340.33,3278.6771428571424,2,2,5,2023
2023-02-02,P004,Office Chair,Furniture,171.54,No,0.0,17,2916.16,4050.67,3282.01,3380.154285714286,2,3,5,2023
2023-02-03,P004,Office Chair,Furniture,179.93,No,0.0,17,3058.74,2916.16,2778.85,3327.89,2,4,5,2023
2023-02-04,P004,Office Chair,Furniture,173.07,No,0.0,22,3807.6,3058.74,3810.2,3367.8742857142856,2,5,5,2023
2023-02-05,P004,Office Chair,Furniture,183.67,Yes,0.198,16,2357.03,3807.6,3890.94,3367.502857142857,2,6,5,2023
2023-02-06,P004,Office Chair,Furniture,179.7,No,0.0,17,3054.98,2357.03,2349.45,3148.3728571428574,2,0,6,2023
2023-02-07,P004,Office Chair,Furniture,179.36,No,0.0,11,1972.92,3054.98,3498.96,3249.162857142857,2,1,6,2023
2023-02-08,P004,Office Chair,Furniture,185.38,No,0.0,18,3336.91,1972.92,4050.67,3031.1571428571433,2,2,6,2023
2023-02-09,P004,Office Chair,Furniture,171.0,No,0.0,21,3590.99,3336.91,2916.16,2929.191428571429,2,3,6,2023
2023-02-10,P004,Office Chair,Furniture,181.4,No,0.0,22,3990.71,3590.99,3058.74,3025.595714285714,2,4,6,2023
2023-02-11,P004,Office Chair,Furniture,183.37,No,0.0,17,3117.25,3990.71,3807.6,3158.7342857142858,2,5,6,2023
2023-02-12,P004,Office Chair,Furniture,178.14,No,0.0,13,2315.81,3117.25,2357.03,3060.112857142857,2,6,6,2023
2023-02-13,P004,Office Chair,Furniture,180.37,No,0.0,11,1984.05,2315.81,3054.98,3054.2242857142855,2,0,7,2023
2023-02-14,P004,Office Chair,Furniture,185.33,No,0.0,23,4262.55,1984.05,1972.92,2901.2342857142858,2,1,7,2023
2023-02-15,P004,Office Chair,Furniture,176.54,No,0.0,16,2824.59,4262.55,3336.91,3228.3242857142855,2,2,7,2023
2023-02-16,P004,Office Chair,Furniture,185.53,Yes,0.099,23,3845.58,2824.59,3590.99,3155.1357142857137,2,3,7,2023
2023-02-17,P004,Office Chair,Furniture,168.64,Yes,0.122,20,2962.13,3845.58,3990.71,3191.5057142857145,2,4,7,2023
2023-02-18,P004,Office Chair,Furniture,178.71,No,0.0,19,3395.47,2962.13,3117.25,3044.565714285715,2,5,7,2023
2023-02-19,P004,Office Chair,Furniture,189.84,Yes,0.201,33,5007.52,3395.47,2315.81,3084.311428571428,2,6,7,2023
2023-02-20,P004,Office Chair,Furniture,186.29,No,0.0,15,2794.37,5007.52,1984.05,3468.8414285714284,2,0,8,2023
2023-02-21,P004,Office Chair,Furniture,184.71,No,0.0,12,2216.48,2794.37,4262.55,3584.601428571429,2,1,8,2023
2023-02-22,P004,Office Chair,Furniture,177.69,No,0.0,17,3020.73,2216.48,2824.59,3292.3057142857147,2,2,8,2023
2023-02-23,P004,Office Chair,Furniture,180.24,No,0.0,13,2343.13,3020.73,3845.58,3320.3257142857146,2,3,8,2023
2023-02-24,P004,Office Chair,Furniture,198.31,No,0.0,23,4561.15,2343.13,2962.13,3105.69,2,4,8,2023
2023-02-25,P004,Office Chair,Furniture,175.72,No,0.0,18,3162.88,4561.15,3395.47,3334.121428571428,2,5,8,2023
2023-02-26,P004,Office Chair,Furniture,175.74,No,0.0,18,3163.35,3162.88,5007.52,3300.894285714286,2,6,8,2023
2023-02-27,P004,Office Chair,Furniture,183.72,Yes,0.117,21,3407.65,3163.35,2794.37,3037.441428571428,2,0,9,2023
2023-02-28,P004,Office Chair,Furniture,187.01,No,0.0,22,4114.18,3407.65,2216.48,3125.052857142857,2,1,9,2023
2023-03-01,P004,Office Chair,Furniture,179.89,Yes,0.234,25,3444.82,4114.18,3020.73,3396.152857142857,3,2,9,2023
2023-03-02,P004,Office Chair,Furniture,184.33,No,0.0,15,2765.01,3444.82,2343.13,3456.7371428571428,3,3,9,2023
2023-03-03,P004,Office Chair,Furniture,179.95,No,0.0,14,2519.36,2765.01,4561.15,3517.0057142857145,3,4,9,2023
2023-03-04,P004,Office Chair,Furniture,169.76,No,0.0,19,3225.49,2519.36,3162.88,3225.3214285714284,3,5,9,2023
2023-03-05,P004,Office Chair,Furniture,180.54,No,0.0,13,2346.96,3225.49,3163.35,3234.2657142857142,3,6,9,2023
2023-03-06,P004,Office Chair,Furniture,179.73,No,0.0,20,3594.64,2346.96,3407.65,3117.6385714285716,3,0,10,2023
2023-03-07,P004,Office Chair,Furniture,178.83,No,0.0,20,3576.51,3594.64,4114.18,3144.3514285714286,3,1,10,2023
2023-03-08,P004,Office Chair,Furniture,181.99,Yes,0.241,21,2899.26,3576.51,3444.82,3067.5414285714287,3,2,10,2023
2023-03-09,P004,Office Chair,Furniture,178.53,No,0.0,15,2677.98,2899.26,2765.01,2989.6042857142857,3,3,10,2023
2023-03-10,P004,Office Chair,Furniture,169.41,No,0.0,19,3218.86,2677.98,2519.36,2977.1714285714284,3,4,10,2023
2023-03-11,P004,Office Chair,Furniture,183.05,No,0.0,18,3294.87,3218.86,3225.49,3077.0999999999995,3,5,10,2023
2023-03-12,P004,Office Chair,Furniture,176.14,Yes,0.146,25,3760.32,3294.87,2346.96,3087.011428571429,3,6,10,2023
2023-03-13,P004,Office Chair,Furniture,176.87,No,0.0,22,3891.22,3760.32,3594.64,3288.9200000000005,3,0,11,2023
2023-03-14,P004,Office Chair,Furniture,177.31,No,0.0,16,2836.89,3891.22,3576.51,3331.2885714285717,3,1,11,2023
2023-03-15,P004,Office Chair,Furniture,189.16,No,0.0,18,3404.95,2836.89,2899.26,3225.628571428572,3,2,11,2023
2023-03-16,P004,Office Chair,Furniture,187.18,No,0.0,11,2059.02,3404.95,2677.98,3297.87,3,3,11,2023
2023-03-17,P004,Office Chair,Furniture,183.26,Yes,0.086,25,4188.25,2059.02,3218.86,3209.447142857143,3,4,11,2023
2023-03-18,P004,Office Chair,Furniture,172.3,No,0.0,25,4307.6,4188.25,3294.87,3347.9314285714286,3,5,11,2023
2023-03-19,P004,Office Chair,Furniture,184.32,Yes,0.158,28,4344.27,4307.6,3760.32,3492.6071428571427,3,6,11,2023
2023-03-20,P004,Office Chair,Furniture,179.68,Yes,0.128,14,2194.48,4344.27,3891.22,3576.028571428571,3,0,12,2023
2023-03-21,P004,Office Chair,Furniture,177.61,No,0.0,19,3374.58,2194.48,2836.89,3333.6371428571433,3,1,12,2023
2023-03-22,P004,Office Chair,Furniture,177.33,Yes,0.228,24,3284.13,3374.58,3404.95,3410.45,3,2,12,2023
2023-03-23,P004,Office Chair,Furniture,186.2,Yes,0.137,28,4497.44,3284.13,2059.02,3393.19,3,3,12,2023
2023-03-24,P004,Office Chair,Furniture,178.31,No,0.0,21,3744.57,4497.44,4188.25,3741.535714285714,3,4,12,2023
2023-03-25,P004,Office Chair,Furniture,186.43,No,0.0,21,3915.07,3744.57,4307.6,3678.152857142857,3,5,12,2023
2023-03-26,P004,Office Chair,Furniture,180.16,No,0.0,22,3963.61,3915.07,4344.27,3622.077142857143,3,6,12,2023
2023-03-27,P004,Office Chair,Furniture,186.52,No,0.0,27,5036.03,3963.61,2194.48,3567.6971428571424,3,0,13,2023
2023-03-28,P004,Office Chair,Furniture,182.61,Yes,0.229,22,3096.58,5036.03,3374.58,3973.632857142857,3,1,13,2023
2023-03-29,P004,Office Chair,Furniture,186.92,No,0.0,20,3738.31,3096.58,3284.13,3933.9185714285713,3,2,13,2023
2023-03-30,P004,Office Chair,Furniture,187.97,Yes,0.053,19,3381.33,3738.31,4497.44,3998.8014285714285,3,3,13,2023
2023-03-31,P004,Office Chair,Furniture,178.8,No,0.0,23,4112.39,3381.33,3744.57,3839.3571428571427,3,4,13,2023
2023-04-01,P004,Office Chair,Furniture,184.39,No,0.0,13,2397.07,4112.39,3915.07,3891.902857142857,4,5,13,2023
2023-04-02,P004,Office Chair,Furniture,172.51,No,0.0,25,4312.83,2397.07,3963.61,3675.045714285715,4,6,13,2023
2023-04-03,P004,Office Chair,Furniture,187.54,No,0.0,22,4125.91,4312.83,5036.03,3724.934285714286,4,0,14,2023
2023-04-04,P004,Office Chair,Furniture,181.37,No,0.0,15,2720.54,4125.91,3096.58,3594.917142857143,4,1,14,2023
2023-04-05,P004,Office Chair,Furniture,179.09,Yes,0.05,24,4081.21,2720.54,3738.31,3541.197142857143,4,2,14,2023
2023-04-06,P004,Office Chair,Furniture,180.67,No,0.0,16,2890.71,4081.21,3381.33,3590.182857142857,4,3,14,2023
2023-04-07,P004,Office Chair,Furniture,183.68,No,0.0,18,3306.27,2890.71,4112.39,3520.094285714286,4,4,14,2023
2023-04-08,P004,Office Chair,Furniture,192.02,No,0.0,23,4416.45,3306.27,2397.07,3404.934285714285,4,5,14,2023
2023-04-09,P004,Office Chair,Furniture,175.42,Yes,0.111,31,4834.18,4416.45,4312.83,3693.4171428571426,4,6,14,2023
2023-04-10,P004,Office Chair,Furniture,184.43,No,0.0,23,4241.93,4834.18,4125.91,3767.8957142857143,4,0,15,2023
2023-04-11,P004,Office Chair,Furniture,191.68,Yes,0.234,16,2348.63,4241.93,2720.54,3784.4700000000003,4,1,15,2023
2023-04-12,P004,Office Chair,Furniture,185.04,No,0.0,24,4441.05,2348.63,4081.21,3731.34,4,2,15,2023
2023-04-13,P004,Office Chair,Furniture,182.83,No,0.0,22,4022.16,4441.05,2890.71,3782.7457142857143,4,3,15,2023
2023-04-14,P004,Office Chair,Furniture,185.72,No,0.0,11,2042.9,4022.16,3306.27,3944.381428571429,4,4,15,2023
2023-04-15,P004,Office Chair,Furniture,188.22,Yes,0.222,23,3367.53,2042.9,4416.45,3763.9000000000005,4,5,15,2023
2023-04-16,P004,Office Chair,Furniture,175.29,No,0.0,17,2980.01,3367.53,4834.18,3614.054285714286,4,6,15,2023
2023-04-17,P004,Office Chair,Furniture,184.9,Yes,0.249,28,3887.13,2980.01,4241.93,3349.172857142857,4,0,16,2023
2023-04-18,P004,Office Chair,Furniture,185.37,No,0.0,24,4448.88,3887.13,2348.63,3298.4871428571428,4,1,16,2023
2023-04-19,P004,Office Chair,Furniture,180.96,No,0.0,20,3619.13,4448.88,4441.05,3598.522857142857,4,2,16,2023
2023-04-20,P004,Office Chair,Furniture,184.77,No,0.0,21,3880.1,3619.13,4022.16,3481.1057142857144,4,3,16,2023
2023-04-21,P004,Office Chair,Furniture,176.58,Yes,0.16,21,3114.76,3880.1,2042.9,3460.8114285714287,4,4,16,2023
2023-04-22,P004,Office Chair,Furniture,177.53,No,0.0,16,2840.51,3114.76,3367.53,3613.934285714286,4,5,16,2023
2023-04-23,P004,Office Chair,Furniture,183.76,No,0.0,19,3491.35,2840.51,2980.01,3538.6457142857143,4,6,16,2023
2023-04-24,P004,Office Chair,Furniture,184.0,No,0.0,13,2392.0,3491.35,3887.13,3611.694285714286,4,0,17,2023
2023-04-25,P004,Office Chair,Furniture,187.47,No,0.0,17,3186.98,2392.0,4448.88,3398.104285714286,4,1,17,2023
2023-04-26,P004,Office Chair,Furniture,183.02,No,0.0,17,3111.26,3186.98,3619.13,3217.8328571428574,4,2,17,2023
2023-04-27,P004,Office Chair,Furniture,180.59,No,0.0,25,4514.8,3111.26,3880.1,3145.2799999999997,4,3,17,2023
2023-04-28,P004,Office Chair,Furniture,179.22,No,0.0,17,3046.79,4514.8,3114.76,3235.951428571429,4,4,17,2023
2023-04-29,P004,Office Chair,Furniture,179.44,No,0.0,16,2871.08,3046.79,2840.51,3226.2414285714285,4,5,17,2023
2023-04-30,P004,Office Chair,Furniture,191.42,Yes,0.094,24,4163.43,2871.08,3491.35,3230.608571428572,4,6,17,2023
2023-05-01,P004,Office Chair,Furniture,178.07,No,0.0,20,3561.43,4163.43,2392.0,3326.6200000000003,5,0,18,2023
2023-05-02,P004,Office Chair,Furniture,176.52,No,0.0,21,3706.87,3561.43,3186.98,3493.681428571429,5,1,18,2023
2023-05-03,P004,Office Chair,Furniture,177.19,No,0.0,17,3012.29,3706.87,3111.26,3567.9514285714286,5,2,18,2023
2023-05-04,P004,Office Chair,Furniture,182.56,No,0.0,20,3651.24,3012.29,4514.8,3553.8128571428574,5,3,18,2023
2023-05-05,P004,Office Chair,Furniture,182.57,No,0.0,19,3468.76,3651.24,3046.79,3430.4471428571424,5,4,18,2023
2023-05-06,P004,Office Chair,Furniture,173.79,No,0.0,14,2433.0,3468.76,2871.08,3490.7285714285717,5,5,18,2023
2023-05-07,P004,Office Chair,Furniture,172.98,No,0.0,23,3978.5,2433.0,4163.43,3428.1457142857143,5,6,18,2023
2023-05-08,P004,Office Chair,Furniture,171.91,No,0.0,22,3782.1,3978.5,3561.43,3401.727142857143,5,0,19,2023
2023-05-09,P004,Office Chair,Furniture,180.43,No,0.0,20,3608.53,3782.1,3706.87,3433.2514285714283,5,1,19,2023
2023-05-10,P004,Office Chair,Furniture,166.15,Yes,0.226,25,3216.03,3608.53,3012.29,3419.202857142857,5,2,19,2023
2023-05-11,P004,Office Chair,Furniture,194.22,No,0.0,14,2719.07,3216.03,3651.24,3448.308571428571,5,3,19,2023
2023-05-12,P004,Office Chair,Furniture,187.51,No,0.0,25,4687.87,2719.07,3468.76,3315.1414285714286,5,4,19,2023
2023-05-13,P004,Office Chair,Furniture,172.67,No,0.0,20,3453.34,4687.87,2433.0,3489.2999999999997,5,5,19,2023
2023-05-14,P004,Office Chair,Furniture,174.72,No,0.0,14,2446.03,3453.34,3978.5,3635.062857142857,5,6,19,2023
2023-05-15,P004,Office Chair,Furniture,175.02,No,0.0,17,2975.29,2446.03,3782.1,3416.138571428571,5,0,20,2023
2023-05-16,P004,Office Chair,Furniture,181.69,Yes,0.065,23,3907.61,2975.29,3608.53,3300.88,5,1,20,2023
2023-05-17,P004,Office Chair,Furniture,188.49,No,0.0,21,3958.23,3907.61,3216.03,3343.6057142857144,5,2,20,2023
2023-05-18,P004,Office Chair,Furniture,186.72,No,0.0,19,3547.73,3958.23,2719.07,3449.6342857142854,5,3,20,2023
2023-05-19,P004,Office Chair,Furniture,182.23,No,0.0,14,2551.26,3547.73,4687.87,3568.0142857142855,5,4,20,2023
2023-05-20,P004,Office Chair,Furniture,173.9,No,0.0,23,3999.73,2551.26,3453.34,3262.784285714286,5,5,20,2023
2023-05-21,P004,Office Chair,Furniture,182.81,No,0.0,20,3656.12,3999.73,2446.03,3340.84,5,6,20,2023
2023-05-22,P004,Office Chair,Furniture,185.93,No,0.0,16,2974.93,3656.12,2975.29,3513.71,5,0,21,2023
2023-05-23,P004,Office Chair,Furniture,181.18,Yes,0.069,15,2529.62,2974.93,3907.61,3513.6585714285716,5,1,21,2023
2023-05-24,P004,Office Chair,Furniture,190.85,No,0.0,19,3626.21,2529.62,3958.23,3316.802857142857,5,2,21,2023
2023-05-25,P004,Office Chair,Furniture,180.12,No,0.0,13,2341.56,3626.21,3547.73,3269.371428571428,5,3,21,2023
2023-05-26,P004,Office Chair,Furniture,190.58,No,0.0,18,3430.49,2341.56,2551.26,3097.0614285714287,5,4,21,2023
2023-05-27,P004,Office Chair,Furniture,188.2,No,0.0,22,4140.38,3430.49,3999.73,3222.6657142857143,5,5,21,2023
2023-05-28,P004,Office Chair,Furniture,178.9,Yes,0.123,22,3452.69,4140.38,3656.12,3242.758571428571,5,6,21,2023
2023-05-29,P004,Office Chair,Furniture,174.56,Yes,0.217,24,3279.08,3452.69,2974.93,3213.697142857143,5,0,22,2023
2023-05-30,P004,Office Chair,Furniture,191.04,No,0.0,16,3056.62,3279.08,2529.62,3257.1471428571426,5,1,22,2023
2023-05-31,P004,Office Chair,Furniture,187.48,No,0.0,19,3562.05,3056.62,3626.21,3332.4328571428573,5,2,22,2023
2023-06-01,P004,Office Chair,Furniture,169.51,Yes,0.124,33,4902.46,3562.05,2341.56,3323.2671428571425,6,3,22,2023
2023-06-02,P004,Office Chair,Furniture,185.16,No,0.0,25,4628.91,4902.46,3430.49,3689.11,6,4,22,2023
2023-06-03,P004,Office Chair,Furniture,171.42,No,0.0,20,3428.34,4628.91,4140.38,3860.312857142857,6,5,22,2023
2023-06-04,P004,Office Chair,Furniture,175.53,No,0.0,16,2808.45,3428.34,3452.69,3758.5928571428567,6,6,22,2023
2023-06-05,P004,Office Chair,Furniture,175.22,No,0.0,29,5081.51,2808.45,3279.08,3666.558571428571,6,0,23,2023
2023-06-06,P004,Office Chair,Furniture,178.53,Yes,0.192,28,4041.57,5081.51,3056.62,3924.0485714285714,6,1,23,2023
2023-06-07,P004,Office Chair,Furniture,181.47,No,0.0,14,2540.64,4041.57,3562.05,4064.755714285714,6,2,23,2023
2023-06-08,P004,Office Chair,Furniture,173.08,No,,15,2596.22,2540.64,4902.46,3918.8399999999997,6,3,23,2023
2023-06-09,P004,Office Chair,Furniture,184.03,No,0.0,18,3312.51,2596.22,4628.91,3589.3771428571426,6,4,23,2023
2023-06-10,P004,Office Chair,Furniture,181.14,Yes,0.246,29,3961.07,3312.51,3428.34,3401.32,6,5,23,2023
2023-06-11,P004,Office Chair,Furniture,183.84,Yes,0.071,30,5120.93,3961.07,2808.45,3477.424285714286,6,6,23,2023
2023-06-12,P004,Office Chair,Furniture,175.86,Yes,0.11,25,3911.05,5120.93,5081.51,3807.7785714285715,6,0,24,2023
2023-06-13,P004,Office Chair,Furniture,179.65,Yes,0.082,25,4121.82,3911.05,4041.57,3640.57,6,1,24,2023
2023-06-14,P004,Office Chair,Furniture,181.05,No,0.0,24,4345.15,4121.82,2540.64,3652.034285714286,6,2,24,2023
2023-06-15,P004,Office Chair,Furniture,178.5,Yes,0.062,28,4686.98,4345.15,2596.22,3909.8214285714284,6,3,24,2023
2023-06-16,P004,Office Chair,Furniture,182.71,No,0.0,21,3836.98,4686.98,3312.51,4208.501428571429,6,4,24,2023
2023-06-17,P004,Office Chair,Furniture,177.75,Yes,0.244,30,4033.46,3836.98,3961.07,4283.425714285714,6,5,24,2023
2023-06-18,P004,Office Chair,Furniture,167.6,No,0.0,28,4692.88,4033.46,5120.93,4293.767142857143,6,6,24,2023
2023-06-19,P004,Office Chair,Furniture,181.59,No,0.0,12,2179.05,4692.88,3911.05,4232.617142857142,6,0,25,2023
2023-06-20,P004,Office Chair,Furniture,184.87,No,0.0,22,4067.21,2179.05,4121.82,3985.1885714285713,6,1,25,2023
2023-06-21,P004,Office Chair,Furniture,181.84,No,0.0,21,3818.54,4067.21,4345.15,3977.387142857143,6,2,25,2023
2023-06-22,P004,Office Chair,Furniture,177.98,No,0.0,25,4449.4,3818.54,4686.98,3902.157142857143,6,3,25,2023
2023-06-23,P004,Office Chair,Furniture,179.8,No,0.0,14,2517.25,4449.4,3836.98,3868.217142857143,6,4,25,2023
2023-06-24,P004,Office Chair,Furniture,185.89,No,0.0,25,4647.35,2517.25,4033.46,3679.684285714285,6,5,25,2023
2023-06-25,P004,Office Chair,Furniture,184.34,No,0.0,24,4424.11,4647.35,4692.88,3767.382857142857,6,6,25,2023
2023-06-26,P004,Office Chair,Furniture,189.05,No,0.0,17,3213.83,4424.11,2179.05,3728.987142857143,6,0,26,2023
2023-06-27,P004,Office Chair,Furniture,179.1,Yes,0.171,25,3713.2,3213.83,4067.21,3876.812857142857,6,1,26,2023
2023-06-28,P004,Office Chair,Furniture,179.08,No,0.0,22,3939.67,3713.2,3818.54,3826.2400000000002,6,2,26,2023
2023-06-29,P004,Office Chair,Furniture,170.94,No,0.0,14,2393.2,3939.67,4449.4,3843.5442857142853,6,3,26,2023
2023-06-30,P004,Office Chair,Furniture,179.41,No,0.0,19,3408.73,2393.2,2517.25,3549.8014285714285,6,4,26,2023
2023-07-01,P004,Office Chair,Furniture,182.69,No,0.0,18,3288.37,3408.73,4647.35,3677.155714285714,7,5,26,2023
2023-07-02,P004,Office Chair,Furniture,183.25,No,0.0,23,4214.73,3288.37,4424.11,3483.015714285714,7,6,26,2023
2023-07-03,P004,Office Chair,Furniture,171.6,Yes,0.209,30,4073.64,4214.73,3213.83,3453.104285714286,7,0,27,2023
2023-07-04,P004,Office Chair,Furniture,177.8,No,0.0,19,3378.17,4073.64,3713.2,3575.934285714286,7,1,27,2023
2023-07-05,P004,Office Chair,Furniture,173.21,No,0.0,19,3290.9,3378.17,3939.67,3528.0728571428567,7,2,27,2023
2023-07-06,P004,Office Chair,Furniture,189.98,No,0.0,22,4179.5,3290.9,2393.2,3435.3914285714286,7,3,27,2023
2023-07-07,P004,Office Chair,Furniture,185.67,No,0.0,16,2970.76,4179.5,3408.73,3690.577142857143,7,4,27,2023
2023-07-08,P004,Office Chair,Furniture,181.85,Yes,0.222,37,5234.5,2970.76,3288.37,3628.0099999999998,7,5,27,2023
2023-07-09,P004,Office Chair,Furniture,181.51,No,0.0,24,4356.21,5234.5,4214.73,3906.0285714285715,7,6,27,2023
2023-07-10,P004,Office Chair,Furniture,186.47,No,0.0,13,2424.1,4356.21,4073.64,3926.2400000000002,7,0,28,2023
2023-07-11,P004,Office Chair,Furniture,185.01,No,0.0,14,2590.08,2424.1,3378.17,3690.5914285714284,7,1,28,2023
2023-07-12,P004,Office Chair,Furniture,184.69,No,0.0,17,3139.71,2590.08,3290.9,3578.0071428571428,7,2,28,2023
2023-07-13,P004,Office Chair,Furniture,177.49,Yes,0.076,26,4263.46,3139.71,4179.5,3556.4085714285716,7,3,28,2023
2023-07-14,P004,Office Chair,Furniture,188.52,No,0.0,18,3393.33,4263.46,2970.76,3568.402857142857,7,4,28,2023
2023-07-15,P004,Office Chair,Furniture,177.61,No,0.0,26,4617.98,3393.33,5234.5,3628.77,7,5,28,2023
2023-07-16,P004,Office Chair,Furniture,176.78,No,0.0,15,2651.66,4617.98,4356.21,3540.6957142857145,7,6,28,2023
2023-07-17,P004,Office Chair,Furniture,185.85,No,0.0,25,4646.25,2651.66,2424.1,3297.1885714285713,7,0,29,2023
2023-07-18,P004,Office Chair,Furniture,180.33,Yes,0.106,27,4354.4,4646.25,2590.08,3614.6385714285716,7,1,29,2023
2023-07-19,P004,Office Chair,Furniture,183.67,Yes,0.213,29,4193.11,4354.4,3139.71,3866.684285714286,7,2,29,2023
2023-07-20,P004,Office Chair,Furniture,179.99,No,0.0,15,2699.82,4193.11,4263.46,4017.1699999999996,7,3,29,2023
2023-07-21,P004,Office Chair,Furniture,175.77,Yes,0.156,25,3707.91,2699.82,3393.33,3793.792857142857,7,4,29,2023
2023-07-22,P004,Office Chair,Furniture,169.78,No,0.0,27,4583.97,3707.91,4617.98,3838.7328571428575,7,5,29,2023
2023-07-23,P004,Office Chair,Furniture,189.29,No,0.0,17,3217.87,4583.97,2651.66,3833.874285714286,7,6,29,2023
2023-07-24,P004,Office Chair,Furniture,189.17,No,0.0,19,3594.19,3217.87,4646.25,3914.7614285714285,7,0,30,2023
2023-07-25,P004,Office Chair,Furniture,176.69,Yes,0.143,21,3180.86,3594.19,4354.4,3764.467142857143,7,1,30,2023
2023-07-26,P004,Office Chair,Furniture,186.1,No,0.0,27,5024.8,3180.86,4193.11,3596.8185714285714,7,2,30,2023
2023-07-27,P004,Office Chair,Furniture,184.46,No,0.0,18,3320.36,5024.8,2699.82,3715.6314285714284,7,3,30,2023
2023-07-28,P004,Office Chair,Furniture,182.13,No,0.0,21,3824.76,3320.36,3707.91,3804.2799999999997,7,4,30,2023
2023-07-29,P004,Office Chair,Furniture,188.12,No,0.0,19,3574.3,3824.76,4583.97,3820.9728571428573,7,5,30,2023
2023-07-30,P004,Office Chair,Furniture,174.7,No,0.0,19,3319.32,3574.3,3217.87,3676.734285714286,7,6,30,2023
2023-07-31,P004,Office Chair,Furniture,164.47,No,0.0,18,2960.48,3319.32,3594.19,3691.227142857143,7,0,31,2023
2023-08-01,P004,Office Chair,Furniture,184.89,No,0.0,19,3512.82,2960.48,3180.86,3600.697142857143,8,1,31,2023
2023-08-02,P004,Office Chair,Furniture,173.18,No,0.0,16,2770.83,3512.82,5024.8,3648.12,8,2,31,2023
2023-08-03,P004,Office Chair,Furniture,173.18,No,0.0,19,3290.49,2770.83,3320.36,3326.124285714286,8,3,31,2023
2023-08-04,P004,Office Chair,Furniture,179.95,No,0.0,22,3958.95,3290.49,3824.76,3321.8571428571427,8,4,31,2023
2023-08-05,P004,Office Chair,Furniture,170.28,No,0.0,14,2383.86,3958.95,3574.3,3341.0271428571427,8,5,31,2023
2023-08-06,P004,Office Chair,Furniture,163.97,No,0.0,18,2951.41,2383.86,3319.32,3170.964285714286,8,6,31,2023
2023-08-07,P004,Office Chair,Furniture,175.5,No,0.0,17,2983.55,2951.41,2960.48,3118.405714285714,8,0,32,2023
2023-08-08,P004,Office Chair,Furniture,171.51,No,0.0,18,3087.23,2983.55,3512.82,3121.7014285714286,8,1,32,2023
2023-08-09,P004,Office Chair,Furniture,180.72,No,0.0,18,3252.95,3087.23,2770.83,3060.902857142857,8,2,32,2023
2023-08-10,P004,Office Chair,Furniture,170.74,No,0.0,22,3756.36,3252.95,3290.49,3129.7771428571427,8,3,32,2023
2023-08-11,P004,Office Chair,Furniture,179.97,No,0.0,17,3059.51,3756.36,3958.95,3196.3300000000004,8,4,32,2023
2023-08-12,P004,Office Chair,Furniture,172.07,Yes,0.185,28,3927.44,3059.51,2383.86,3067.8385714285714,8,5,32,2023
2023-08-13,P004,Office Chair,Furniture,179.0,No,0.0,20,3579.92,3927.44,2951.41,3288.35,8,6,32,2023
2023-08-14,P004,Office Chair,Furniture,177.38,No,0.0,17,3015.41,3579.92,2983.55,3378.137142857143,8,0,33,2023
2023-08-15,P004,Office Chair,Furniture,190.12,No,0.0,20,3802.34,3015.41,3087.23,3382.6885714285713,8,1,33,2023
2023-08-16,P004,Office Chair,Furniture,182.35,No,0.0,11,2005.84,3802.34,3252.95,3484.847142857143,8,2,33,2023
2023-08-17,P004,Office Chair,Furniture,176.75,No,0.0,19,3358.16,2005.84,3756.36,3306.6885714285713,8,3,33,2023
2023-08-18,P004,Office Chair,Furniture,175.5,No,0.0,16,2808.02,3358.16,3059.51,3249.802857142857,8,4,33,2023
2023-08-19,P004,Office Chair,Furniture,172.24,No,0.0,13,2239.14,2808.02,3927.44,3213.8757142857144,8,5,33,2023
2023-08-20,P004,Office Chair,Furniture,175.44,No,0.0,22,3859.77,2239.14,3579.92,2972.6899999999996,8,6,33,2023
2023-08-21,P004,Office Chair,Furniture,181.37,No,0.0,8,1450.97,3859.77,3015.41,3012.6685714285713,8,0,34,2023
2023-08-22,P004,Office Chair,Furniture,177.03,No,0.0,21,3717.64,1450.97,3802.34,2789.1771428571433,8,1,34,2023
2023-08-23,P004,Office Chair,Furniture,183.74,No,0.0,17,3123.6,3717.64,2005.84,2777.077142857143,8,2,34,2023
2023-08-24,P004,Office Chair,Furniture,183.09,No,0.0,18,3295.55,3123.6,3358.16,2936.7571428571428,8,3,34,2023
2023-08-25,P004,Office Chair,Furniture,169.2,No,0.0,18,3045.58,3295.55,2808.02,2927.8128571428574,8,4,34,2023
2023-08-26,P004,Office Chair,Furniture,182.8,No,0.0,21,3838.9,3045.58,2239.14,2961.75,8,5,34,2023
2023-08-27,P004,Office Chair,Furniture,192.25,No,0.0,26,4998.47,3838.9,3859.77,3190.287142857143,8,6,34,2023
2023-08-28,P004,Office Chair,Furniture,183.43,Yes,0.249,23,3166.49,4998.47,1450.97,3352.9585714285713,8,0,35,2023
2023-08-29,P004,Office Chair,Furniture,191.37,No,0.0,12,2296.45,3166.49,3717.64,3598.032857142857,8,1,35,2023
2023-08-30,P004,Office Chair,Furniture,166.94,No,0.0,28,4674.34,2296.45,3123.6,3395.0057142857145,8,2,35,2023
2023-08-31,P004,Office Chair,Furniture,174.16,No,0.0,18,3134.86,4674.34,3295.55,3616.5400000000004,8,3,35,2023
2023-09-01,P004,Office Chair,Furniture,185.91,No,0.0,13,2416.83,3134.86,3045.58,3593.5842857142857,9,4,35,2023
2023-09-02,P004,Office Chair,Furniture,175.56,Yes,0.061,23,3792.66,2416.83,3838.9,3503.7628571428572,9,5,35,2023
2023-09-03,P004,Office Chair,Furniture,177.99,No,0.0,20,3559.74,3792.66,4998.47,3497.157142857143,9,6,35,2023
2023-09-04,P004,Office Chair,Furniture,180.18,No,0.0,12,2162.21,3559.74,3166.49,3291.6242857142856,9,0,36,2023
2023-09-05,P004,Office Chair,Furniture,184.32,No,0.0,17,3133.45,2162.21,2296.45,3148.155714285714,9,1,36,2023
2023-09-06,P004,Office Chair,Furniture,179.15,No,0.0,14,2508.13,3133.45,4674.34,3267.727142857143,9,2,36,2023
2023-09-07,P004,Office Chair,Furniture,172.3,No,0.0,12,2067.59,2508.13,3134.86,2958.2685714285712,9,3,36,2023
2023-09-08,P004,Office Chair,Furniture,187.56,Yes,0.064,22,3864.05,2067.59,2416.83,2805.801428571428,9,4,36,2023
2023-09-09,P004,Office Chair,Furniture,175.47,No,0.0,14,2456.63,3864.05,3792.66,3012.547142857143,9,5,36,2023
2023-09-10,P004,Office Chair,Furniture,172.76,No,0.0,19,3282.36,2456.63,3559.74,2821.6857142857143,9,6,36,2023
2023-09-11,P004,Office Chair,Furniture,186.5,Yes,0.137,18,2897.35,3282.36,2162.21,2782.0600000000004,9,0,37,2023
2023-09-12,P004,Office Chair,Furniture,179.42,No,0.0,12,2153.04,2897.35,3133.45,2887.0800000000004,9,1,37,2023
2023-09-13,P004,Office Chair,Furniture,181.46,Yes,0.121,21,3348.62,2153.04,2508.13,2747.0214285714287,9,2,37,2023
2023-09-14,P004,Office Chair,Furniture,178.35,Yes,0.093,22,3560.37,3348.62,2067.59,2867.0914285714284,9,3,37,2023
2023-09-15,P004,Office Chair,Furniture,181.52,No,0.0,10,1815.17,3560.37,3864.05,3080.345714285714,9,4,37,2023
2023-09-16,P004,Office Chair,Furniture,178.43,No,0.0,16,2854.84,1815.17,2456.63,2787.6485714285714,9,5,37,2023
2023-09-17,P004,Office Chair,Furniture,176.51,Yes,0.223,27,3702.57,2854.84,3282.36,2844.535714285714,9,6,37,2023
2023-09-18,P004,Office Chair,Furniture,186.68,No,0.0,9,1680.08,3702.57,2897.35,2904.565714285714,9,0,38,2023
2023-09-19,P004,Office Chair,Furniture,182.62,No,0.0,16,2921.97,1680.08,2153.04,2730.6700000000005,9,1,38,2023
2023-09-20,P004,Office Chair,Furniture,185.03,No,0.0,22,4070.56,2921.97,3348.62,2840.5171428571425,9,2,38,2023
2023-09-21,P004,Office Chair,Furniture,178.37,No,0.0,15,2675.5,4070.56,3560.37,2943.651428571429,9,3,38,2023
2023-09-22,P004,Office Chair,Furniture,180.83,No,0.0,15,2712.42,2675.5,1815.17,2817.241428571429,9,4,38,2023
2023-09-23,P004,Office Chair,Furniture,173.13,No,0.0,16,2770.13,2712.42,2854.84,2945.4199999999996,9,5,38,2023
2023-09-24,P004,Office Chair,Furniture,172.25,No,0.0,17,2928.25,2770.13,3702.57,2933.3185714285714,9,6,38,2023
2023-09-25,P004,Office Chair,Furniture,179.05,No,0.0,12,2148.55,2928.25,1680.08,2822.7014285714286,9,0,39,2023
2023-09-26,P004,Office Chair,Furniture,188.39,No,0.0,11,2072.3,2148.55,2921.97,2889.6257142857144,9,1,39,2023
2023-09-27,P004,Office Chair,Furniture,183.7,Yes,0.224,21,2994.3,2072.3,4070.56,2768.2442857142855,9,2,39,2023
2023-09-28,P004,Office Chair,Furniture,175.31,No,0.0,11,1928.46,2994.3,2675.5,2614.4928571428572,9,3,39,2023
2023-09-29,P004,Office Chair,Furniture,177.96,No,0.0,19,3381.25,1928.46,2712.42,2507.772857142857,9,4,39,2023
2023-09-30,P004,Office Chair,Furniture,180.62,Yes,0.149,25,3843.63,3381.25,2770.13,2603.32,9,5,39,2023
2023-10-01,P004,Office Chair,Furniture,186.07,No,0.0,18,3349.29,3843.63,2928.25,2756.6771428571433,10,6,39,2023
2023-10-02,P004,Office Chair,Furniture,176.86,No,0.0,13,2299.19,3349.29,2148.55,2816.825714285714,10,0,40,2023
2023-10-03,P004,Office Chair,Furniture,175.84,No,0.0,11,1934.26,2299.19,2072.3,2838.3457142857146,10,1,40,2023
2023-10-04,P004,Office Chair,Furniture,183.79,Yes,0.057,21,3641.17,1934.26,2994.3,2818.6257142857144,10,2,40,2023
2023-10-05,P004,Office Chair,Furniture,182.42,No,0.0,11,2006.63,3641.17,1928.46,2911.035714285714,10,3,40,2023
2023-10-06,P004,Office Chair,Furniture,184.01,Yes,0.066,15,2577.27,2006.63,3381.25,2922.202857142857,10,4,40,2023
2023-10-07,P004,Office Chair,Furniture,186.18,Yes,0.068,27,4682.85,2577.27,3843.63,2807.348571428571,10,5,40,2023
2023-10-08,P004,Office Chair,Furniture,176.26,No,0.0,19,3349.03,4682.85,3349.29,2927.2371428571428,10,6,40,2023
2023-10-09,P004,Office Chair,Furniture,178.04,Yes,0.199,22,3137.17,3349.03,2299.19,2927.2000000000003,10,0,41,2023
2023-10-10,P004,Office Chair,Furniture,184.46,Yes,0.206,29,4248.76,3137.17,1934.26,3046.9114285714286,10,1,41,2023
2023-10-11,P004,Office Chair,Furniture,187.64,No,0.0,11,2064.05,4248.76,3641.17,3377.5542857142864,10,2,41,2023
2023-10-12,P004,Office Chair,Furniture,180.89,No,0.0,15,2713.3,2064.05,2006.63,3152.2514285714287,10,3,41,2023
2023-10-13,P004,Office Chair,Furniture,177.19,No,0.0,19,3366.58,2713.3,2577.27,3253.2042857142865,10,4,41,2023
2023-10-14,P004,Office Chair,Furniture,189.84,No,0.0,21,3986.69,3366.58,4682.85,3365.962857142858,10,5,41,2023
2023-10-15,P004,Office Chair,Furniture,181.66,No,0.0,26,4723.21,3986.69,3349.03,3266.511428571429,10,6,41,2023
2023-10-16,P004,Office Chair,Furniture,172.91,Yes,0.161,23,3334.85,4723.21,3137.17,3462.8228571428576,10,0,42,2023
2023-10-17,P004,Office Chair,Furniture,184.79,No,0.0,20,3695.89,3334.85,4248.76,3491.062857142857,10,1,42,2023
2023-10-18,P004,Office Chair,Furniture,183.87,No,0.0,14,2574.2,3695.89,2064.05,3412.0814285714287,10,2,42,2023
2023-10-19,P004,Office Chair,Furniture,181.74,Yes,0.109,13,2105.17,2574.2,2713.3,3484.9599999999996,10,3,42,2023
2023-10-20,P004,Office Chair,Furniture,172.98,No,0.0,14,2421.66,2105.17,3366.58,3398.0842857142857,10,4,42,2023
2023-10-21,P004,Office Chair,Furniture,179.96,No,0.0,17,3059.27,2421.66,3986.69,3263.0957142857146,10,5,42,2023
2023-10-22,P004,Office Chair,Furniture,188.15,Yes,0.055,16,2844.9,3059.27,4723.21,3130.6071428571427,10,6,42,2023
2023-10-23,P004,Office Chair,Furniture,186.18,Yes,0.128,22,3569.93,2844.9,3334.85,2862.2771428571427,10,0,43,2023
2023-10-24,P004,Office Chair,Furniture,178.22,Yes,0.139,30,4601.12,3569.93,3695.89,2895.86,10,1,43,2023
2023-10-25,P004,Office Chair,Furniture,182.82,Yes,0.234,25,3498.89,4601.12,2574.2,3025.1785714285716,10,2,43,2023
2023-10-26,P004,Office Chair,Furniture,181.07,No,0.0,12,2172.84,3498.89,2105.17,3157.277142857143,10,3,43,2023
2023-10-27,P004,Office Chair,Furniture,177.78,No,0.0,19,3377.83,2172.84,2421.66,3166.944285714286,10,4,43,2023
2023-10-28,P004,Office Chair,Furniture,174.79,No,0.0,13,2272.23,3377.83,3059.27,3303.54,10,5,43,2023
2023-10-29,P004,Office Chair,Furniture,186.46,Yes,0.146,27,4301.32,2272.23,2844.9,3191.105714285714,10,6,43,2023
2023-10-30,P004,Office Chair,Furniture,184.09,No,0.0,18,3313.57,4301.32,3569.93,3399.1657142857143,10,0,44,2023
2023-10-31,P004,Office Chair,Furniture,181.51,No,0.0,20,3630.23,3313.57,4601.12,3362.542857142857,10,1,44,2023
2023-11-01,P004,Office Chair,Furniture,171.89,No,0.0,17,2922.18,3630.23,3498.89,3223.8442857142863,11,2,44,2023
2023-11-02,P004,Office Chair,Furniture,179.9,No,0.0,15,2698.44,2922.18,2172.84,3141.4571428571426,11,3,44,2023
2023-11-03,P004,Office Chair,Furniture,176.74,No,0.0,26,4595.32,2698.44,3377.83,3216.542857142857,11,4,44,2023
2023-11-04,P004,Office Chair,Furniture,176.91,Yes,0.127,33,5095.19,4595.32,2272.23,3390.4700000000003,11,5,44,2023
2023-11-05,P004,Office Chair,Furniture,182.76,No,0.0,25,4569.09,5095.19,4301.32,3793.75,11,6,44,2023
2023-11-06,P004,Office Chair,Furniture,182.25,No,0.0,17,3098.24,4569.09,3313.57,3832.002857142857,11,0,45,2023
2023-11-07,P004,Office Chair,Furniture,181.84,Yes,0.191,25,3677.3,3098.24,3630.23,3801.241428571429,11,1,45,2023
2023-11-08,P004,Office Chair,Furniture,177.18,No,0.0,22,3897.88,3677.3,2922.18,3807.965714285714,11,2,45,2023
2023-11-09,P004,Office Chair,Furniture,169.44,No,0.0,19,3219.41,3897.88,2698.44,3947.3514285714286,11,3,45,2023
2023-11-10,P004,Office Chair,Furniture,186.49,Yes,0.136,26,4189.57,3219.41,4595.32,4021.7757142857145,11,4,45,2023
2023-11-11,P004,Office Chair,Furniture,180.73,No,0.0,24,4337.59,4189.57,5095.19,3963.8114285714287,11,5,45,2023
2023-11-12,P004,Office Chair,Furniture,185.43,No,0.0,16,2966.85,4337.59,4569.09,3855.5828571428574,11,6,45,2023
2023-11-13,P004,Office Chair,Furniture,169.86,No,0.0,24,4076.63,2966.85,3098.24,3626.691428571429,11,0,46,2023
2023-11-14,P004,Office Chair,Furniture,181.36,No,0.0,23,4171.26,4076.63,3677.3,3766.4614285714283,11,1,46,2023
2023-11-15,P004,Office Chair,Furniture,183.93,No,0.0,22,4046.55,4171.26,3897.88,3837.0271428571427,11,2,46,2023
2023-11-16,P004,Office Chair,Furniture,179.71,No,0.0,24,4313.05,4046.55,3219.41,3858.265714285714,11,3,46,2023
2023-11-17,P004,Office Chair,Furniture,176.65,Yes,0.245,32,4268.66,4313.05,4189.57,4014.5,11,4,46,2023
2023-11-18,P004,Office Chair,Furniture,188.43,No,0.0,24,4522.27,4268.66,4337.59,4025.798571428571,11,5,46,2023
2023-11-19,P004,Office Chair,Furniture,181.81,No,0.0,18,3272.5,4522.27,2966.85,4052.181428571429,11,6,46,2023
2023-11-20,P004,Office Chair,Furniture,179.46,No,0.0,23,4127.59,3272.5,4076.63,4095.845714285714,11,0,47,2023
2023-11-21,P004,Office Chair,Furniture,178.9,No,0.0,25,4472.6,4127.59,4171.26,4103.125714285714,11,1,47,2023
2023-11-22,P004,Office Chair,Furniture,186.69,Yes,0.217,23,3360.59,4472.6,4046.55,4146.174285714286,11,2,47,2023
2023-11-23,P004,Office Chair,Furniture,193.12,No,0.0,20,3862.46,3360.59,4313.05,4048.1800000000003,11,3,47,2023
2023-11-24,P004,Office Chair,Furniture,184.68,Yes,0.115,28,4575.87,3862.46,4268.66,3983.81,11,4,47,2023
2023-11-25,P004,Office Chair,Furniture,195.17,No,0.0,22,4293.63,4575.87,4522.27,4027.6971428571437,11,5,47,2023
2023-11-26,P004,Office Chair,Furniture,186.4,No,0.0,22,4100.77,4293.63,3272.5,3995.0342857142855,11,6,47,2023
2023-11-27,P004,Office Chair,Furniture,181.52,No,0.0,22,3993.53,4100.77,4127.59,4113.358571428571,11,0,48,2023
2023-11-28,P004,Office Chair,Furniture,195.31,No,0.0,19,3710.88,3993.53,4472.6,4094.207142857143,11,1,48,2023
2023-11-29,P004,Office Chair,Furniture,182.16,No,0.0,22,4007.5,3710.88,3360.59,3985.39,11,2,48,2023
2023-11-30,P004,Office Chair,Furniture,174.72,No,0.0,21,3669.17,4007.5,3862.46,4077.805714285714,11,3,48,2023
2023-12-01,P004,Office Chair,Furniture,187.03,No,0.0,27,5049.86,3669.17,4575.87,4050.1928571428575,12,4,48,2023
2023-12-02,P004,Office Chair,Furniture,184.43,Yes,0.134,28,4473.14,5049.86,4293.63,4117.905714285715,12,5,48,2023
2023-12-03,P004,Office Chair,Furniture,180.75,No,0.0,16,2892.03,4473.14,4100.77,4143.55,12,6,48,2023
2023-12-04,P004,Office Chair,Furniture,183.9,No,0.0,24,4413.71,2892.03,3993.53,3970.8728571428574,12,0,49,2023
2023-12-05,P004,Office Chair,Furniture,188.09,No,0.0,21,3949.85,4413.71,3710.88,4030.8985714285714,12,1,49,2023
2023-12-06,P004,Office Chair,Furniture,177.14,Yes,0.08,23,3749.67,3949.85,4007.5,4065.037142857143,12,2,49,2023
2023-12-07,P004,Office Chair,Furniture,171.29,No,0.0,25,4282.31,3749.67,3669.17,4028.2042857142856,12,3,49,2023
2023-12-08,P004,Office Chair,Furniture,181.03,Yes,0.135,35,5480.76,4282.31,5049.86,4115.795714285714,12,4,49,2023
2023-12-09,P004,Office Chair,Furniture,187.67,No,0.0,23,4316.35,5480.76,4473.14,4177.352857142857,12,5,49,2023
2023-12-10,P004,Office Chair,Furniture,183.03,No,0.0,22,4026.72,4316.35,2892.03,4154.954285714286,12,6,49,2023
2023-12-11,P004,Office Chair,Furniture,195.08,Yes,0.143,25,4177.42,4026.72,4413.71,4317.052857142858,12,0,50,2023
2023-12-12,P004,Office Chair,Furniture,183.37,No,0.0,19,3484.1,4177.42,3949.85,4283.297142857143,12,1,50,2023
2023-12-13,P004,Office Chair,Furniture,178.61,No,0.0,32,5715.43,3484.1,3749.67,4216.761428571428,12,2,50,2023
2023-12-14,P004,Office Chair,Furniture,174.06,No,0.0,15,2610.87,5715.43,4282.31,4497.584285714286,12,3,50,2023
2023-12-15,P004,Office Chair,Furniture,178.58,Yes,0.231,27,3705.69,2610.87,5480.76,4258.807142857143,12,4,50,2023
2023-12-16,P004,Office Chair,Furniture,173.94,No,0.0,17,2956.92,3705.69,4316.35,4005.225714285714,12,5,50,2023
2023-12-17,P004,Office Chair,Furniture,175.81,No,0.0,17,2988.72,2956.92,4026.72,3811.0214285714287,12,6,50,2023
2023-12-18,P004,Office Chair,Furniture,173.72,No,0.0,15,2605.77,2988.72,4177.42,3662.735714285714,12,0,51,2023
2023-12-19,P004,Office Chair,Furniture,181.75,No,0.0,22,3998.52,2605.77,3484.1,3438.214285714286,12,1,51,2023
2023-12-20,P004,Office Chair,Furniture,175.36,No,0.0,31,5436.06,3998.52,5715.43,3511.7028571428573,12,2,51,2023
2023-12-21,P004,Office Chair,Furniture,174.74,No,0.0,28,4892.76,5436.06,2610.87,3471.792857142857,12,3,51,2023
2023-12-22,P004,Office Chair,Furniture,180.61,No,0.0,27,4876.43,4892.76,3705.69,3797.7771428571427,12,4,51,2023
2023-12-23,P004,Office Chair,Furniture,187.66,Yes,0.14,45,7264.43,4876.43,2956.92,3965.0257142857145,12,5,51,2023
2023-12-24,P004,Office Chair,Furniture,185.13,No,0.0,29,5368.87,7264.43,2988.72,4580.384285714285,12,6,51,2023
2023-12-25,P004,Office Chair,Furniture,186.07,Yes,0.125,36,5858.37,5368.87,2605.77,4920.405714285715,12,0,52,2023
2023-12-26,P004,Office Chair,Furniture,170.41,No,0.0,26,4430.69,5858.37,3998.52,5385.062857142858,12,1,52,2023
2023-12-27,P004,Office Chair,Furniture,186.33,No,0.0,23,4285.58,4430.69,5436.06,5446.801428571429,12,2,52,2023
2023-12-28,P004,Office Chair,Furniture,185.98,No,0.0,21,3905.66,4285.58,4892.76,5282.447142857142,12,3,52,2023
2023-12-29,P004,Office Chair,Furniture,178.54,No,0.0,23,4106.4,3905.66,4876.43,5141.432857142857,12,4,52,2023
2023-12-30,P004,Office Chair,Furniture,191.94,No,0.0,36,6909.88,4106.4,7264.43,5031.428571428572,12,5,52,2023
2023-12-31,P004,Office Chair,Furniture,176.79,Yes,0.163,37,5474.65,6909.88,5368.87,4980.778571428571,12,6,52,2023
2024-01-01,P004,Office Chair,Furniture,179.58,No,0.0,24,4309.91,5474.65,5858.37,4995.889999999999,1,0,1,2024
2024-01-02,P004,Office Chair,Furniture,176.21,No,0.0,31,5462.6,4309.91,4430.69,4774.681428571428,1,1,1,2024
2024-01-03,P004,Office Chair,Furniture,178.73,No,0.0,27,4825.79,5462.6,4285.58,4922.097142857143,1,2,1,2024
2024-01-04,P004,Office Chair,Furniture,175.47,No,0.0,16,2807.5,4825.79,3905.66,4999.2699999999995,1,3,1,2024
2024-01-05,P004,Office Chair,Furniture,184.49,Yes,0.197,26,3852.9,2807.5,4106.4,4842.39,1,4,1,2024
2024-01-06,P004,Office Chair,Furniture,174.56,No,0.0,16,2792.89,3852.9,6909.88,4806.175714285715,1,5,1,2024
2024-01-07,P004,Office Chair,Furniture,174.87,No,0.0,14,2448.19,2792.89,5474.65,4218.034285714285,1,6,1,2024
2024-01-08,P004,Office Chair,Furniture,166.59,No,0.0,16,2665.4,2448.19,4309.91,3785.6828571428573,1,0,2,2024
2024-01-09,P004,Office Chair,Furniture,177.79,No,0.0,20,3555.85,2665.4,5462.6,3550.752857142857,1,1,2,2024
2024-01-10,P004,Office Chair,Furniture,177.53,No,0.0,24,4260.68,3555.85,4825.79,3278.36,1,2,2,2024
2024-01-11,P004,Office Chair,Furniture,177.36,No,0.0,17,3015.1,4260.68,2807.5,3197.6300000000006,1,3,2,2024
2024-01-12,P004,Office Chair,Furniture,182.65,No,0.0,17,3105.12,3015.1,3852.9,3227.287142857143,1,4,2,2024
2024-01-13,P004,Office Chair,Furniture,177.24,No,0.0,19,3367.54,3105.12,2792.89,3120.4614285714283,1,5,2,2024
2024-01-14,P004,Office Chair,Furniture,183.7,No,0.0,27,4959.77,3367.54,2448.19,3202.554285714286,1,6,2,2024
2024-01-15,P004,Office Chair,Furniture,170.0,No,0.0,13,2210.0,4959.77,2665.4,3561.3514285714286,1,0,3,2024
2024-01-16,P004,Office Chair,Furniture,174.78,No,0.0,21,3670.44,2210.0,3555.85,3496.2942857142857,1,1,3,2024
2024-01-17,P004,Office Chair,Furniture,188.09,No,0.0,26,4890.23,3670.44,4260.68,3512.6642857142856,1,2,3,2024
2024-01-18,P004,Office Chair,Furniture,180.71,No,0.0,20,3614.22,4890.23,3015.1,3602.600000000001,1,3,3,2024
2024-01-19,P004,Office Chair,Furniture,172.72,No,0.0,15,2590.76,3614.22,3105.12,3688.1885714285713,1,4,3,2024
2024-01-20,P004,Office Chair,Furniture,174.54,Yes,0.213,31,4257.24,2590.76,3367.54,3614.7085714285718,1,5,3,2024
2024-01-21,P004,Office Chair,Furniture,170.33,No,0.0,21,3577.01,4257.24,4959.77,3741.808571428571,1,6,3,2024
2024-01-22,P004,Office Chair,Furniture,179.77,No,0.0,17,3056.1,3577.01,2210.0,3544.2714285714287,1,0,4,2024
2024-01-23,P004,Office Chair,Furniture,181.17,No,0.0,18,3261.07,3056.1,3670.44,3665.1428571428573,1,1,4,2024
2024-01-24,P004,Office Chair,Furniture,177.65,Yes,0.098,20,3204.01,3261.07,4890.23,3606.6614285714286,1,2,4,2024
2024-01-25,P004,Office Chair,Furniture,182.18,No,0.0,22,4008.06,3204.01,3614.22,3365.7728571428574,1,3,4,2024
2024-01-26,P004,Office Chair,Furniture,178.08,No,0.0,23,4095.77,4008.06,2590.76,3422.035714285714,1,4,4,2024
2024-01-27,P004,Office Chair,Furniture,179.98,Yes,0.095,31,5047.63,4095.77,4257.24,3637.0371428571425,1,5,4,2024
2024-01-28,P004,Office Chair,Furniture,185.16,Yes,0.135,27,4324.31,5047.63,3577.01,3749.9500000000003,1,6,4,2024
2024-01-29,P004,Office Chair,Furniture,176.75,Yes,0.085,21,3396.87,4324.31,3056.1,3856.7071428571426,1,0,5,2024
2024-01-30,P004,Office Chair,Furniture,182.72,No,0.0,14,2558.08,3396.87,3261.07,3905.3885714285716,1,1,5,2024
2024-01-31,P004,Office Chair,Furniture,179.73,Yes,0.243,36,4898.71,2558.08,3204.01,3804.9614285714283,1,2,5,2024
2024-02-01,P004,Office Chair,Furniture,186.14,No,0.0,17,3164.4,4898.71,4008.06,4047.0614285714287,2,3,5,2024
2024-02-02,P004,Office Chair,Furniture,186.86,Yes,0.066,23,4015.99,3164.4,4095.77,3926.5385714285717,2,4,5,2024
2024-02-03,P004,Office Chair,Furniture,171.93,No,0.0,21,3610.54,4015.99,5047.63,3915.1414285714286,2,5,5,2024
2024-02-04,P004,Office Chair,Furniture,185.49,No,0.0,17,3153.33,3610.54,4324.31,3709.8428571428567,2,6,5,2024
2024-02-05,P004,Office Chair,Furniture,176.41,No,0.0,12,2116.93,3153.33,3396.87,3542.56,2,0,6,2024
2024-02-06,P004,Office Chair,Furniture,178.95,No,0.0,25,4473.83,2116.93,2558.08,3359.7114285714283,2,1,6,2024
2024-02-07,P004,Office Chair,Furniture,185.04,No,0.0,25,4625.89,4473.83,4898.71,3633.39,2,2,6,2024
2024-02-08,P004,Office Chair,Furniture,173.42,Yes,0.081,26,4144.49,4625.89,3164.4,3594.415714285714,2,3,6,2024
2024-02-09,P004,Office Chair,Furniture,179.01,No,0.0,14,2506.16,4144.49,4015.99,3734.4285714285716,2,4,6,2024
2024-02-10,P004,Office Chair,Furniture,175.48,No,0.0,23,4035.98,2506.16,3610.54,3518.738571428571,2,5,6,2024
2024-02-11,P004,Office Chair,Furniture,172.32,No,0.0,8,1378.58,4035.98,3153.33,3579.5157142857142,2,6,6,2024
2024-02-12,P004,Office Chair,Furniture,174.27,No,0.0,24,4182.36,1378.58,2116.93,3325.98,2,0,7,2024
2024-02-13,P004,Office Chair,Furniture,175.89,Yes,0.15,30,4483.16,4182.36,4473.83,3621.0414285714287,2,1,7,2024
2024-02-14,P004,Office Chair,Furniture,178.25,No,0.0,14,2495.51,4483.16,4625.89,3622.374285714286,2,2,7,2024
2024-02-15,P004,Office Chair,Furniture,183.11,No,0.0,20,3662.23,2495.51,4144.49,3318.034285714286,2,3,7,2024
2024-02-16,P004,Office Chair,Furniture,166.76,Yes,0.121,20,2932.18,3662.23,2506.16,3249.14,2,4,7,2024
2024-02-17,P004,Office Chair,Furniture,182.8,No,0.0,22,4021.68,2932.18,4035.98,3310.0,2,5,7,2024
2024-02-18,P004,Office Chair,Furniture,176.97,No,0.0,13,2300.55,4021.68,1378.58,3307.957142857143,2,6,7,2024
2024-02-19,P004,Office Chair,Furniture,179.46,No,0.0,15,2691.92,2300.55,4182.36,3439.6671428571426,2,0,8,2024
2024-02-20,P004,Office Chair,Furniture,187.73,No,0.0,19,3566.78,2691.92,4483.16,3226.747142857143,2,1,8,2024
2024-02-21,P004,Office Chair,Furniture,183.9,No,0.0,25,4597.43,3566.78,2495.51,3095.835714285714,2,2,8,2024
2024-02-22,P004,Office Chair,Furniture,179.31,No,0.0,18,3227.5,4597.43,3662.23,3396.11,2,3,8,2024
2024-02-23,P004,Office Chair,Furniture,181.7,No,0.0,22,3997.39,3227.5,2932.18,3334.0057142857145,2,4,8,2024
2024-02-24,P004,Office Chair,Furniture,191.26,No,0.0,26,4972.65,3997.39,4021.68,3486.1785714285716,2,5,8,2024
2024-02-25,P004,Office Chair,Furniture,170.51,No,0.0,18,3069.17,4972.65,2300.55,3622.031428571429,2,6,8,2024
2024-02-26,P004,Office Chair,Furniture,162.04,No,0.0,26,4212.97,3069.17,2691.92,3731.8342857142857,2,0,9,2024
2024-02-27,P004,Office Chair,Furniture,181.69,No,0.0,26,4723.85,4212.97,3566.78,3949.1271428571426,2,1,9,2024
2024-02-28,P004,Office Chair,Furniture,178.2,No,0.0,17,3029.33,4723.85,4597.43,4114.422857142857,2,2,9,2024
2024-02-29,P004,Office Chair,Furniture,187.92,No,0.0,18,3382.59,3029.33,3227.5,3890.4085714285716,2,3,9,2024
2024-03-01,P004,Office Chair,Furniture,168.9,No,0.0,24,4053.68,3382.59,3997.39,3912.5642857142857,3,4,9,2024
2024-03-02,P004,Office Chair,Furniture,175.86,No,0.0,15,2637.87,4053.68,4972.65,3920.6057142857144,3,5,9,2024
2024-03-03,P004,Office Chair,Furniture,181.73,No,0.0,22,3998.07,2637.87,3069.17,3587.065714285715,3,6,9,2024
2024-03-04,P004,Office Chair,Furniture,180.3,No,0.0,22,3966.66,3998.07,4212.97,3719.7657142857142,3,0,10,2024
2024-03-05,P004,Office Chair,Furniture,170.42,No,0.0,18,3067.64,3966.66,4723.85,3684.578571428571,3,1,10,2024
2024-03-06,P004,Office Chair,Furniture,179.23,Yes,0.192,31,4488.97,3067.64,3029.33,3447.977142857143,3,2,10,2024
2024-03-07,P004,Office Chair,Furniture,171.43,No,0.0,28,4800.04,4488.97,3382.59,3656.497142857143,3,3,10,2024
2024-03-08,P004,Office Chair,Furniture,166.1,No,0.0,23,3820.4,4800.04,4053.68,3858.9900000000002,3,4,10,2024
2024-03-09,P004,Office Chair,Furniture,181.43,No,0.0,20,3628.63,3820.4,2637.87,3825.6642857142856,3,5,10,2024
2024-03-10,P004,Office Chair,Furniture,190.76,Yes,0.103,32,5478.41,3628.63,3998.07,3967.2014285714286,3,6,10,2024
2024-03-11,P004,Office Chair,Furniture,191.95,No,0.0,17,3263.1,5478.41,3966.66,4178.678571428572,3,0,11,2024
2024-03-12,P004,Office Chair,Furniture,181.84,No,0.0,20,3636.87,3263.1,3067.64,4078.1699999999996,3,1,11,2024
2024-03-13,P004,Office Chair,Furniture,185.78,Yes,0.239,26,3677.64,3636.87,4488.97,4159.488571428572,3,2,11,2024
2024-03-14,P004,Office Chair,Furniture,180.37,No,0.0,25,4509.22,3677.64,4800.04,4043.5842857142857,3,3,11,2024
2024-03-15,P004,Office Chair,Furniture,182.36,No,0.0,21,3829.54,4509.22,3820.4,4002.038571428571,3,4,11,2024
2024-03-16,P004,Office Chair,Furniture,184.61,No,0.0,21,3876.73,3829.54,3628.63,4003.344285714286,3,5,11,2024
2024-03-17,P004,Office Chair,Furniture,185.4,No,0.0,18,3337.2,3876.73,5478.41,4038.7871428571425,3,6,11,2024
2024-03-18,P004,Office Chair,Furniture,182.3,Yes,0.217,28,3995.83,3337.2,3263.1,3732.9,3,0,12,2024
2024-03-19,P004,Office Chair,Furniture,175.17,No,0.0,17,2977.95,3995.83,3636.87,3837.5757142857146,3,1,12,2024
2024-03-20,P004,Office Chair,Furniture,167.17,No,0.0,16,2674.76,2977.95,3677.64,3743.4442857142853,3,2,12,2024
2024-03-21,P004,Office Chair,Furniture,175.5,No,0.0,14,2456.95,2674.76,4509.22,3600.175714285714,3,3,12,2024
2024-03-22,P004,Office Chair,Furniture,182.54,No,0.0,20,3650.73,2456.95,3829.54,3306.994285714286,3,4,12,2024
2024-03-23,P004,Office Chair,Furniture,182.51,No,0.0,33,6022.92,3650.73,3876.73,3281.4500000000003,3,5,12,2024
2024-03-24,P004,Office Chair,Furniture,182.63,Yes,0.196,29,4258.26,6022.92,3337.2,3588.0485714285714,3,6,12,2024
2024-03-25,P004,Office Chair,Furniture,174.58,No,0.0,24,4189.95,4258.26,3995.83,3719.628571428572,3,0,13,2024
2024-03-26,P004,Office Chair,Furniture,193.1,No,0.0,21,4055.14,4189.95,2977.95,3747.3599999999997,3,1,13,2024
2024-03-27,P004,Office Chair,Furniture,169.02,No,0.0,21,3549.37,4055.14,2674.76,3901.244285714286,3,2,13,2024
2024-03-28,P004,Office Chair,Furniture,188.07,No,0.0,20,3761.33,3549.37,2456.95,4026.1885714285713,3,3,13,2024
2024-03-29,P004,Office Chair,Furniture,178.92,No,0.0,21,3757.38,3761.33,3650.73,4212.528571428571,3,4,13,2024
2024-03-30,P004,Office Chair,Furniture,185.32,No,0.0,13,2409.18,3757.38,6022.92,4227.7642857142855,3,5,13,2024
2024-03-31,P004,Office Chair,Furniture,178.83,Yes,0.077,27,4456.77,2409.18,4258.26,3711.5157142857142,3,6,13,2024
2024-04-01,P004,Office Chair,Furniture,193.16,No,0.0,17,3283.64,4456.77,4189.95,3739.8742857142856,4,0,14,2024
2024-04-02,P004,Office Chair,Furniture,191.15,No,0.0,19,3631.92,3283.64,4055.14,3610.4014285714284,4,1,14,2024
2024-04-03,P004,Office Chair,Furniture,188.56,No,0.0,19,3582.59,3631.92,3549.37,3549.941428571429,4,2,14,2024
2024-04-04,P004,Office Chair,Furniture,169.24,No,0.0,29,4908.09,3582.59,3761.33,3554.687142857143,4,3,14,2024
2024-04-05,P004,Office Chair,Furniture,171.53,No,0.0,29,4974.33,4908.09,3757.38,3718.5099999999998,4,4,14,2024
2024-04-06,P004,Office Chair,Furniture,183.66,No,0.0,20,3673.27,4974.33,2409.18,3892.36,4,5,14,2024
2024-04-07,P004,Office Chair,Furniture,179.82,No,0.0,32,5754.4,3673.27,4456.77,4072.944285714286,4,6,14,2024
2024-04-08,P004,Office Chair,Furniture,183.82,No,0.0,18,3308.83,5754.4,3283.64,4258.32,4,0,15,2024
2024-04-09,P004,Office Chair,Furniture,173.97,No,0.0,29,5045.16,3308.83,3631.92,4261.918571428571,4,1,15,2024
2024-04-10,P004,Office Chair,Furniture,178.34,No,0.0,15,2675.08,5045.16,3582.59,4463.8099999999995,4,2,15,2024
2024-04-11,P004,Office Chair,Furniture,182.74,Yes,0.086,25,4174.11,2675.08,4908.09,4334.165714285714,4,3,15,2024
2024-04-12,P004,Office Chair,Furniture,187.53,No,0.0,12,2250.32,4174.11,4974.33,4229.311428571428,4,4,15,2024
2024-04-13,P004,Office Chair,Furniture,181.67,Yes,0.149,23,3555.27,2250.32,3673.27,3840.1671428571426,4,5,15,2024
2024-04-14,P004,Office Chair,Furniture,190.15,No,0.0,23,4373.54,3555.27,5754.4,3823.31,4,6,15,2024
2024-04-15,P004,Office Chair,Furniture,181.27,No,0.0,20,3625.4,4373.54,3308.83,3626.0442857142853,4,0,16,2024
2024-04-16,P004,Office Chair,Furniture,189.71,No,0.0,23,4363.34,3625.4,5045.16,3671.2685714285717,4,1,16,2024
2024-04-17,P004,Office Chair,Furniture,183.86,No,0.0,23,4228.87,4363.34,2675.08,3573.865714285714,4,2,16,2024
2024-04-18,P004,Office Chair,Furniture,173.51,No,0.0,16,2776.23,4228.87,4174.11,3795.835714285714,4,3,16,2024
2024-04-19,P004,Office Chair,Furniture,175.44,Yes,0.18,31,4459.67,2776.23,2250.32,3596.1385714285716,4,4,16,2024
2024-04-20,P004,Office Chair,Furniture,172.3,No,0.0,26,4479.83,4459.67,3555.27,3911.7599999999998,4,5,16,2024
2024-04-21,P004,Office Chair,Furniture,181.19,No,0.0,30,5435.81,4479.83,4373.54,4043.84,4,6,16,2024
2024-04-22,P004,Office Chair,Furniture,182.3,No,,21,3828.39,5435.81,3625.4,4195.592857142858,4,0,17,2024
2024-04-23,P004,Office Chair,Furniture,168.8,Yes,0.162,29,4100.42,3828.39,4363.34,4224.591428571429,4,1,17,2024
2024-04-24,P004,Office Chair,Furniture,176.48,No,0.0,33,5823.7,4100.42,4228.87,4187.0314285714285,4,2,17,2024
2024-04-25,P004,Office Chair,Furniture,185.64,No,0.0,30,5569.07,5823.7,2776.23,4414.864285714286,4,3,17,2024
2024-04-26,P004,Office Chair,Furniture,178.09,Yes,0.15,28,4240.76,5569.07,4459.67,4813.841428571429,4,4,17,2024
2024-04-27,P004,Office Chair,Furniture,179.13,No,0.0,22,3940.83,4240.76,4479.83,4782.568571428572,4,5,17,2024
2024-04-28,P004,Office Chair,Furniture,184.68,No,0.0,25,4617.08,3940.83,5435.81,4705.568571428572,4,6,17,2024
2024-04-29,P004,Office Chair,Furniture,184.83,No,0.0,30,5544.77,4617.08,3828.39,4588.607142857143,4,0,18,2024
2024-04-30,P004,Office Chair,Furniture,185.5,No,0.0,24,4451.91,5544.77,4100.42,4833.8042857142855,4,1,18,2024
2024-05-01,P004,Office Chair,Furniture,179.15,Yes,0.055,21,3555.3,4451.91,5823.7,4884.017142857143,5,2,18,2024
2024-05-02,P004,Office Chair,Furniture,175.71,No,0.0,12,2108.49,3555.3,5569.07,4559.96,5,3,18,2024
2024-05-03,P004,Office Chair,Furniture,162.85,No,0.0,24,3908.46,2108.49,4240.76,4065.5914285714284,5,4,18,2024
2024-05-04,P004,Office Chair,Furniture,176.6,No,0.0,24,4238.39,3908.46,3940.83,4018.12,5,5,18,2024
2024-05-05,P004,Office Chair,Furniture,180.19,No,0.0,24,4324.63,4238.39,4617.08,4060.628571428572,5,6,18,2024
2024-05-06,P004,Office Chair,Furniture,176.47,Yes,0.159,21,3115.26,4324.63,5544.77,4018.85,5,0,19,2024
2024-05-07,P004,Office Chair,Furniture,185.16,No,0.0,29,5369.53,3115.26,4451.91,3671.7771428571427,5,1,19,2024
2024-05-08,P004,Office Chair,Furniture,189.52,No,0.0,14,2653.24,5369.53,3555.3,3802.865714285714,5,2,19,2024
2024-05-09,P004,Office Chair,Furniture,175.54,No,0.0,14,2457.55,2653.24,2108.49,3674.0,5,3,19,2024
2024-05-10,P004,Office Chair,Furniture,184.25,No,0.0,18,3316.44,2457.55,3908.46,3723.8657142857146,5,4,19,2024
2024-05-11,P004,Office Chair,Furniture,188.13,No,0.0,23,4327.1,3316.44,4238.39,3639.2914285714287,5,5,19,2024
2024-05-12,P004,Office Chair,Furniture,177.7,Yes,0.151,36,5432.73,4327.1,4324.63,3651.964285714286,5,6,19,2024
2024-05-13,P004,Office Chair,Furniture,163.58,No,0.0,19,3108.01,5432.73,3115.26,3810.2642857142855,5,0,20,2024
2024-05-14,P004,Office Chair,Furniture,176.91,No,0.0,29,5130.25,3108.01,5369.53,3809.2285714285713,5,1,20,2024
2024-05-15,P004,Office Chair,Furniture,177.2,No,,22,3898.5,5130.25,2653.24,3775.0457142857144,5,2,20,2024
2024-05-16,P004,Office Chair,Furniture,183.99,No,0.0,18,3311.77,3898.5,2457.55,3952.94,5,3,20,2024
2024-05-17,P004,Office Chair,Furniture,175.48,No,0.0,22,3860.54,3311.77,3316.44,4074.9714285714285,5,4,20,2024
2024-05-18,P004,Office Chair,Furniture,193.4,Yes,0.183,19,3001.08,3860.54,4327.1,4152.7,5,5,20,2024
2024-05-19,P004,Office Chair,Furniture,160.84,No,0.0,30,4825.13,3001.08,5432.73,3963.2685714285717,5,6,20,2024
2024-05-20,P004,Office Chair,Furniture,180.05,No,0.0,19,3420.88,4825.13,3108.01,3876.468571428571,5,0,21,2024
2024-05-21,P004,Office Chair,Furniture,181.1,Yes,0.051,25,4294.65,3420.88,5130.25,3921.1642857142856,5,1,21,2024
2024-05-22,P004,Office Chair,Furniture,180.45,No,0.0,23,4150.41,4294.65,3898.5,3801.7928571428574,5,2,21,2024
2024-05-23,P004,Office Chair,Furniture,185.46,No,0.0,23,4265.65,4150.41,3311.77,3837.78,5,3,21,2024
2024-05-24,P004,Office Chair,Furniture,176.45,Yes,0.173,37,5396.61,4265.65,3860.54,3974.0485714285714,5,4,21,2024
2024-05-25,P004,Office Chair,Furniture,188.32,Yes,0.131,31,5075.05,5396.61,3001.08,4193.487142857143,5,5,21,2024
2024-05-26,P004,Office Chair,Furniture,176.49,No,0.0,26,4588.77,5075.05,4825.13,4489.768571428571,5,6,21,2024
2024-05-27,P004,Office Chair,Furniture,168.21,Yes,0.085,21,3233.25,4588.77,3420.88,4456.0028571428575,5,0,22,2024
2024-05-28,P004,Office Chair,Furniture,186.22,No,0.0,19,3538.11,3233.25,4294.65,4429.198571428571,5,1,22,2024
2024-05-29,P004,Office Chair,Furniture,180.82,No,0.0,21,3797.14,3538.11,4150.41,4321.121428571429,5,2,22,2024
2024-05-30,P004,Office Chair,Furniture,181.18,No,0.0,20,3623.69,3797.14,4265.65,4270.654285714286,5,3,22,2024
2024-05-31,P004,Office Chair,Furniture,184.97,Yes,0.134,31,4965.18,3623.69,5396.61,4178.9457142857145,5,4,22,2024
2024-06-01,P004,Office Chair,Furniture,185.38,No,0.0,22,4078.39,4965.18,5075.05,4117.312857142858,6,5,22,2024
2024-06-02,P004,Office Chair,Furniture,182.51,No,0.0,33,6022.89,4078.39,4588.77,3974.9328571428573,6,6,22,2024
2024-06-03,P004,Office Chair,Furniture,181.91,No,0.0,19,3456.28,6022.89,3233.25,4179.807142857143,6,0,23,2024
2024-06-04,P004,Office Chair,Furniture,184.32,No,0.0,19,3502.15,3456.28,3538.11,4211.668571428571,6,1,23,2024
2024-06-05,P004,Office Chair,Furniture,179.47,No,0.0,27,4845.6,3502.15,3797.14,4206.5314285714285,6,2,23,2024
2024-06-06,P004,Office Chair,Furniture,176.37,No,0.0,26,4585.53,4845.6,3623.69,4356.311428571428,6,3,23,2024
2024-06-07,P004,Office Chair,Furniture,174.33,No,0.0,21,3661.01,4585.53,4965.18,4493.717142857143,6,4,23,2024
2024-06-08,P004,Office Chair,Furniture,185.07,No,0.0,26,4811.89,3661.01,4078.39,4307.407142857143,6,5,23,2024
2024-06-09,P004,Office Chair,Furniture,173.29,No,0.0,22,3812.36,4811.89,6022.89,4412.192857142857,6,6,23,2024
2024-06-10,P004,Office Chair,Furniture,185.84,No,0.0,22,4088.47,3812.36,3456.28,4096.402857142857,6,0,24,2024
2024-06-11,P004,Office Chair,Furniture,177.84,Yes,0.174,35,5142.6,4088.47,3502.15,4186.715714285715,6,1,24,2024
2024-06-12,P004,Office Chair,Furniture,170.42,No,0.0,18,3067.55,5142.6,4845.6,4421.065714285714,6,2,24,2024
2024-06-13,P004,Office Chair,Furniture,185.26,No,0.0,21,3890.36,3067.55,4585.53,4167.058571428572,6,3,24,2024
2024-06-14,P004,Office Chair,Furniture,186.07,No,0.0,29,5395.89,3890.36,3661.01,4067.7485714285717,6,4,24,2024
2024-06-15,P004,Office Chair,Furniture,189.64,No,0.0,27,5120.35,5395.89,4811.89,4315.588571428571,6,5,24,2024
2024-06-16,P004,Office Chair,Furniture,172.48,No,0.0,33,5691.87,5120.35,3812.36,4359.654285714286,6,6,24,2024
2024-06-17,P004,Office Chair,Furniture,181.96,Yes,0.235,35,4871.34,5691.87,4088.47,4628.155714285715,6,0,25,2024
2024-06-18,P004,Office Chair,Furniture,172.33,No,0.0,15,2584.99,4871.34,5142.6,4739.994285714286,6,1,25,2024
2024-06-19,P004,Office Chair,Furniture,185.1,No,0.0,16,2961.57,2584.99,3067.55,4374.621428571429,6,2,25,2024
2024-06-20,P004,Office Chair,Furniture,181.86,No,0.0,25,4546.58,2961.57,3890.36,4359.481428571428,6,3,25,2024
2024-06-21,P004,Office Chair,Furniture,180.71,No,0.0,19,3433.41,4546.58,5395.89,4453.227142857143,6,4,25,2024
2024-06-22,P004,Office Chair,Furniture,176.12,Yes,0.215,30,4147.6,3433.41,5120.35,4172.872857142857,6,5,25,2024
2024-06-23,P004,Office Chair,Furniture,177.03,Yes,0.126,34,5261.31,4147.6,5691.87,4033.9085714285716,6,6,25,2024
2024-06-24,P004,Office Chair,Furniture,190.85,No,0.0,20,3816.93,5261.31,4871.34,3972.4,6,0,26,2024
2024-06-25,P004,Office Chair,Furniture,182.0,No,0.0,19,3457.98,3816.93,2584.99,3821.77,6,1,26,2024
2024-06-26,P004,Office Chair,Furniture,183.43,No,0.0,17,3118.25,3457.98,2961.57,3946.4828571428575,6,2,26,2024
2024-06-27,P004,Office Chair,Furniture,180.71,Yes,0.168,33,4961.23,3118.25,4546.58,3968.8657142857146,6,3,26,2024
2024-06-28,P004,Office Chair,Furniture,180.33,No,0.0,28,5049.19,4961.23,3433.41,4028.1014285714286,6,4,26,2024
2024-06-29,P004,Office Chair,Furniture,182.96,No,0.0,24,4390.94,5049.19,4147.6,4258.927142857143,6,5,26,2024
2024-06-30,P004,Office Chair,Furniture,176.73,No,0.0,32,5655.22,4390.94,5261.31,4293.6900000000005,6,6,26,2024
2024-07-01,P004,Office Chair,Furniture,174.66,No,0.0,23,4017.27,5655.22,3816.93,4349.962857142857,7,0,27,2024
2024-07-02,P004,Office Chair,Furniture,185.57,No,0.0,20,3711.45,4017.27,3457.98,4378.5828571428565,7,1,27,2024
2024-07-03,P004,Office Chair,Furniture,182.84,Yes,0.129,25,3981.07,3711.45,3118.25,4414.792857142857,7,2,27,2024
2024-07-04,P004,Office Chair,Furniture,179.98,No,0.0,26,4679.56,3981.07,4961.23,4538.052857142857,7,3,27,2024
2024-07-05,P004,Office Chair,Furniture,171.41,No,0.0,26,4456.56,4679.56,5049.19,4497.814285714286,7,4,27,2024
2024-07-06,P004,Office Chair,Furniture,183.39,No,0.0,20,3667.89,4456.56,4390.94,4413.152857142858,7,5,27,2024
2024-07-07,P004,Office Chair,Furniture,183.33,Yes,0.19,29,4306.37,3667.89,5655.22,4309.86,7,6,27,2024
2024-07-08,P004,Office Chair,Furniture,181.56,Yes,0.184,18,2668.4,4306.37,4017.27,4117.1671428571435,7,0,28,2024
2024-07-09,P004,Office Chair,Furniture,173.73,No,0.0,22,3822.1,2668.4,3711.45,3924.471428571429,7,1,28,2024
2024-07-10,P004,Office Chair,Furniture,190.77,No,0.0,20,3815.49,3822.1,3981.07,3940.2785714285715,7,2,28,2024
2024-07-11,P004,Office Chair,Furniture,177.4,No,0.0,22,3902.84,3815.49,4679.56,3916.624285714286,7,3,28,2024
2024-07-12,P004,Office Chair,Furniture,179.43,No,0.0,29,5203.42,3902.84,4456.56,3805.664285714286,7,4,28,2024
2024-07-13,P004,Office Chair,Furniture,188.84,No,0.0,21,3965.7,5203.42,3667.89,3912.3585714285714,7,5,28,2024
2024-07-14,P004,Office Chair,Furniture,176.89,No,0.0,20,3537.78,3965.7,4306.37,3954.902857142857,7,6,28,2024
2024-07-15,P004,Office Chair,Furniture,176.03,No,0.0,24,4224.78,3537.78,2668.4,3845.1042857142857,7,0,29,2024
2024-07-16,P004,Office Chair,Furniture,180.32,No,0.0,25,4508.02,4224.78,3822.1,4067.444285714286,7,1,29,2024
2024-07-17,P004,Office Chair,Furniture,182.09,No,0.0,33,6008.86,4508.02,3815.49,4165.432857142857,7,2,29,2024
2024-07-18,P004,Office Chair,Furniture,180.94,No,0.0,24,4342.46,6008.86,3902.84,4478.771428571429,7,3,29,2024
2024-07-19,P004,Office Chair,Furniture,169.96,Yes,0.25,33,4207.8,4342.46,5203.42,4541.574285714285,7,4,29,2024
2024-07-20,P004,Office Chair,Furniture,175.49,No,0.0,23,4036.22,4207.8,3965.7,4399.342857142858,7,5,29,2024
2024-07-21,P004,Office Chair,Furniture,187.64,No,0.0,30,5629.34,4036.22,3537.78,4409.417142857143,7,6,29,2024
2024-07-22,P004,Office Chair,Furniture,178.47,Yes,0.19,25,3615.82,5629.34,4224.78,4708.211428571429,7,0,30,2024
2024-07-23,P004,Office Chair,Furniture,183.06,No,0.0,23,4210.42,3615.82,4508.02,4621.217142857144,7,1,30,2024
2024-07-24,P004,Office Chair,Furniture,178.94,No,0.0,21,3757.76,4210.42,6008.86,4578.702857142857,7,2,30,2024
2024-07-25,P004,Office Chair,Furniture,162.31,No,0.0,21,3408.5,3757.76,4342.46,4257.117142857142,7,3,30,2024
2024-07-26,P004,Office Chair,Furniture,176.86,No,0.0,31,5482.66,3408.5,4207.8,4123.694285714286,7,4,30,2024
2024-07-27,P004,Office Chair,Furniture,178.87,Yes,0.065,33,5519.19,5482.66,4036.22,4305.817142857143,7,5,30,2024
2024-07-28,P004,Office Chair,Furniture,176.96,No,0.0,19,3362.26,5519.19,5629.34,4517.67,7,6,30,2024
2024-07-29,P004,Office Chair,Furniture,179.44,No,0.0,14,2512.23,3362.26,3615.82,4193.801428571428,7,0,31,2024
2024-07-30,P004,Office Chair,Furniture,173.06,No,0.0,25,4326.46,2512.23,4210.42,4036.145714285714,7,1,31,2024
2024-07-31,P004,Office Chair,Furniture,175.74,No,0.0,27,4744.95,4326.46,3757.76,4052.722857142857,7,2,31,2024
2024-08-01,P004,Office Chair,Furniture,181.73,No,0.0,22,3998.1,4744.95,3408.5,4193.749999999999,8,3,31,2024
2024-08-02,P004,Office Chair,Furniture,178.41,No,0.0,23,4103.38,3998.1,5482.66,4277.978571428572,8,4,31,2024
2024-08-03,P004,Office Chair,Furniture,168.44,No,0.0,29,4884.67,4103.38,5519.19,4080.9385714285713,8,5,31,2024
2024-08-04,P004,Office Chair,Furniture,183.51,No,0.0,28,5138.31,4884.67,3362.26,3990.292857142857,8,6,31,2024
2024-08-05,P004,Office Chair,Furniture,177.01,No,0.0,17,3009.24,5138.31,2512.23,4244.014285714286,8,0,32,2024
2024-08-06,P004,Office Chair,Furniture,174.99,No,0.0,16,2799.81,3009.24,4326.46,4315.015714285714,8,1,32,2024
2024-08-07,P004,Office Chair,Furniture,182.36,Yes,0.156,31,4769.7,2799.81,4744.95,4096.9228571428575,8,2,32,2024
2024-08-08,P004,Office Chair,Furniture,170.65,No,0.0,17,2901.01,4769.7,3998.1,4100.458571428571,8,3,32,2024
2024-08-09,P004,Office Chair,Furniture,174.55,No,0.0,19,3316.49,2901.01,4103.38,3943.7314285714283,8,4,32,2024
2024-08-10,P004,Office Chair,Furniture,176.14,No,0.0,17,2994.39,3316.49,4884.67,3831.318571428571,8,5,32,2024
2024-08-11,P004,Office Chair,Furniture,169.73,No,0.0,22,3734.06,2994.39,5138.31,3561.2785714285715,8,6,32,2024
2024-08-12,P004,Office Chair,Furniture,186.0,No,0.0,16,2976.02,3734.06,3009.24,3360.6714285714284,8,0,33,2024
2024-08-13,P004,Office Chair,Furniture,173.83,Yes,0.212,22,3012.08,2976.02,2799.81,3355.925714285714,8,1,33,2024
2024-08-14,P004,Office Chair,Furniture,178.48,Yes,0.179,37,5423.78,3012.08,4769.7,3386.25,8,2,33,2024
2024-08-15,P004,Office Chair,Furniture,177.4,Yes,0.168,29,4280.85,5423.78,2901.01,3479.69,8,3,33,2024
2024-08-16,P004,Office Chair,Furniture,186.33,No,0.0,24,4471.81,4280.85,3316.49,3676.81,8,4,33,2024
2024-08-17,P004,Office Chair,Furniture,172.92,No,0.0,27,4668.77,4471.81,2994.39,3841.8557142857144,8,5,33,2024
2024-08-18,P004,Office Chair,Furniture,182.83,No,0.0,28,5119.17,4668.77,3734.06,4081.052857142857,8,6,33,2024
2024-08-19,P004,Office Chair,Furniture,183.55,No,0.0,25,4588.82,5119.17,2976.02,4278.925714285715,8,0,34,2024
2024-08-20,P004,Office Chair,Furniture,161.7,No,0.0,18,2910.68,4588.82,3012.08,4509.325714285715,8,1,34,2024
2024-08-21,P004,Office Chair,Furniture,178.72,No,0.0,16,2859.53,2910.68,5423.78,4494.84,8,2,34,2024
2024-08-22,P004,Office Chair,Furniture,189.96,No,0.0,15,2849.34,2859.53,4280.85,4128.518571428572,8,3,34,2024
2024-08-23,P004,Office Chair,Furniture,179.65,No,0.0,23,4131.93,2849.34,4471.81,3924.0171428571425,8,4,34,2024
2024-08-24,P004,Office Chair,Furniture,181.23,No,0.0,17,3080.95,4131.93,4668.77,3875.4628571428575,8,5,34,2024
2024-08-25,P004,Office Chair,Furniture,179.85,No,0.0,20,3596.9,3080.95,5119.17,3648.631428571429,8,6,34,2024
2024-08-26,P004,Office Chair,Furniture,185.22,No,0.0,17,3148.71,3596.9,4588.82,3431.1642857142856,8,0,35,2024
2024-08-27,P004,Office Chair,Furniture,185.12,No,0.0,16,2961.99,3148.71,2910.68,3225.434285714286,8,1,35,2024
2024-08-28,P004,Office Chair,Furniture,170.05,Yes,0.095,17,2615.7,2961.99,2859.53,3232.7642857142855,8,2,35,2024
2024-08-29,P004,Office Chair,Furniture,174.4,No,0.0,21,3662.41,2615.7,2849.34,3197.9314285714286,8,3,35,2024
2024-08-30,P004,Office Chair,Furniture,184.8,No,0.0,16,2956.87,3662.41,4131.93,3314.0842857142857,8,4,35,2024
2024-08-31,P004,Office Chair,Furniture,182.75,Yes,0.102,32,5252.55,2956.87,3080.95,3146.218571428571,8,5,35,2024
2024-09-01,P004,Office Chair,Furniture,172.51,No,0.0,15,2587.72,5252.55,3596.9,3456.4471428571424,9,6,35,2024
2024-09-02,P004,Office Chair,Furniture,176.83,Yes,0.101,29,4608.46,2587.72,3148.71,3312.2785714285715,9,0,36,2024
2024-09-03,P004,Office Chair,Furniture,177.57,No,0.0,34,6037.47,4608.46,2961.99,3520.8142857142852,9,1,36,2024
2024-09-04,P004,Office Chair,Furniture,170.88,No,0.0,15,2563.15,6037.47,2615.7,3960.1685714285713,9,2,36,2024
2024-09-05,P004,Office Chair,Furniture,182.31,No,0.0,13,2370.0,2563.15,3662.41,3952.6614285714286,9,3,36,2024
2024-09-06,P004,Office Chair,Furniture,185.53,No,0.0,17,3153.99,2370.0,2956.87,3768.031428571429,9,4,36,2024
2024-09-07,P004,Office Chair,Furniture,178.44,No,0.0,23,4104.22,3153.99,5252.55,3796.191428571429,9,5,36,2024
2024-09-08,P004,Office Chair,Furniture,177.61,No,0.0,28,4973.01,4104.22,2587.72,3632.144285714286,9,6,36,2024
2024-09-09,P004,Office Chair,Furniture,183.36,Yes,0.118,21,3396.78,4973.01,4608.46,3972.9000000000005,9,0,37,2024
2024-09-10,P004,Office Chair,Furniture,175.34,No,0.0,18,3156.12,3396.78,6037.47,3799.8028571428576,9,1,37,2024
2024-09-11,P004,Office Chair,Furniture,171.9,No,0.0,26,4469.3,3156.12,2563.15,3388.1814285714286,9,2,37,2024
2024-09-12,P004,Office Chair,Furniture,188.71,Yes,0.14,18,2921.06,4469.3,2370.0,3660.488571428571,9,3,37,2024
2024-09-13,P004,Office Chair,Furniture,172.99,No,0.0,12,2075.82,2921.06,3153.99,3739.2114285714283,9,4,37,2024
2024-09-14,P004,Office Chair,Furniture,175.88,No,0.0,19,3341.78,2075.82,4104.22,3585.187142857143,9,5,37,2024
2024-09-15,P004,Office Chair,Furniture,186.7,Yes,0.099,23,3868.68,3341.78,4973.01,3476.2671428571434,9,6,37,2024
2024-09-16,P004,Office Chair,Furniture,179.39,No,0.0,17,3049.65,3868.68,3396.78,3318.5057142857145,9,0,38,2024
2024-09-17,P004,Office Chair,Furniture,177.3,No,0.0,19,3368.75,3049.65,3156.12,3268.9157142857143,9,1,38,2024
2024-09-18,P004,Office Chair,Furniture,181.74,Yes,0.161,27,4116.12,3368.75,4469.3,3299.2914285714287,9,2,38,2024
2024-09-19,P004,Office Chair,Furniture,178.89,Yes,0.141,24,3688.44,4116.12,2921.06,3248.837142857143,9,3,38,2024
2024-09-20,P004,Office Chair,Furniture,184.27,No,0.0,13,2395.51,3688.44,2075.82,3358.4628571428575,9,4,38,2024
2024-09-21,P004,Office Chair,Furniture,179.23,No,0.0,21,3763.79,2395.51,3341.78,3404.132857142857,9,5,38,2024
2024-09-22,P004,Office Chair,Furniture,182.33,No,0.0,20,3646.5,3763.79,3868.68,3464.4199999999996,9,6,38,2024
2024-09-23,P004,Office Chair,Furniture,175.86,No,0.0,15,2637.91,3646.5,3049.65,3432.6800000000003,9,0,39,2024
2024-09-24,P004,Office Chair,Furniture,184.49,Yes,0.123,26,4208.88,2637.91,3368.75,3373.86,9,1,39,2024
2024-09-25,P004,Office Chair,Furniture,187.62,No,0.0,16,3001.84,4208.88,4116.12,3493.878571428572,9,2,39,2024
2024-09-26,P004,Office Chair,Furniture,179.26,No,0.0,19,3406.01,3001.84,3688.44,3334.695714285714,9,3,39,2024
2024-09-27,P004,Office Chair,Furniture,177.85,No,0.0,14,2489.92,3406.01,2395.51,3294.3485714285716,9,4,39,2024
2024-09-28,P004,Office Chair,Furniture,186.49,No,0.0,19,3543.36,2489.92,3763.79,3307.8357142857144,9,5,39,2024
2024-09-29,P004,Office Chair,Furniture,188.93,No,0.0,26,4912.22,3543.36,3646.5,3276.3457142857146,9,6,39,2024
2024-09-30,P004,Office Chair,Furniture,179.82,No,0.0,20,3596.46,4912.22,2637.91,3457.162857142857,9,0,40,2024
2024-10-01,P004,Office Chair,Furniture,189.98,No,0.0,17,3229.66,3596.46,4208.88,3594.0985714285716,10,1,40,2024
2024-10-02,P004,Office Chair,Furniture,187.36,No,0.0,18,3372.5,3229.66,3001.84,3454.21,10,2,40,2024
2024-10-03,P004,Office Chair,Furniture,181.75,Yes,0.096,25,4105.62,3372.5,3406.01,3507.1614285714286,10,3,40,2024
2024-10-04,P004,Office Chair,Furniture,174.13,No,0.0,15,2611.91,4105.62,2489.92,3607.1057142857144,10,4,40,2024
2024-10-05,P004,Office Chair,Furniture,183.93,Yes,0.053,33,5748.37,2611.91,3543.36,3624.532857142857,10,5,40,2024
2024-10-06,P004,Office Chair,Furniture,187.18,No,0.0,27,5053.75,5748.37,4912.22,3939.5342857142855,10,6,40,2024
2024-10-07,P004,Office Chair,Furniture,185.01,No,0.0,20,3700.26,5053.75,3596.46,3959.7528571428566,10,0,41,2024
2024-10-08,P004,Office Chair,Furniture,178.07,No,0.0,15,2670.98,3700.26,3229.66,3974.5814285714287,10,1,41,2024
2024-10-09,P004,Office Chair,Furniture,174.89,Yes,0.071,21,3410.83,2670.98,3372.5,3894.77,10,2,41,2024
2024-10-10,P004,Office Chair,Furniture,182.65,No,0.0,14,2557.03,3410.83,4105.62,3900.245714285714,10,3,41,2024
2024-10-11,P004,Office Chair,Furniture,188.11,No,0.0,22,4138.52,2557.03,2611.91,3679.0185714285717,10,4,41,2024
2024-10-12,P004,Office Chair,Furniture,188.69,No,0.0,25,4717.14,4138.52,5748.37,3897.1057142857144,10,5,41,2024
2024-10-13,P004,Office Chair,Furniture,178.38,No,0.0,20,3567.67,4717.14,5053.75,3749.787142857143,10,6,41,2024
2024-10-14,P004,Office Chair,Furniture,181.23,No,0.0,17,3080.96,3567.67,3700.26,3537.4900000000002,10,0,42,2024
2024-10-15,P004,Office Chair,Furniture,185.72,No,0.0,12,2228.63,3080.96,2670.98,3449.0185714285717,10,1,42,2024
2024-10-16,P004,Office Chair,Furniture,186.82,No,0.0,13,2428.67,2228.63,3410.83,3385.825714285714,10,2,42,2024
2024-10-17,P004,Office Chair,Furniture,183.08,No,0.0,18,3295.47,2428.67,2557.03,3245.5171428571434,10,3,42,2024
2024-10-18,P004,Office Chair,Furniture,186.8,No,0.0,13,2428.45,3295.47,4138.52,3351.0085714285715,10,4,42,2024
2024-10-19,P004,Office Chair,Furniture,169.08,No,0.0,17,2874.28,2428.45,4717.14,3106.712857142857,10,5,42,2024
2024-10-20,P004,Office Chair,Furniture,192.8,No,0.0,17,3277.66,2874.28,3567.67,2843.447142857143,10,6,42,2024
2024-10-21,P004,Office Chair,Furniture,175.48,No,0.0,25,4387.09,3277.66,3080.96,2802.0171428571425,10,0,43,2024
2024-10-22,P004,Office Chair,Furniture,185.55,Yes,0.185,21,3174.74,4387.09,2228.63,2988.6071428571427,10,1,43,2024
2024-10-23,P004,Office Chair,Furniture,186.34,No,0.0,12,2236.11,3174.74,2428.67,3123.7657142857142,10,2,43,2024
2024-10-24,P004,Office Chair,Furniture,174.2,No,0.0,14,2438.82,2236.11,3295.47,3096.257142857143,10,3,43,2024
2024-10-25,P004,Office Chair,Furniture,180.67,Yes,0.213,27,3837.05,2438.82,2428.45,2973.878571428572,10,4,43,2024
2024-10-26,P004,Office Chair,Furniture,183.19,Yes,0.249,26,3575.39,3837.05,2874.28,3175.1071428571427,10,5,43,2024
2024-10-27,P004,Office Chair,Furniture,158.39,Yes,0.238,32,3861.55,3575.39,3277.66,3275.2657142857142,10,6,43,2024
2024-10-28,P004,Office Chair,Furniture,177.89,No,0.0,16,2846.19,3861.55,4387.09,3358.6785714285716,10,0,44,2024
2024-10-29,P004,Office Chair,Furniture,187.39,No,0.0,32,5996.53,2846.19,3174.74,3138.55,10,1,44,2024
2024-10-30,P004,Office Chair,Furniture,187.95,Yes,0.216,21,3093.13,5996.53,2236.11,3541.662857142857,10,2,44,2024
2024-10-31,P004,Office Chair,Furniture,187.62,Yes,0.249,26,3662.34,3093.13,2438.82,3664.094285714286,10,3,44,2024
2024-11-01,P004,Office Chair,Furniture,181.55,No,0.0,22,3994.05,3662.34,3837.05,3838.882857142857,11,4,44,2024
2024-11-02,P004,Office Chair,Furniture,180.39,No,0.0,33,5952.84,3994.05,3575.39,3861.3114285714287,11,5,44,2024
2024-11-03,P004,Office Chair,Furniture,188.06,No,0.0,18,3385.01,5952.84,3861.55,4200.947142857143,11,6,44,2024
2024-11-04,P004,Office Chair,Furniture,179.14,No,0.0,19,3403.63,3385.01,2846.19,4132.870000000001,11,0,45,2024
2024-11-05,P004,Office Chair,Furniture,176.7,Yes,0.081,26,4220.6,3403.63,5996.53,4212.504285714285,11,1,45,2024
2024-11-06,P004,Office Chair,Furniture,168.19,No,0.0,26,4373.02,4220.6,3093.13,3958.8,11,2,45,2024
2024-11-07,P004,Office Chair,Furniture,193.51,Yes,0.213,29,4419.14,4373.02,3662.34,4141.641428571429,11,3,45,2024
2024-11-08,P004,Office Chair,Furniture,185.41,No,0.0,22,4079.1,4419.14,3994.05,4249.755714285714,11,4,45,2024
2024-11-09,P004,Office Chair,Furniture,164.68,No,0.0,33,5434.4,4079.1,5952.84,4261.905714285715,11,5,45,2024
2024-11-10,P004,Office Chair,Furniture,167.29,No,0.0,23,3847.7,5434.4,3385.01,4187.842857142858,11,6,45,2024
2024-11-11,P004,Office Chair,Furniture,177.95,Yes,0.175,23,3377.93,3847.7,3403.63,4253.941428571428,11,0,46,2024
2024-11-12,P004,Office Chair,Furniture,177.5,No,0.0,21,3727.4,3377.93,4220.6,4250.27,11,1,46,2024
2024-11-13,P004,Office Chair,Furniture,174.66,Yes,0.112,31,4810.79,3727.4,4373.02,4179.812857142857,11,2,46,2024
2024-11-14,P004,Office Chair,Furniture,167.97,No,0.0,26,4367.23,4810.79,4419.14,4242.351428571428,11,3,46,2024
2024-11-15,P004,Office Chair,Furniture,174.2,Yes,0.066,30,4879.39,4367.23,4079.1,4234.935714285714,11,4,46,2024
2024-11-16,P004,Office Chair,Furniture,171.62,No,0.0,18,3089.24,4879.39,5434.4,4349.262857142857,11,5,46,2024
2024-11-17,P004,Office Chair,Furniture,176.91,No,0.0,24,4245.82,3089.24,3847.7,4014.2400000000002,11,6,46,2024
2024-11-18,P004,Office Chair,Furniture,179.6,No,0.0,13,2334.81,4245.82,3377.93,4071.1142857142854,11,0,47,2024
2024-11-19,P004,Office Chair,Furniture,176.38,Yes,0.211,38,5290.2,2334.81,3727.4,3922.0971428571424,11,1,47,2024
2024-11-20,P004,Office Chair,Furniture,180.97,No,0.0,19,3438.43,5290.2,4810.79,4145.354285714286,11,2,47,2024
2024-11-21,P004,Office Chair,Furniture,189.47,No,0.0,31,5873.51,3438.43,4367.23,3949.302857142857,11,3,47,2024
2024-11-22,P004,Office Chair,Furniture,192.99,No,0.0,20,3859.74,5873.51,4879.39,4164.4857142857145,11,4,47,2024
2024-11-23,P004,Office Chair,Furniture,176.02,No,0.0,23,4048.52,3859.74,3089.24,4018.8214285714284,11,5,47,2024
2024-11-24,P004,Office Chair,Furniture,170.23,No,0.0,19,3234.37,4048.52,4245.82,4155.861428571428,11,6,47,2024
2024-11-25,P004,Office Chair,Furniture,168.6,No,0.0,19,3203.41,3234.37,2334.81,4011.368571428571,11,0,48,2024
2024-11-26,P004,Office Chair,Furniture,174.82,No,0.0,22,3846.12,3203.41,5290.2,4135.454285714286,11,1,48,2024
2024-11-27,P004,Office Chair,Furniture,188.04,No,0.0,26,4889.01,3846.12,3438.43,3929.157142857143,11,2,48,2024
2024-11-28,P004,Office Chair,Furniture,174.1,Yes,0.203,23,3192.88,4889.01,5873.51,4136.382857142858,11,3,48,2024
2024-11-29,P004,Office Chair,Furniture,186.07,No,0.0,20,3721.4,3192.88,3859.74,3753.4357142857143,11,4,48,2024
2024-11-30,P004,Office Chair,Furniture,190.64,Yes,0.228,39,5742.39,3721.4,4048.52,3733.672857142857,11,5,48,2024
2024-12-01,P004,Office Chair,Furniture,184.19,No,0.0,23,4236.36,5742.39,3234.37,3975.654285714286,12,6,48,2024
2024-12-02,P004,Office Chair,Furniture,183.46,No,0.0,19,3485.78,4236.36,3203.41,4118.795714285714,12,0,49,2024
2024-12-03,P004,Office Chair,Furniture,178.8,No,0.0,25,4470.06,3485.78,3846.12,4159.134285714286,12,1,49,2024
2024-12-04,P004,Office Chair,Furniture,183.53,No,0.0,28,5138.77,4470.06,4889.01,4248.268571428572,12,2,49,2024
2024-12-05,P004,Office Chair,Furniture,177.6,Yes,0.235,27,3666.68,5138.77,3192.88,4283.948571428571,12,3,49,2024
2024-12-06,P004,Office Chair,Furniture,168.95,Yes,0.156,30,4278.28,3666.68,3721.4,4351.634285714285,12,4,49,2024
2024-12-07,P004,Office Chair,Furniture,184.35,No,0.0,28,5161.91,4278.28,5742.39,4431.188571428572,12,5,49,2024
2024-12-08,P004,Office Chair,Furniture,181.02,No,0.0,23,4163.36,5161.91,4236.36,4348.262857142858,12,6,49,2024
2024-12-09,P004,Office Chair,Furniture,179.31,Yes,0.084,28,4598.19,4163.36,3485.78,4337.834285714286,12,0,50,2024
2024-12-10,P004,Office Chair,Furniture,176.11,Yes,0.217,36,4963.21,4598.19,4470.06,4496.75,12,1,50,2024
2024-12-11,P004,Office Chair,Furniture,162.95,No,0.0,26,4236.6,4963.21,5138.77,4567.2,12,2,50,2024
2024-12-12,P004,Office Chair,Furniture,182.15,No,0.0,29,5282.36,4236.6,3666.68,4438.318571428571,12,3,50,2024
2024-12-13,P004,Office Chair,Furniture,179.26,No,0.0,29,5198.67,5282.36,4278.28,4669.13,12,4,50,2024
2024-12-14,P004,Office Chair,Furniture,180.73,No,0.0,31,5602.56,5198.67,5161.91,4800.614285714285,12,5,50,2024
2024-12-15,P004,Office Chair,Furniture,186.45,No,0.0,18,3356.18,5602.56,4163.36,4863.564285714287,12,6,50,2024
2024-12-16,P004,Office Chair,Furniture,181.4,No,0.0,22,3990.82,3356.18,4598.19,4748.2528571428575,12,0,51,2024
2024-12-17,P004,Office Chair,Furniture,184.98,No,0.0,30,5549.5,3990.82,4963.21,4661.485714285714,12,1,51,2024
2024-12-18,P004,Office Chair,Furniture,180.09,Yes,0.098,37,6007.65,5549.5,4236.6,4745.2414285714285,12,2,51,2024
2024-12-19,P004,Office Chair,Furniture,172.93,No,0.0,26,4496.18,6007.65,5282.36,4998.248571428571,12,3,51,2024
2024-12-20,P004,Office Chair,Furniture,175.97,No,0.0,28,4927.29,4496.18,5198.67,4885.937142857142,12,4,51,2024
2024-12-21,P004,Office Chair,Furniture,177.71,No,0.0,35,6219.93,4927.29,5602.56,4847.168571428571,12,5,51,2024
2024-12-22,P004,Office Chair,Furniture,167.95,Yes,0.154,51,7244.92,6219.93,3356.18,4935.364285714286,12,6,51,2024
2024-12-23,P004,Office Chair,Furniture,173.0,Yes,0.183,37,5232.31,7244.92,3990.82,5490.898571428572,12,0,52,2024
2024-12-24,P004,Office Chair,Furniture,188.4,Yes,0.162,42,6634.68,5232.31,5549.5,5668.254285714285,12,1,52,2024
2024-12-25,P004,Office Chair,Furniture,180.49,No,0.0,23,4151.26,6634.68,6007.65,5823.28,12,2,52,2024
2024-12-26,P004,Office Chair,Furniture,181.66,Yes,0.173,35,5259.62,4151.26,4496.18,5558.081428571429,12,3,52,2024
2024-12-27,P004,Office Chair,Furniture,181.35,No,0.0,27,4896.54,5259.62,4927.29,5667.144285714286,12,4,52,2024
2024-12-28,P004,Office Chair,Furniture,180.06,Yes,0.135,43,6694.03,4896.54,6219.93,5662.751428571429,12,5,52,2024
2024-12-29,P004,Office Chair,Furniture,172.16,No,0.0,42,7230.77,6694.03,7244.92,5730.4800000000005,12,6,52,2024
2024-12-30,P004,Office Chair,Furniture,173.77,No,0.0,24,4170.36,7230.77,5232.31,5728.458571428571,12,0,1,2024
2024-12-31,P004,Office Chair,Furniture,175.38,Yes,0.204,41,5722.53,4170.36,6634.68,5576.751428571429,12,1,1,2024
2025-01-01,P004,Office Chair,Furniture,179.48,No,0.0,26,4666.39,5722.53,4151.26,5446.444285714286,1,2,1,2025
2025-01-02,P004,Office Chair,Furniture,171.17,No,0.0,24,4108.06,4666.39,5259.62,5520.034285714285,1,3,1,2025
2025-01-03,P004,Office Chair,Furniture,186.58,Yes,0.153,31,4901.26,4108.06,4896.54,5355.5257142857145,1,4,1,2025
2025-01-04,P004,Office Chair,Furniture,185.62,No,0.0,29,5383.04,4901.26,6694.03,5356.2,1,5,1,2025
2025-01-05,P004,Office Chair,Furniture,174.19,No,0.0,29,5051.53,5383.04,7230.77,5168.915714285715,1,6,1,2025
2025-01-06,P004,Office Chair,Furniture,189.79,No,0.0,23,4365.2,5051.53,4170.36,4857.595714285714,1,0,2,2025
2025-01-07,P004,Office Chair,Furniture,194.56,Yes,0.18,24,3831.05,4365.2,5722.53,4885.43,1,1,2,2025
2025-01-08,P004,Office Chair,Furniture,171.89,No,0.0,21,3609.62,3831.05,4666.39,4615.2185714285715,1,2,2,2025
2025-01-09,P004,Office Chair,Furniture,170.07,Yes,0.22,27,3581.69,3609.62,4108.06,4464.251428571429,1,3,2,2025
2025-01-10,P004,Office Chair,Furniture,170.05,No,0.0,25,4251.3,3581.69,4901.26,4389.055714285714,1,4,2,2025
2025-01-11,P004,Office Chair,Furniture,181.24,Yes,0.085,32,5305.23,4251.3,5383.04,4296.204285714286,1,5,2,2025
2025-01-12,P004,Office Chair,Furniture,172.55,No,0.0,33,5694.08,5305.23,5051.53,4285.088571428571,1,6,2,2025
2025-01-13,P004,Office Chair,Furniture,178.37,No,0.0,23,4102.49,5694.08,4365.2,4376.881428571428,1,0,3,2025
2025-01-14,P004,Office Chair,Furniture,166.08,No,0.0,23,3819.77,4102.49,3831.05,4339.351428571428,1,1,3,2025
2025-01-15,P004,Office Chair,Furniture,172.48,No,0.0,24,4139.58,3819.77,3609.62,4337.74,1,2,3,2025
2025-01-16,P004,Office Chair,Furniture,186.54,No,0.0,19,3544.24,4139.58,3581.69,4413.448571428571,1,3,3,2025
2025-01-17,P004,Office Chair,Furniture,175.6,No,0.0,16,2809.55,3544.24,4251.3,4408.098571428572,1,4,3,2025
2025-01-18,P004,Office Chair,Furniture,171.59,No,0.0,20,3431.89,2809.55,5305.23,4202.134285714285,1,5,3,2025
2025-01-19,P004,Office Chair,Furniture,184.47,No,0.0,31,5718.55,3431.89,5694.08,3934.5142857142855,1,6,3,2025
2025-01-20,P004,Office Chair,Furniture,183.03,No,0.0,20,3660.6,5718.55,4102.49,3938.0099999999998,1,0,4,2025
2025-01-21,P004,Office Chair,Furniture,184.29,No,0.0,23,4238.64,3660.6,3819.77,3874.882857142857,1,1,4,2025
2025-01-22,P004,Office Chair,Furniture,177.4,No,0.0,22,3902.9,4238.64,4139.58,3934.7214285714285,1,2,4,2025
2025-01-23,P004,Office Chair,Furniture,180.89,No,0.0,23,4160.46,3902.9,3544.24,3900.9100000000003,1,3,4,2025
2025-01-24,P004,Office Chair,Furniture,179.16,Yes,0.12,23,3626.86,4160.46,2809.55,3988.941428571429,1,4,4,2025
2025-01-25,P004,Office Chair,Furniture,184.01,No,0.0,18,3312.11,3626.86,3431.89,4105.7,1,5,4,2025
2025-01-26,P004,Office Chair,Furniture,174.11,No,0.0,30,5223.19,3312.11,5718.55,4088.588571428572,1,6,4,2025
2025-01-27,P004,Office Chair,Furniture,179.86,No,0.0,26,4676.24,5223.19,3660.6,4017.8228571428567,1,0,5,2025
2025-01-28,P004,Office Chair,Furniture,174.79,No,0.0,21,3670.59,4676.24,4238.64,4162.914285714286,1,1,5,2025
2025-01-29,P004,Office Chair,Furniture,188.54,No,0.0,27,5090.57,3670.59,3902.9,4081.7642857142855,1,2,5,2025
2025-01-30,P004,Office Chair,Furniture,184.49,Yes,0.149,31,4868.69,5090.57,4160.46,4251.431428571428,1,3,5,2025
2025-01-31,P004,Office Chair,Furniture,183.61,No,0.0,27,4957.34,4868.69,3626.86,4352.607142857143,1,4,5,2025
2025-02-01,P004,Office Chair,Furniture,180.45,No,0.0,31,5594.05,4957.34,3312.11,4542.675714285714,2,5,5,2025
2025-02-02,P004,Office Chair,Furniture,171.79,No,0.0,27,4638.44,5594.05,5223.19,4868.667142857143,2,6,5,2025
2025-02-03,P004,Office Chair,Furniture,176.74,No,0.0,18,3181.3,4638.44,4676.24,4785.131428571428,2,0,6,2025
2025-02-04,P004,Office Chair,Furniture,172.25,Yes,0.051,25,4088.59,3181.3,3670.59,4571.568571428572,2,1,6,2025
2025-02-05,P004,Office Chair,Furniture,179.15,No,0.0,42,7524.3,4088.59,5090.57,4631.282857142856,2,2,6,2025
2025-02-06,P004,Office Chair,Furniture,192.66,No,0.0,15,2889.9,7524.3,4868.69,4978.958571428571,2,3,6,2025
2025-02-07,P004,Office Chair,Furniture,183.56,No,0.0,21,3854.68,2889.9,4957.34,4696.274285714286,2,4,6,2025
2025-02-08,P004,Office Chair,Furniture,185.25,No,0.0,22,4075.53,3854.68,5594.05,4538.751428571429,2,5,6,2025
2025-02-09,P004,Office Chair,Furniture,176.89,No,0.0,32,5660.36,4075.53,4638.44,4321.820000000001,2,6,6,2025
2025-02-10,P004,Office Chair,Furniture,187.58,Yes,0.118,27,4468.54,5660.36,3181.3,4467.808571428572,2,0,7,2025
2025-02-11,P004,Office Chair,Furniture,180.26,No,0.0,29,5227.58,4468.54,4088.59,4651.7,2,1,7,2025
2025-02-12,P004,Office Chair,Furniture,177.12,Yes,0.092,27,4340.6,5227.58,7524.3,4814.412857142857,2,2,7,2025
2025-02-13,P004,Office Chair,Furniture,181.08,Yes,0.118,30,4791.89,4340.6,2889.9,4359.598571428572,2,3,7,2025
2025-02-14,P004,Office Chair,Furniture,195.12,No,0.0,19,3707.31,4791.89,3854.68,4631.311428571428,2,4,7,2025
2025-02-15,P004,Office Chair,Furniture,175.94,No,0.0,25,4398.57,3707.31,4075.53,4610.2585714285715,2,5,7,2025
2025-02-16,P004,Office Chair,Furniture,183.64,No,0.0,25,4591.12,4398.57,5660.36,4656.407142857142,2,6,7,2025
2025-02-17,P004,Office Chair,Furniture,184.03,No,0.0,20,3680.61,4591.12,4468.54,4503.658571428571,2,0,8,2025
2025-02-18,P004,Office Chair,Furniture,181.22,No,0.0,23,4168.13,3680.61,5227.58,4391.097142857143,2,1,8,2025
2025-02-19,P004,Office Chair,Furniture,182.97,No,0.0,18,3293.42,4168.13,4340.6,4239.7471428571425,2,2,8,2025
2025-02-20,P004,Office Chair,Furniture,196.0,Yes,0.054,32,5935.51,3293.42,4791.89,4090.1500000000005,2,3,8,2025
2025-02-21,P004,Office Chair,Furniture,181.31,No,0.0,27,4895.35,5935.51,3707.31,4253.524285714286,2,4,8,2025
2025-02-22,P004,Office Chair,Furniture,168.6,Yes,0.209,29,3865.33,4895.35,4398.57,4423.244285714286,2,5,8,2025
2025-02-23,P004,Office Chair,Furniture,180.55,No,0.0,30,5416.57,3865.33,4591.12,4347.067142857143,2,6,8,2025
2025-02-24,P004,Office Chair,Furniture,178.29,No,0.0,26,4635.44,5416.57,3680.61,4464.988571428572,2,0,9,2025
2025-02-25,P004,Office Chair,Furniture,175.51,No,0.0,24,4212.31,4635.44,4168.13,4601.392857142857,2,1,9,2025
2025-02-26,P004,Office Chair,Furniture,176.52,No,0.0,18,3177.37,4212.31,3293.42,4607.704285714286,2,2,9,2025
2025-02-27,P004,Office Chair,Furniture,176.64,No,,23,4062.66,3177.37,5935.51,4591.125714285715,2,3,9,2025
2025-02-28,P004,Office Chair,Furniture,170.22,No,0.0,17,2893.67,4062.66,4895.35,4323.575714285714,2,4,9,2025
2025-03-01,P004,Office Chair,Furniture,178.55,No,0.0,20,3571.02,2893.67,3865.33,4037.621428571429,3,5,9,2025
2025-03-02,P004,Office Chair,Furniture,175.53,No,0.0,11,1930.86,3571.02,5416.57,3995.577142857143,3,6,9,2025
2025-03-03,P004,Office Chair,Furniture,186.83,No,0.0,31,5791.72,1930.86,4635.44,3497.618571428571,3,0,10,2025
2025-03-04,P004,Office Chair,Furniture,179.58,No,0.0,20,3591.68,5791.72,4212.31,3662.8014285714285,3,1,10,2025
2025-03-05,P004,Office Chair,Furniture,171.32,No,0.0,23,3940.25,3591.68,3177.37,3574.14,3,2,10,2025
2025-03-06,P004,Office Chair,Furniture,181.12,Yes,0.172,23,3450.98,3940.25,4062.66,3683.1228571428574,3,3,10,2025
2025-03-07,P004,Office Chair,Furniture,179.01,No,0.0,23,4117.31,3450.98,2893.67,3595.7400000000002,3,4,10,2025
2025-03-08,P004,Office Chair,Furniture,192.82,No,0.0,28,5398.86,4117.31,3571.02,3770.5457142857144,3,5,10,2025
2025-03-09,P004,Office Chair,Furniture,185.56,No,0.0,31,5752.46,5398.86,1930.86,4031.6657142857143,3,6,10,2025
2025-03-10,P004,Office Chair,Furniture,174.57,No,0.0,23,4015.09,5752.46,5791.72,4577.608571428572,3,0,11,2025
2025-03-11,P004,Office Chair,Furniture,176.01,No,0.0,22,3872.32,4015.09,3591.68,4323.8042857142855,3,1,11,2025
2025-03-12,P004,Office Chair,Furniture,175.23,Yes,0.244,31,4106.98,3872.32,3940.25,4363.895714285714,3,2,11,2025
2025-03-13,P004,Office Chair,Furniture,184.8,No,0.0,20,3695.91,4106.98,3450.98,4387.714285714285,3,3,11,2025
2025-03-14,P004,Office Chair,Furniture,181.4,No,0.0,29,5260.68,3695.91,4117.31,4422.704285714286,3,4,11,2025
2025-03-15,P004,Office Chair,Furniture,189.08,No,0.0,16,3025.26,5260.68,5398.86,4586.042857142857,3,5,11,2025
2025-03-16,P004,Office Chair,Furniture,185.67,No,0.0,32,5941.39,3025.26,5752.46,4246.957142857143,3,6,11,2025
2025-03-17,P004,Office Chair,Furniture,194.55,No,0.0,21,4085.54,5941.39,4015.09,4273.947142857143,3,0,12,2025
2025-03-18,P004,Office Chair,Furniture,179.04,No,0.0,28,5013.09,4085.54,3872.32,4284.011428571429,3,1,12,2025
2025-03-19,P004,Office Chair,Furniture,189.31,No,0.0,21,3975.55,5013.09,4106.98,4446.978571428571,3,2,12,2025
2025-03-20,P004,Office Chair,Furniture,186.42,No,0.0,22,4101.22,3975.55,3695.91,4428.202857142857,3,3,12,2025
2025-03-21,P004,Office Chair,Furniture,177.15,No,0.0,29,5137.26,4101.22,5260.68,4486.104285714287,3,4,12,2025
2025-03-22,P004,Office Chair,Furniture,179.01,No,0.0,30,5370.26,5137.26,3025.26,4468.472857142858,3,5,12,2025
2025-03-23,P004,Office Chair,Furniture,187.53,No,0.0,33,6188.53,5370.26,5941.39,4803.472857142858,3,6,12,2025
2025-03-24,P004,Office Chair,Furniture,175.91,No,0.0,21,3694.2,6188.53,4085.54,4838.778571428571,3,0,13,2025
2025-03-25,P004,Office Chair,Furniture,183.66,No,0.0,25,4591.61,3694.2,5013.09,4782.872857142857,3,1,13,2025
2025-03-26,P004,Office Chair,Furniture,171.93,No,0.0,24,4126.26,4591.61,3975.55,4722.6614285714295,3,2,13,2025
2025-03-27,P004,Office Chair,Furniture,178.69,No,0.0,24,4288.53,4126.26,4101.22,4744.191428571428,3,3,13,2025
2025-03-28,P004,Office Chair,Furniture,177.68,Yes,0.064,28,4655.28,4288.53,5137.26,4770.949999999999,3,4,13,2025
2025-03-29,P004,Office Chair,Furniture,172.15,No,0.0,31,5336.61,4655.28,5370.26,4702.095714285714,3,5,13,2025
2025-03-30,P004,Office Chair,Furniture,167.03,No,0.0,31,5177.8,5336.61,6188.53,4697.288571428571,3,6,13,2025
2025-03-31,P004,Office Chair,Furniture,177.19,No,0.0,26,4607.05,5177.8,3694.2,4552.898571428571,3,0,14,2025
2025-04-01,P004,Office Chair,Furniture,185.81,No,0.0,22,4087.92,4607.05,4591.61,4683.305714285714,4,1,14,2025
2025-04-02,P004,Office Chair,Furniture,174.49,No,0.0,21,3664.21,4087.92,4126.26,4611.35,4,2,14,2025
2025-04-03,P004,Office Chair,Furniture,180.4,No,0.0,18,3247.14,3664.21,4288.53,4545.342857142857,4,3,14,2025
2025-04-04,P004,Office Chair,Furniture,182.06,Yes,0.181,28,4173.84,3247.14,4655.28,4396.572857142857,4,4,14,2025
2025-04-05,P004,Office Chair,Furniture,181.22,No,0.0,34,6161.34,4173.84,5336.61,4327.795714285714,4,5,14,2025
2025-04-06,P004,Office Chair,Furniture,178.0,No,0.0,14,2492.01,6161.34,5177.8,4445.614285714286,4,6,14,2025
2025-04-07,P004,Office Chair,Furniture,171.03,No,0.0,28,4788.81,2492.01,4607.05,4061.9300000000003,4,0,15,2025
2025-04-08,P004,Office Chair,Furniture,177.85,Yes,,31,5148.67,4788.81,4087.92,4087.8957142857143,4,1,15,2025
2025-04-09,P004,Office Chair,Furniture,169.93,No,0.0,21,3568.59,5148.67,3664.21,4239.431428571429,4,2,15,2025
2025-04-10,P004,Office Chair,Furniture,177.25,No,0.0,19,3367.74,3568.59,3247.14,4225.771428571429,4,3,15,2025
2025-04-11,P004,Office Chair,Furniture,178.37,No,0.0,22,3924.2,3367.74,4173.84,4243.000000000001,4,4,15,2025
2025-04-12,P004,Office Chair,Furniture,172.26,No,0.0,26,4478.77,3924.2,6161.34,4207.337142857143,4,5,15,2025
2025-04-13,P004,Office Chair,Furniture,186.92,No,0.0,31,5794.57,4478.77,2492.01,3966.9700000000003,4,6,15,2025
2025-04-14,P004,Office Chair,Furniture,171.07,No,0.0,21,3592.5,5794.57,4788.81,4438.7642857142855,4,0,16,2025
2025-04-15,P004,Office Chair,Furniture,187.25,No,0.0,25,4681.27,3592.5,5148.67,4267.862857142857,4,1,16,2025
2025-04-16,P004,Office Chair,Furniture,186.61,No,0.0,34,6344.85,4681.27,3568.59,4201.091428571429,4,2,16,2025
2025-04-17,P004,Office Chair,Furniture,184.28,No,0.0,23,4238.46,6344.85,3367.74,4597.7,4,3,16,2025
2025-04-18,P004,Office Chair,Furniture,183.1,No,0.0,28,5126.81,4238.46,3924.2,4722.088571428571,4,4,16,2025
2025-04-19,P004,Office Chair,Furniture,185.18,No,0.0,28,5184.93,5126.81,4478.77,4893.89,4,5,16,2025
2025-04-20,P004,Office Chair,Furniture,179.65,No,0.0,34,6108.25,5184.93,5794.57,4994.7699999999995,4,6,16,2025
2025-04-21,P004,Office Chair,Furniture,181.64,No,0.0,23,4177.7,6108.25,3592.5,5039.581428571429,4,0,17,2025
2025-04-22,P004,Office Chair,Furniture,175.57,No,0.0,23,4038.0,4177.7,4681.27,5123.181428571428,4,1,17,2025
2025-04-23,P004,Office Chair,Furniture,167.53,No,0.0,27,4523.4,4038.0,6344.85,5031.285714285715,4,2,17,2025
2025-04-24,P004,Office Chair,Furniture,168.47,Yes,0.196,36,4873.77,4523.4,4238.46,4771.078571428572,4,3,17,2025
2025-04-25,P004,Office Chair,Furniture,165.82,No,0.0,28,4642.98,4873.77,5126.81,4861.837142857143,4,4,17,2025
2025-04-26,P004,Office Chair,Furniture,181.65,No,0.0,29,5267.93,4642.98,5184.93,4792.7185714285715,4,5,17,2025
2025-04-27,P004,Office Chair,Furniture,190.2,No,0.0,27,5135.42,5267.93,6108.25,4804.575714285714,4,6,17,2025
2025-04-28,P004,Office Chair,Furniture,176.64,No,0.0,25,4415.92,5135.42,4177.7,4665.6,4,0,18,2025
2025-04-29,P004,Office Chair,Furniture,174.52,No,0.0,30,5235.53,4415.92,4038.0,4699.631428571428,4,1,18,2025
2025-04-30,P004,Office Chair,Furniture,186.33,No,0.0,22,4099.27,5235.53,4523.4,4870.707142857143,4,2,18,2025
2025-05-01,P004,Office Chair,Furniture,179.6,No,0.0,24,4310.37,4099.27,4873.77,4810.117142857142,5,3,18,2025
2025-05-02,P004,Office Chair,Furniture,195.61,No,0.0,21,4107.89,4310.37,4642.98,4729.631428571428,5,4,18,2025
2025-05-03,P004,Office Chair,Furniture,177.0,No,0.0,26,4602.01,4107.89,5267.93,4653.1900000000005,5,5,18,2025
2025-05-04,P004,Office Chair,Furniture,166.98,No,0.0,22,3673.5,4602.01,5135.42,4558.058571428572,5,6,18,2025
2025-05-05,P004,Office Chair,Furniture,178.94,Yes,0.092,37,6014.4,3673.5,4415.92,4349.212857142857,5,0,19,2025
2025-05-06,P004,Office Chair,Furniture,183.09,No,0.0,18,3295.59,6014.4,5235.53,4577.567142857143,5,1,19,2025
2025-05-07,P004,Office Chair,Furniture,182.07,No,0.0,29,5280.17,3295.59,4099.27,4300.432857142858,5,2,19,2025
2025-05-08,P004,Office Chair,Furniture,168.21,Yes,0.077,31,4814.74,5280.17,4310.37,4469.132857142858,5,3,19,2025
2025-05-09,P004,Office Chair,Furniture,185.11,No,0.0,24,4442.65,4814.74,4107.89,4541.185714285714,5,4,19,2025
2025-05-10,P004,Office Chair,Furniture,182.01,No,0.0,25,4550.24,4442.65,4602.01,4589.0085714285715,5,5,19,2025
2025-05-11,P004,Office Chair,Furniture,180.58,Yes,0.059,32,5439.38,4550.24,3673.5,4581.612857142857,5,6,19,2025
2025-05-12,P004,Office Chair,Furniture,180.92,No,0.0,16,2894.69,5439.38,6014.4,4833.881428571428,5,0,20,2025
2025-05-13,P004,Office Chair,Furniture,184.78,Yes,0.076,17,2901.6,2894.69,3295.59,4388.208571428571,5,1,20,2025
2025-05-14,P004,Office Chair,Furniture,184.08,No,0.0,26,4785.95,2901.6,5280.17,4331.924285714286,5,2,20,2025
2025-05-15,P004,Office Chair,Furniture,182.77,Yes,0.178,38,5707.41,4785.95,4814.74,4261.321428571428,5,3,20,2025
2025-05-16,P004,Office Chair,Furniture,182.72,No,0.0,32,5847.14,5707.41,4442.65,4388.845714285714,5,4,20,2025
2025-05-17,P004,Office Chair,Furniture,174.07,Yes,0.134,38,5727.54,5847.14,4550.24,4589.487142857142,5,5,20,2025
2025-05-18,P004,Office Chair,Furniture,168.99,No,0.0,34,5745.82,5727.54,5439.38,4757.672857142857,5,6,20,2025
2025-05-19,P004,Office Chair,Furniture,192.3,No,0.0,30,5769.03,5745.82,2894.69,4801.45,5,0,21,2025
2025-05-20,P004,Office Chair,Furniture,187.96,No,0.0,17,3195.35,5769.03,2901.6,5212.07,5,1,21,2025
2025-05-21,P004,Office Chair,Furniture,173.92,No,0.0,16,2782.77,3195.35,4785.95,5254.034285714285,5,2,21,2025
2025-05-22,P004,Office Chair,Furniture,182.37,No,0.0,21,3829.72,2782.77,5707.41,4967.865714285714,5,3,21,2025
2025-05-23,P004,Office Chair,Furniture,170.46,Yes,0.071,34,5384.95,3829.72,5847.14,4699.624285714286,5,4,21,2025
2025-05-24,P004,Office Chair,Furniture,185.62,No,0.0,26,4826.1,5384.95,5727.54,4633.597142857143,5,5,21,2025
2025-05-25,P004,Office Chair,Furniture,170.23,No,0.0,26,4425.86,4826.1,5745.82,4504.82,5,6,21,2025
2025-05-26,P004,Office Chair,Furniture,165.37,No,0.0,24,3968.96,4425.86,5769.03,4316.254285714285,5,0,22,2025
2025-05-27,P004,Office Chair,Furniture,179.06,No,0.0,24,4297.54,3968.96,3195.35,4059.1014285714286,5,1,22,2025
2025-05-28,P004,Office Chair,Furniture,181.3,No,0.0,27,4894.99,4297.54,2782.77,4216.557142857143,5,2,22,2025
2025-05-29,P004,Office Chair,Furniture,180.02,No,0.0,12,2160.23,4894.99,3829.72,4518.302857142857,5,3,22,2025
2025-05-30,P004,Office Chair,Furniture,176.55,Yes,0.143,38,5747.92,2160.23,5384.95,4279.8042857142855,5,4,22,2025
2025-05-31,P004,Office Chair,Furniture,185.21,Yes,0.225,36,5167.34,5747.92,4826.1,4331.657142857142,5,5,22,2025
2025-06-01,P004,Office Chair,Furniture,194.44,No,0.0,23,4472.01,5167.34,4425.86,4380.405714285715,6,6,22,2025
2025-06-02,P004,Office Chair,Furniture,180.36,No,0.0,23,4148.33,4472.01,3968.96,4386.998571428571,6,0,23,2025
2025-06-03,P004,Office Chair,Furniture,178.2,No,0.0,32,5702.39,4148.33,4297.54,4412.622857142857,6,1,23,2025
2025-06-04,P004,Office Chair,Furniture,178.79,Yes,0.182,30,4386.55,5702.39,4894.99,4613.315714285714,6,2,23,2025
2025-06-05,P004,Office Chair,Furniture,187.97,Yes,0.091,29,4953.97,4386.55,2160.23,4540.681428571429,6,3,23,2025
2025-06-06,P004,Office Chair,Furniture,180.68,No,0.0,30,5420.46,4953.97,5747.92,4939.787142857143,6,4,23,2025
2025-06-07,P004,Office Chair,Furniture,182.26,No,0.0,17,3098.47,5420.46,5167.34,4893.007142857144,6,5,23,2025
2025-06-08,P004,Office Chair,Furniture,174.72,No,0.0,30,5241.63,3098.47,4472.01,4597.454285714286,6,6,23,2025
2025-06-09,P004,Office Chair,Furniture,182.0,No,0.0,24,4367.96,5241.63,4148.33,4707.400000000001,6,0,24,2025
2025-06-10,P004,Office Chair,Furniture,180.12,Yes,0.217,26,3669.04,4367.96,5702.39,4738.7757142857145,6,1,24,2025
2025-06-11,P004,Office Chair,Furniture,189.39,No,0.0,27,5113.46,3669.04,4386.55,4448.297142857143,6,2,24,2025
2025-06-12,P004,Office Chair,Furniture,174.42,No,0.0,31,5406.97,5113.46,4953.97,4552.141428571429,6,3,24,2025
2025-06-13,P004,Office Chair,Furniture,176.66,Yes,0.154,42,6275.82,5406.97,5420.46,4616.855714285714,6,4,24,2025
2025-06-14,P004,Office Chair,Furniture,180.23,No,0.0,32,5767.32,6275.82,3098.47,4739.05,6,5,24,2025
2025-06-15,P004,Office Chair,Furniture,185.86,No,0.0,49,9107.28,5767.32,5241.63,5120.314285714286,6,6,24,2025
2025-06-16,P004,Office Chair,Furniture,177.17,Yes,0.097,27,4317.76,9107.28,4367.96,5672.550000000001,6,0,25,2025
2025-06-17,P004,Office Chair,Furniture,182.58,No,0.0,28,5112.33,4317.76,3669.04,5665.378571428571,6,1,25,2025
2025-06-18,P004,Office Chair,Furniture,180.84,No,0.0,25,4521.0,5112.33,5113.46,5871.562857142858,6,2,25,2025
2025-06-19,P004,Office Chair,Furniture,175.77,No,0.0,24,4218.52,4521.0,5406.97,5786.925714285715,6,3,25,2025
2025-06-20,P004,Office Chair,Furniture,180.95,No,0.0,18,3257.14,4218.52,6275.82,5617.147142857143,6,4,25,2025
2025-06-21,P004,Office Chair,Furniture,172.35,No,0.0,33,5687.48,3257.14,5767.32,5185.907142857143,6,5,25,2025
2025-06-22,P004,Office Chair,Furniture,182.66,Yes,0.159,29,4455.61,5687.48,9107.28,5174.501428571429,6,6,25,2025
2025-06-23,P004,Office Chair,Furniture,170.35,Yes,0.246,27,3466.9,4455.61,4317.76,4509.977142857143,6,0,26,2025
2025-06-24,P004,Office Chair,Furniture,183.1,No,0.0,29,5310.02,3466.9,5112.33,4388.425714285714,6,1,26,2025
2025-06-25,P004,Office Chair,Furniture,190.27,No,0.0,18,3424.87,5310.02,4521.0,4416.667142857143,6,2,26,2025
2025-06-26,P004,Office Chair,Furniture,181.32,No,0.0,14,2538.51,3424.87,4218.52,4260.077142857143,6,3,26,2025
2025-06-27,P004,Office Chair,Furniture,169.13,No,0.0,31,5242.94,2538.51,3257.14,4020.075714285714,6,4,26,2025
2025-06-28,P004,Office Chair,Furniture,189.45,No,0.0,25,4736.34,5242.94,5687.48,4303.761428571429,6,5,26,2025
2025-06-29,P004,Office Chair,Furniture,183.09,Yes,0.219,36,5145.72,4736.34,4455.61,4167.884285714286,6,6,26,2025
2025-06-30,P004,Office Chair,Furniture,181.15,No,0.0,30,5434.62,5145.72,3466.9,4266.471428571428,6,0,27,2025
2025-07-01,P004,Office Chair,Furniture,176.01,No,0.0,18,3168.23,5434.62,5310.02,4547.574285714286,7,1,27,2025
2025-07-02,P004,Office Chair,Furniture,182.19,No,0.0,23,4190.31,3168.23,3424.87,4241.604285714286,7,2,27,2025
2025-07-03,P004,Office Chair,Furniture,178.73,No,0.0,30,5361.78,4190.31,2538.51,4350.952857142857,7,3,27,2025
2025-07-04,P004,Office Chair,Furniture,182.58,No,0.0,22,4016.66,5361.78,5242.94,4754.277142857143,7,4,27,2025
2025-07-05,P004,Office Chair,Furniture,185.35,Yes,0.078,30,5124.8,4016.66,4736.34,4579.094285714285,7,5,27,2025
2025-07-06,P004,Office Chair,Furniture,179.16,No,0.0,24,4299.83,5124.8,5145.72,4634.588571428571,7,6,27,2025
2025-07-07,P004,Office Chair,Furniture,170.95,No,0.0,20,3418.91,4299.83,5434.62,4513.747142857143,7,0,28,2025
2025-07-08,P004,Office Chair,Furniture,176.69,No,0.0,34,6007.59,3418.91,3168.23,4225.788571428571,7,1,28,2025
2025-07-09,P004,Office Chair,Furniture,187.38,No,0.0,32,5996.03,6007.59,4190.31,4631.411428571429,7,2,28,2025
2025-07-10,P004,Office Chair,Furniture,184.4,No,0.0,21,3872.43,5996.03,5361.78,4889.371428571429,7,3,28,2025
2025-07-11,P004,Office Chair,Furniture,170.03,Yes,0.084,34,5297.68,3872.43,4016.66,4676.607142857143,7,4,28,2025
2025-07-12,P004,Office Chair,Furniture,191.36,No,0.0,23,4401.25,5297.68,5124.8,4859.61,7,5,28,2025
2025-07-13,P004,Office Chair,Furniture,192.48,Yes,0.245,25,3635.26,4401.25,4299.83,4756.245714285715,7,6,28,2025
2025-07-14,P004,Office Chair,Furniture,165.16,Yes,0.124,27,3906.55,3635.26,3418.91,4661.307142857143,7,0,29,2025
2025-07-15,P004,Office Chair,Furniture,168.86,No,0.0,21,3546.08,3906.55,6007.59,4730.97,7,1,29,2025
2025-07-16,P004,Office Chair,Furniture,181.39,No,0.0,16,2902.19,3546.08,5996.03,4379.325714285715,7,2,29,2025
2025-07-17,P004,Office Chair,Furniture,194.77,No,0.0,19,3700.54,2902.19,3872.43,3937.348571428571,7,3,29,2025
2025-07-18,P004,Office Chair,Furniture,183.66,No,0.0,28,5142.61,3700.54,5297.68,3912.792857142857,7,4,29,2025
2025-07-19,P004,Office Chair,Furniture,175.63,Yes,0.128,35,5357.4,5142.61,4401.25,3890.6400000000003,7,5,29,2025
2025-07-20,P004,Office Chair,Furniture,178.15,No,0.0,28,4988.13,5357.4,3635.26,4027.2328571428575,7,6,29,2025
2025-07-21,P004,Office Chair,Furniture,179.75,No,0.0,28,5033.13,4988.13,3906.55,4220.5,7,0,30,2025
2025-07-22,P004,Office Chair,Furniture,180.91,No,0.0,27,4884.63,5033.13,3546.08,4381.4400000000005,7,1,30,2025
2025-07-23,P004,Office Chair,Furniture,167.57,Yes,0.077,33,5106.32,4884.63,2902.19,4572.661428571429,7,2,30,2025
2025-07-24,P004,Office Chair,Furniture,169.28,No,0.0,26,4401.36,5106.32,3700.54,4887.537142857143,7,3,30,2025
2025-07-25,P004,Office Chair,Furniture,173.79,No,0.0,33,5735.16,4401.36,5142.61,4987.654285714286,7,4,30,2025
2025-07-26,P004,Office Chair,Furniture,176.63,No,0.0,15,2649.42,5735.16,5357.4,5072.3042857142855,7,5,30,2025
2025-07-27,P004,Office Chair,Furniture,181.15,No,0.0,30,5434.6,2649.42,4988.13,4685.45,7,6,30,2025
2025-07-28,P004,Office Chair,Furniture,182.73,Yes,0.107,40,6528.64,5434.6,5033.13,4749.231428571428,7,0,31,2025
2025-07-29,P004,Office Chair,Furniture,172.24,Yes,0.249,32,4140.22,6528.64,4884.63,4962.875714285715,7,1,31,2025
2025-07-30,P004,Office Chair,Furniture,174.84,No,0.0,22,3846.43,4140.22,5106.32,4856.5314285714285,7,2,31,2025
2025-07-31,P004,Office Chair,Furniture,196.24,No,0.0,21,4121.1,3846.43,4401.36,4676.547142857143,7,3,31,2025
2025-08-01,P004,Office Chair,Furniture,179.34,No,0.0,23,4124.75,4121.1,5735.16,4636.51,8,4,31,2025
2025-08-02,P004,Office Chair,Furniture,190.74,No,0.0,19,3624.02,4124.75,2649.42,4406.4514285714295,8,5,31,2025
2025-08-03,P004,Office Chair,Furniture,175.34,No,0.0,23,4032.9,3624.02,5434.6,4545.68,8,6,31,2025
2025-08-04,P004,Office Chair,Furniture,177.7,No,0.0,20,3553.93,4032.9,6528.64,4345.437142857143,8,0,32,2025
2025-08-05,P004,Office Chair,Furniture,174.03,No,0.0,20,3480.65,3553.93,4140.22,3920.4785714285717,8,1,32,2025
2025-08-06,P004,Office Chair,Furniture,183.72,Yes,0.051,24,4185.56,3480.65,3846.43,3826.2542857142857,8,2,32,2025
2025-08-07,P004,Office Chair,Furniture,185.1,No,0.0,22,4072.14,4185.56,4121.1,3874.7014285714286,8,3,32,2025
2025-08-08,P004,Office Chair,Furniture,184.23,No,,21,3868.93,4072.14,4124.75,3867.7071428571426,8,4,32,2025
2025-08-09,P004,Office Chair,Furniture,187.78,Yes,0.141,30,4840.85,3868.93,3624.02,3831.161428571428,8,5,32,2025
2025-08-10,P004,Office Chair,Furniture,172.29,No,0.0,20,3445.8,4840.85,4032.9,4004.994285714286,8,6,32,2025
2025-08-11,P004,Office Chair,Furniture,189.19,No,0.0,21,3972.98,3445.8,3553.93,3921.1228571428574,8,0,33,2025
2025-08-12,P004,Office Chair,Furniture,184.95,No,0.0,19,3514.11,3972.98,3480.65,3980.9871428571428,8,1,33,2025
2025-08-13,P004,Office Chair,Furniture,165.24,No,0.0,18,2974.27,3514.11,4185.56,3985.7671428571434,8,2,33,2025
2025-08-14,P004,Office Chair,Furniture,174.16,No,0.0,17,2960.68,2974.27,4072.14,3812.7257142857147,8,3,33,2025
2025-08-15,P004,Office Chair,Furniture,180.76,No,0.0,20,3615.13,2960.68,3868.93,3653.9457142857145,8,4,33,2025
2025-08-16,P004,Office Chair,Furniture,175.35,No,0.0,18,3156.33,3615.13,4840.85,3617.6885714285713,8,5,33,2025
2025-08-17,P004,Office Chair,Furniture,190.54,No,0.0,26,4954.08,3156.33,3445.8,3377.042857142857,8,6,33,2025
2025-08-18,P004,Office Chair,Furniture,181.55,No,0.0,23,4175.66,4954.08,3972.98,3592.511428571429,8,0,34,2025
2025-08-19,P004,Office Chair,Furniture,189.99,No,0.0,21,3989.73,4175.66,3514.11,3621.4657142857145,8,1,34,2025
2025-08-20,P004,Office Chair,Furniture,176.77,Yes,0.188,25,3587.66,3989.73,2974.27,3689.4114285714286,8,2,34,2025
2025-08-21,P004,Office Chair,Furniture,178.53,No,0.0,19,3392.16,3587.66,2960.68,3777.0385714285717,8,3,34,2025
2025-08-22,P004,Office Chair,Furniture,191.92,No,0.0,21,4030.41,3392.16,3615.13,3838.6785714285716,8,4,34,2025
2025-08-23,P004,Office Chair,Furniture,178.24,No,0.0,23,4099.45,4030.41,3156.33,3898.004285714286,8,5,34,2025
2025-08-24,P004,Office Chair,Furniture,180.37,No,0.0,27,4869.93,4099.45,4954.08,4032.7357142857145,8,6,34,2025
2025-08-25,P004,Office Chair,Furniture,174.36,No,0.0,15,2615.4,4869.93,4175.66,4020.714285714286,8,0,35,2025
2025-08-26,P004,Office Chair,Furniture,191.7,No,0.0,19,3642.27,2615.4,3989.73,3797.82,8,1,35,2025
2025-08-27,P004,Office Chair,Furniture,185.97,No,0.0,24,4463.28,3642.27,3587.66,3748.182857142857,8,2,35,2025
2025-08-28,P004,Office Chair,Furniture,194.13,No,0.0,18,3494.34,4463.28,3392.16,3873.2714285714283,8,3,35,2025
2025-08-29,P004,Office Chair,Furniture,176.58,No,0.0,21,3708.08,3494.34,4030.41,3887.868571428571,8,4,35,2025
2025-08-30,P004,Office Chair,Furniture,187.05,No,0.0,17,3179.86,3708.08,4099.45,3841.8214285714284,8,5,35,2025
2025-08-31,P004,Office Chair,Furniture,180.26,No,0.0,20,3605.15,3179.86,4869.93,3710.451428571429,8,6,35,2025
2025-09-01,P004,Office Chair,Furniture,178.18,No,0.0,23,4098.06,3605.15,2615.4,3529.7685714285717,9,0,36,2025
2025-09-02,P004,Office Chair,Furniture,183.01,No,0.0,21,3843.12,4098.06,3642.27,3741.577142857143,9,1,36,2025
2025-09-03,P004,Office Chair,Furniture,180.98,No,0.0,20,3619.56,3843.12,4463.28,3770.27,9,2,36,2025
2025-09-04,P004,Office Chair,Furniture,180.63,No,0.0,22,3973.76,3619.56,3494.34,3649.7385714285715,9,3,36,2025
2025-09-05,P004,Office Chair,Furniture,188.5,No,0.0,19,3581.43,3973.76,3708.08,3718.227142857143,9,4,36,2025
2025-09-06,P004,Office Chair,Furniture,173.88,No,0.0,26,4521.0,3581.43,3179.86,3700.1342857142854,9,5,36,2025
2025-09-07,P004,Office Chair,Furniture,168.94,No,0.0,21,3547.66,4521.0,3605.15,3891.725714285714,9,6,36,2025
2025-09-08,P004,Office Chair,Furniture,171.62,Yes,0.094,22,3422.34,3547.66,4098.06,3883.5128571428572,9,0,37,2025
2025-09-09,P004,Office Chair,Furniture,182.02,No,0.0,17,3094.38,3422.34,3843.12,3786.9814285714283,9,1,37,2025
2025-09-10,P004,Office Chair,Furniture,178.78,No,0.0,16,2860.46,3094.38,3619.56,3680.0185714285717,9,2,37,2025
2025-09-11,P004,Office Chair,Furniture,183.16,No,0.0,19,3480.05,2860.46,3973.76,3571.575714285714,9,3,37,2025
2025-09-12,P004,Office Chair,Furniture,179.43,No,0.0,32,5741.89,3480.05,3581.43,3501.0457142857144,9,4,37,2025
2025-09-13,P004,Office Chair,Furniture,178.63,No,0.0,26,4644.32,5741.89,4521.0,3809.6828571428573,9,5,37,2025
2025-09-14,P004,Office Chair,Furniture,171.13,No,0.0,25,4278.18,4644.32,3547.66,3827.3,9,6,37,2025
2025-09-15,P004,Office Chair,Furniture,175.04,No,0.0,23,4025.85,4278.18,3422.34,3931.6600000000003,9,0,38,2025
2025-09-16,P004,Office Chair,Furniture,170.56,No,0.0,24,4093.39,4025.85,3094.38,4017.8757142857144,9,1,38,2025
2025-09-17,P004,Office Chair,Furniture,181.83,No,0.0,27,4909.51,4093.39,2860.46,4160.591428571429,9,2,38,2025
2025-09-18,P004,Office Chair,Furniture,186.91,No,0.0,21,3925.21,4909.51,3480.05,4453.312857142858,9,3,38,2025
2025-09-19,P004,Office Chair,Furniture,182.38,No,0.0,25,4559.59,3925.21,5741.89,4516.907142857142,9,4,38,2025
2025-09-20,P004,Office Chair,Furniture,174.58,No,0.0,21,3666.14,4559.59,4644.32,4348.007142857143,9,5,38,2025
2025-09-21,P004,Office Chair,Furniture,171.05,Yes,0.162,32,4585.75,3666.14,4278.18,4208.267142857143,9,6,38,2025
2025-09-22,P004,Office Chair,Furniture,165.13,No,0.0,27,4458.56,4585.75,4025.85,4252.205714285714,9,0,39,2025
2025-09-23,P004,Office Chair,Furniture,189.25,No,0.0,13,2460.3,4458.56,4093.39,4314.021428571429,9,1,39,2025
2025-09-24,P004,Office Chair,Furniture,174.76,No,0.0,22,3844.73,2460.3,4909.51,4080.7228571428573,9,2,39,2025
2025-09-25,P004,Office Chair,Furniture,183.56,No,0.0,26,4772.49,3844.73,3925.21,3928.6114285714284,9,3,39,2025
2025-09-26,P004,Office Chair,Furniture,188.74,No,0.0,25,4718.45,4772.49,4559.59,4049.6514285714284,9,4,39,2025
2025-09-27,P004,Office Chair,Furniture,182.18,Yes,0.194,35,5141.01,4718.45,3666.14,4072.345714285714,9,5,39,2025
2025-09-28,P004,Office Chair,Furniture,176.01,No,0.0,25,4400.37,5141.01,4585.75,4283.041428571429,9,6,39,2025
2025-09-29,P004,Office Chair,Furniture,176.25,No,0.0,24,4229.92,4400.37,4458.56,4256.558571428572,9,0,40,2025
2025-09-30,P004,Office Chair,Furniture,167.76,No,0.0,19,3187.49,4229.92,2460.3,4223.895714285713,9,1,40,2025
2025-10-01,P004,Office Chair,Furniture,177.25,No,0.0,17,3013.18,3187.49,3844.73,4327.78,10,2,40,2025
2025-10-02,P004,Office Chair,Furniture,184.98,Yes,0.083,30,5091.18,3013.18,4772.49,4208.987142857143,10,3,40,2025
2025-10-03,P004,Office Chair,Furniture,184.55,No,0.0,17,3137.39,5091.18,4718.45,4254.5142857142855,10,4,40,2025
2025-10-04,P004,Office Chair,Furniture,182.69,Yes,0.163,25,3821.42,3137.39,5141.01,4028.6485714285714,10,5,40,2025
2025-10-05,P004,Office Chair,Furniture,174.13,Yes,0.13,19,2879.21,3821.42,4400.37,3840.1357142857146,10,6,40,2025
2025-10-06,P004,Office Chair,Furniture,180.25,No,0.0,23,4145.72,2879.21,4229.92,3622.827142857143,10,0,41,2025
2025-10-07,P004,Office Chair,Furniture,183.54,No,0.0,22,4037.77,4145.72,3187.49,3610.798571428572,10,1,41,2025
2025-10-08,P004,Office Chair,Furniture,185.15,No,0.0,21,3888.1,4037.77,3013.18,3732.2671428571425,10,2,41,2025
2025-10-09,P004,Office Chair,Furniture,178.69,Yes,0.192,36,5199.57,3888.1,5091.18,3857.2557142857145,10,3,41,2025
2025-10-10,P004,Office Chair,Furniture,185.56,Yes,0.084,23,3910.82,5199.57,3137.39,3872.7400000000002,10,4,41,2025
2025-10-11,P004,Office Chair,Furniture,175.39,No,0.0,17,2981.56,3910.82,3821.42,3983.23,10,5,41,2025
2025-10-12,P004,Office Chair,Furniture,185.9,Yes,0.091,37,6250.08,2981.56,2879.21,3863.25,10,6,41,2025
2025-10-13,P004,Office Chair,Furniture,181.34,No,0.0,23,4170.91,6250.08,4145.72,4344.802857142857,10,0,42,2025
2025-10-14,P004,Office Chair,Furniture,174.44,Yes,0.054,33,5447.73,4170.91,4037.77,4348.401428571428,10,1,42,2025
2025-10-15,P004,Office Chair,Furniture,165.99,Yes,0.106,25,3707.96,5447.73,3888.1,4549.824285714286,10,2,42,2025
2025-10-16,P004,Office Chair,Furniture,178.43,Yes,0.225,20,2763.91,3707.96,5199.57,4524.089999999999,10,3,42,2025
2025-10-17,P004,Office Chair,Furniture,182.93,No,0.0,22,4024.44,2763.91,3910.82,4176.138571428571,10,4,42,2025
2025-10-18,P004,Office Chair,Furniture,169.91,No,0.0,22,3738.05,4024.44,2981.56,4192.37,10,5,42,2025
2025-10-19,P004,Office Chair,Furniture,178.91,No,0.0,23,4114.9,3738.05,6250.08,4300.44,10,6,42,2025
2025-10-20,P004,Office Chair,Furniture,181.25,No,0.0,21,3806.33,4114.9,4170.91,3995.414285714286,10,0,43,2025
2025-10-21,P004,Office Chair,Furniture,185.45,No,0.0,24,4450.84,3806.33,5447.73,3943.3314285714287,10,1,43,2025
2025-10-22,P004,Office Chair,Furniture,178.02,No,,25,4450.61,4450.84,3707.96,3800.9185714285713,10,2,43,2025
2025-10-23,P004,Office Chair,Furniture,193.0,No,0.0,22,4245.98,4450.61,2763.91,3907.011428571429,10,3,43,2025
2025-10-24,P004,Office Chair,Furniture,171.89,No,0.0,23,3953.5,4245.98,4024.44,4118.7357142857145,10,4,43,2025
2025-10-25,P004,Office Chair,Furniture,184.02,No,0.0,16,2944.38,3953.5,3738.05,4108.601428571428,10,5,43,2025
2025-10-26,P004,Office Chair,Furniture,170.68,No,0.0,34,5803.25,2944.38,4114.9,3995.2200000000003,10,6,43,2025
2025-10-27,P004,Office Chair,Furniture,169.81,Yes,0.171,30,4221.61,5803.25,3806.33,4236.412857142857,10,0,44,2025
2025-10-28,P004,Office Chair,Furniture,174.64,No,0.0,24,4191.43,4221.61,4450.84,4295.738571428571,10,1,44,2025
2025-10-29,P004,Office Chair,Furniture,185.53,Yes,0.11,16,2641.93,4191.43,4450.61,4258.679999999999,10,2,44,2025
2025-10-30,P004,Office Chair,Furniture,182.92,Yes,0.173,21,3175.07,2641.93,4245.98,4000.2971428571427,10,3,44,2025
2025-10-31,P004,Office Chair,Furniture,183.03,Yes,0.179,23,3454.53,3175.07,3953.5,3847.31,10,4,44,2025
2025-11-01,P004,Office Chair,Furniture,186.31,No,0.0,28,5216.56,3454.53,2944.38,3776.0285714285715,11,5,44,2025
2025-11-02,P004,Office Chair,Furniture,185.57,No,0.0,33,6123.76,5216.56,5803.25,4100.625714285714,11,6,44,2025
2025-11-03,P004,Office Chair,Furniture,181.27,Yes,0.16,30,4568.63,6123.76,4221.61,4146.412857142857,11,0,45,2025
2025-11-04,P004,Office Chair,Furniture,188.13,No,0.0,16,3010.12,4568.63,4191.43,4195.987142857143,11,1,45,2025
2025-11-05,P004,Office Chair,Furniture,171.81,No,0.0,24,4123.46,3010.12,2641.93,4027.2285714285717,11,2,45,2025
2025-11-06,P004,Office Chair,Furniture,186.79,No,0.0,26,4856.6,4123.46,3175.07,4238.875714285715,11,3,45,2025
2025-11-07,P004,Office Chair,Furniture,180.4,No,0.0,29,5231.51,4856.6,3454.53,4479.094285714286,11,4,45,2025
2025-11-08,P004,Office Chair,Furniture,182.11,Yes,0.202,42,6100.43,5231.51,5216.56,4732.948571428571,11,5,45,2025
2025-11-09,P004,Office Chair,Furniture,171.52,No,0.0,20,3430.41,6100.43,6123.76,4859.215714285715,11,6,45,2025
2025-11-10,P004,Office Chair,Furniture,181.54,No,0.0,25,4538.51,3430.41,4568.63,4474.451428571429,11,0,46,2025
2025-11-11,P004,Office Chair,Furniture,167.53,No,0.0,27,4523.23,4538.51,3010.12,4470.148571428572,11,1,46,2025
2025-11-12,P004,Office Chair,Furniture,181.82,No,0.0,24,4363.58,4523.23,4123.46,4686.307142857143,11,2,46,2025
2025-11-13,P004,Office Chair,Furniture,184.81,No,0.0,23,4250.66,4363.58,4856.6,4720.610000000001,11,3,46,2025
2025-11-14,P004,Office Chair,Furniture,175.23,No,0.0,24,4205.63,4250.66,5231.51,4634.047142857143,11,4,46,2025
2025-11-15,P004,Office Chair,Furniture,178.82,No,0.0,24,4291.78,4205.63,6100.43,4487.492857142857,11,5,46,2025
2025-11-16,P004,Office Chair,Furniture,175.27,No,0.0,33,5784.07,4291.78,3430.41,4229.114285714286,11,6,46,2025
2025-11-17,P004,Office Chair,Furniture,189.75,No,0.0,28,5312.97,5784.07,4538.51,4565.351428571428,11,0,47,2025
2025-11-18,P004,Office Chair,Furniture,180.81,Yes,0.098,40,6525.36,5312.97,4523.23,4675.988571428571,11,1,47,2025
2025-11-19,P004,Office Chair,Furniture,183.46,No,0.0,27,4953.51,6525.36,4363.58,4962.007142857142,11,2,47,2025
2025-11-20,P004,Office Chair,Furniture,173.99,No,0.0,28,4871.61,4953.51,4250.66,5046.282857142857,11,3,47,2025
2025-11-21,P004,Office Chair,Furniture,179.77,No,0.0,23,4134.64,4871.61,4205.63,5134.99,11,4,47,2025
2025-11-22,P004,Office Chair,Furniture,189.59,No,0.0,32,6066.85,4134.64,4291.78,5124.848571428572,11,5,47,2025
2025-11-23,P004,Office Chair,Furniture,189.26,No,0.0,21,3974.42,6066.85,5784.07,5378.43,11,6,47,2025
2025-11-24,P004,Office Chair,Furniture,177.41,No,0.0,17,3015.89,3974.42,5312.97,5119.908571428571,11,0,48,2025
2025-11-25,P004,Office Chair,Furniture,176.15,Yes,0.192,31,4412.62,3015.89,6525.36,4791.754285714285,11,1,48,2025
2025-11-26,P004,Office Chair,Furniture,177.89,No,0.0,18,3202.08,4412.62,4953.51,4489.934285714286,11,2,48,2025
2025-11-27,P004,Office Chair,Furniture,186.29,Yes,0.15,31,4907.42,3202.08,4871.61,4239.7300000000005,11,3,48,2025
2025-11-28,P004,Office Chair,Furniture,168.76,No,0.0,22,3712.68,4907.42,4134.64,4244.845714285714,11,4,48,2025
2025-11-29,P004,Office Chair,Furniture,172.59,No,0.0,29,5005.19,3712.68,6066.85,4184.565714285714,11,5,48,2025
2025-11-30,P004,Office Chair,Furniture,184.63,No,0.0,27,4985.14,5005.19,3974.42,4032.899999999999,11,6,48,2025
2025-12-01,P004,Office Chair,Furniture,179.78,Yes,0.238,33,4519.61,4985.14,3015.89,4177.288571428571,12,0,49,2025
2025-12-02,P004,Office Chair,Furniture,176.28,No,0.0,15,2644.21,4519.61,4412.62,4392.105714285714,12,1,49,2025
2025-12-03,P004,Office Chair,Furniture,176.81,No,0.0,19,3359.31,2644.21,3202.08,4139.475714285714,12,2,49,2025
2025-12-04,P004,Office Chair,Furniture,181.8,No,0.0,31,5635.71,3359.31,4907.42,4161.937142857142,12,3,49,2025
2025-12-05,P004,Office Chair,Furniture,179.19,No,0.0,18,3225.46,5635.71,3712.68,4265.978571428571,12,4,49,2025
2025-12-06,P004,Office Chair,Furniture,175.06,No,0.0,28,4901.78,3225.46,5005.19,4196.375714285715,12,5,49,2025
2025-12-07,P004,Office Chair,Furniture,176.73,No,0.0,40,7069.02,4901.78,4985.14,4181.602857142857,12,6,49,2025
2025-12-08,P004,Office Chair,Furniture,181.69,No,0.0,25,4542.35,7069.02,4519.61,4479.3,12,0,50,2025
2025-12-09,P004,Office Chair,Furniture,186.45,No,0.0,31,5779.99,4542.35,2644.21,4482.5485714285705,12,1,50,2025
2025-12-10,P004,Office Chair,Furniture,177.87,Yes,0.082,31,5063.74,5779.99,3359.31,4930.517142857142,12,2,50,2025
2025-12-11,P004,Office Chair,Furniture,189.58,No,0.0,31,5876.98,5063.74,5635.71,5174.007142857144,12,3,50,2025
2025-12-12,P004,Office Chair,Furniture,177.62,No,0.0,20,3552.33,5876.98,3225.46,5208.4742857142855,12,4,50,2025
2025-12-13,P004,Office Chair,Furniture,176.83,No,0.0,31,5481.68,3552.33,4901.78,5255.17,12,5,50,2025
2025-12-14,P004,Office Chair,Furniture,188.71,No,0.0,26,4906.39,5481.68,7069.02,5338.012857142857,12,6,50,2025
2025-12-15,P004,Office Chair,Furniture,185.31,No,0.0,20,3706.1,4906.39,4542.35,5029.065714285714,12,0,51,2025
2025-12-16,P004,Office Chair,Furniture,187.13,No,0.0,24,4491.11,3706.1,5779.99,4909.601428571428,12,1,51,2025
2025-12-17,P004,Office Chair,Furniture,178.29,Yes,0.072,45,7446.82,4491.11,5063.74,4725.475714285714,12,2,51,2025
2025-12-18,P004,Office Chair,Furniture,183.83,No,0.0,18,3308.94,7446.82,5876.98,5065.915714285715,12,3,51,2025
2025-12-19,P004,Office Chair,Furniture,177.88,No,0.0,27,4802.8,3308.94,3552.33,4699.052857142857,12,4,51,2025
2025-12-20,P004,Office Chair,Furniture,180.83,Yes,0.082,47,7805.9,4802.8,5481.68,4877.691428571428,12,5,51,2025
2025-12-21,P004,Office Chair,Furniture,185.34,No,0.0,36,6672.35,7805.9,4906.39,5209.722857142857,12,6,51,2025
2025-12-22,P004,Office Chair,Furniture,175.89,No,0.0,32,5628.42,6672.35,3706.1,5462.0028571428575,12,0,52,2025
2025-12-23,P004,Office Chair,Furniture,183.97,No,0.0,43,7910.62,5628.42,4491.11,5736.620000000001,12,1,52,2025
2025-12-24,P004,Office Chair,Furniture,176.1,Yes,0.234,50,6741.58,7910.62,7446.82,6225.121428571429,12,2,52,2025
2025-12-25,P004,Office Chair,Furniture,181.66,No,0.0,24,4359.81,6741.58,3308.94,6124.372857142857,12,3,52,2025
2025-12-26,P004,Office Chair,Furniture,175.64,No,0.0,28,4918.02,4359.81,4802.8,6274.4971428571425,12,4,52,2025
2025-12-27,P004,Office Chair,Furniture,185.56,No,0.0,57,10577.14,4918.02,7805.9,6290.957142857143,12,5,52,2025
2025-12-28,P004,Office Chair,Furniture,178.03,No,0.0,42,7477.29,10577.14,6672.35,6686.848571428572,12,6,52,2025
2025-12-29,P004,Office Chair,Furniture,178.82,Yes,0.059,36,6059.75,7477.29,5628.42,6801.839999999999,12,0,1,2025
2025-12-30,P004,Office Chair,Furniture,178.19,No,0.0,27,4811.11,6059.75,7910.62,6863.458571428571,12,1,1,2025
2025-12-31,P004,Office Chair,Furniture,188.93,No,0.0,38,7179.21,4811.11,6741.58,6420.671428571429,12,2,1,2025
2023-01-08,P005,Desk,Furniture,244.15,No,0.0,16,3906.43,5962.25,4596.63,4326.08,1,6,1,2023
2023-01-09,P005,Desk,Furniture,238.39,Yes,0.111,20,4236.52,3906.43,5189.82,4227.48,1,0,2,2023
2023-01-10,P005,Desk,Furniture,244.55,No,0.0,10,2445.54,4236.52,4273.98,4091.2942857142853,1,1,2,2023
2023-01-11,P005,Desk,Furniture,247.35,No,0.0,19,4699.6,2445.54,3663.27,3830.0885714285714,1,2,2,2023
2023-01-12,P005,Desk,Furniture,241.24,No,0.0,20,4824.89,4699.6,3885.02,3978.1357142857146,1,3,2,2023
2023-01-13,P005,Desk,Furniture,237.93,No,0.0,17,4044.85,4824.89,2711.59,4112.402857142857,1,4,2,2023
2023-01-14,P005,Desk,Furniture,233.65,No,0.0,16,3738.45,4044.85,5962.25,4302.868571428572,1,5,2,2023
2023-01-15,P005,Desk,Furniture,239.46,Yes,0.24,38,6916.57,3738.45,3906.43,3985.1828571428573,1,6,2,2023
2023-01-16,P005,Desk,Furniture,223.78,No,0.0,16,3580.49,6916.57,4236.52,4415.202857142857,1,0,3,2023
2023-01-17,P005,Desk,Furniture,225.17,No,0.0,21,4728.49,3580.49,2445.54,4321.484285714286,1,1,3,2023
2023-01-18,P005,Desk,Furniture,240.84,No,0.0,11,2649.27,4728.49,4699.6,4647.62,1,2,3,2023
2023-01-19,P005,Desk,Furniture,245.25,No,0.0,15,3678.81,2649.27,4824.89,4354.715714285714,1,3,3,2023
2023-01-20,P005,Desk,Furniture,240.79,No,0.0,16,3852.63,3678.81,4044.85,4190.99,1,4,3,2023
2023-01-21,P005,Desk,Furniture,233.06,No,0.0,21,4894.22,3852.63,3738.45,4163.53,1,5,3,2023
2023-01-22,P005,Desk,Furniture,239.61,No,0.0,20,4792.18,4894.22,6916.57,4328.64,1,6,3,2023
2023-01-23,P005,Desk,Furniture,235.74,No,0.0,16,3771.79,4792.18,3580.49,4025.155714285714,1,0,4,2023
2023-01-24,P005,Desk,Furniture,248.83,No,0.0,16,3981.23,3771.79,4728.49,4052.4842857142858,1,1,4,2023
2023-01-25,P005,Desk,Furniture,221.73,No,0.0,22,4878.16,3981.23,2649.27,3945.7328571428575,1,2,4,2023
2023-01-26,P005,Desk,Furniture,239.62,No,0.0,12,2875.42,4878.16,3678.81,4264.145714285714,1,3,4,2023
2023-01-27,P005,Desk,Furniture,227.43,No,0.0,10,2274.3,2875.42,3852.63,4149.375714285714,1,4,4,2023
2023-01-28,P005,Desk,Furniture,245.85,Yes,0.095,23,5117.75,2274.3,4894.22,3923.9000000000005,1,5,4,2023
2023-01-29,P005,Desk,Furniture,250.37,No,0.0,19,4757.11,5117.75,4792.18,3955.8328571428574,1,6,4,2023
2023-01-30,P005,Desk,Furniture,243.46,No,0.0,17,4138.81,4757.11,3771.79,3950.8228571428576,1,0,5,2023
2023-01-31,P005,Desk,Furniture,253.59,No,0.0,13,3296.68,4138.81,3981.23,4003.2542857142857,1,1,5,2023
2023-02-01,P005,Desk,Furniture,243.68,No,0.0,9,2193.11,3296.68,4878.16,3905.4614285714283,2,2,5,2023
2023-02-02,P005,Desk,Furniture,258.74,Yes,0.221,27,5440.12,2193.11,2875.42,3521.882857142857,2,3,5,2023
2023-02-03,P005,Desk,Furniture,235.73,No,0.0,18,4243.16,5440.12,2274.3,3888.2685714285717,2,4,5,2023
2023-02-04,P005,Desk,Furniture,237.24,Yes,0.111,22,4639.63,4243.16,5117.75,4169.534285714285,2,5,5,2023
2023-02-05,P005,Desk,Furniture,243.94,No,0.0,11,2683.29,4639.63,4757.11,4101.231428571428,2,6,5,2023
2023-02-06,P005,Desk,Furniture,250.04,No,0.0,12,3000.52,2683.29,4138.81,3804.971428571429,2,0,6,2023
2023-02-07,P005,Desk,Furniture,229.88,No,0.0,13,2988.44,3000.52,3296.68,3642.358571428572,2,1,6,2023
2023-02-08,P005,Desk,Furniture,247.66,No,0.0,19,4705.57,2988.44,2193.11,3598.324285714286,2,2,6,2023
2023-02-09,P005,Desk,Furniture,242.25,Yes,0.194,32,6247.36,4705.57,5440.12,3957.247142857143,2,3,6,2023
2023-02-10,P005,Desk,Furniture,233.16,No,0.0,21,4896.31,6247.36,4243.16,4072.567142857143,2,4,6,2023
2023-02-11,P005,Desk,Furniture,239.07,Yes,0.128,27,5631.06,4896.31,4639.63,4165.874285714286,2,5,6,2023
2023-02-12,P005,Desk,Furniture,226.2,No,0.0,20,4523.99,5631.06,2683.29,4307.507142857143,2,6,6,2023
2023-02-13,P005,Desk,Furniture,243.84,No,0.0,14,3413.69,4523.99,3000.52,4570.464285714285,2,0,7,2023
2023-02-14,P005,Desk,Furniture,244.39,Yes,0.19,19,3759.83,3413.69,2988.44,4629.488571428571,2,1,7,2023
2023-02-15,P005,Desk,Furniture,237.94,No,0.0,18,4282.95,3759.83,4705.57,4739.687142857142,2,2,7,2023
2023-02-16,P005,Desk,Furniture,242.42,No,0.0,18,4363.51,4282.95,6247.36,4679.312857142858,2,3,7,2023
2023-02-17,P005,Desk,Furniture,235.67,No,0.0,20,4713.42,4363.51,4896.31,4410.191428571428,2,4,7,2023
2023-02-18,P005,Desk,Furniture,246.69,Yes,0.105,18,3974.85,4713.42,5631.06,4384.064285714286,2,5,7,2023
2023-02-19,P005,Desk,Furniture,251.54,Yes,0.15,34,7268.64,3974.85,4523.99,4147.4628571428575,2,6,7,2023
2023-02-20,P005,Desk,Furniture,219.8,No,0.0,18,3956.31,7268.64,3413.69,4539.555714285714,2,0,8,2023
2023-02-21,P005,Desk,Furniture,242.33,No,0.0,25,6058.3,3956.31,3759.83,4617.072857142857,2,1,8,2023
2023-02-22,P005,Desk,Furniture,250.57,No,0.0,12,3006.89,6058.3,4282.95,4945.425714285714,2,2,8,2023
2023-02-23,P005,Desk,Furniture,238.96,No,0.0,26,6213.04,3006.89,4363.51,4763.13142857143,2,3,8,2023
2023-02-24,P005,Desk,Furniture,233.93,Yes,0.124,18,3690.59,6213.04,4713.42,5027.349999999999,2,4,8,2023
2023-02-25,P005,Desk,Furniture,261.19,No,0.0,12,3134.31,3690.59,3974.85,4881.231428571429,2,5,8,2023
2023-02-26,P005,Desk,Furniture,247.83,No,0.0,16,3965.3,3134.31,7268.64,4761.154285714286,2,6,8,2023
2023-02-27,P005,Desk,Furniture,238.92,No,0.0,16,3822.64,3965.3,3956.31,4289.248571428571,2,0,9,2023
2023-02-28,P005,Desk,Furniture,235.47,No,0.0,22,5180.41,3822.64,6058.3,4270.152857142857,2,1,9,2023
2023-03-01,P005,Desk,Furniture,240.62,No,0.0,29,6977.85,5180.41,3006.89,4144.74,3,2,9,2023
2023-03-02,P005,Desk,Furniture,254.08,No,0.0,17,4319.43,6977.85,6213.04,4712.0199999999995,3,3,9,2023
2023-03-03,P005,Desk,Furniture,245.0,No,0.0,18,4410.04,4319.43,3690.59,4441.504285714285,3,4,9,2023
2023-03-04,P005,Desk,Furniture,250.49,No,0.0,15,3757.32,4410.04,3134.31,4544.282857142857,3,5,9,2023
2023-03-05,P005,Desk,Furniture,248.7,No,0.0,14,3481.73,3757.32,3965.3,4633.284285714285,3,6,9,2023
2023-03-06,P005,Desk,Furniture,247.93,No,0.0,20,4958.64,3481.73,3822.64,4564.202857142857,3,0,10,2023
2023-03-07,P005,Desk,Furniture,232.25,No,0.0,13,3019.26,4958.64,5180.41,4726.488571428571,3,1,10,2023
2023-03-08,P005,Desk,Furniture,244.09,Yes,0.216,18,3446.58,3019.26,6977.85,4417.7528571428575,3,2,10,2023
2023-03-09,P005,Desk,Furniture,248.88,Yes,0.096,23,5174.95,3446.58,4319.43,3913.285714285714,3,3,10,2023
2023-03-10,P005,Desk,Furniture,236.97,Yes,0.137,13,2659.43,5174.95,4410.04,4035.5028571428566,3,4,10,2023
2023-03-11,P005,Desk,Furniture,234.02,No,0.0,21,4914.39,2659.43,3757.32,3785.4157142857143,3,5,10,2023
2023-03-12,P005,Desk,Furniture,255.79,Yes,0.109,22,5015.76,4914.39,3481.73,3950.711428571429,3,6,10,2023
2023-03-13,P005,Desk,Furniture,239.11,No,0.0,19,4543.18,5015.76,4958.64,4169.858571428571,3,0,11,2023
2023-03-14,P005,Desk,Furniture,238.42,No,0.0,17,4053.13,4543.18,3019.26,4110.507142857143,3,1,11,2023
2023-03-15,P005,Desk,Furniture,245.68,No,0.0,28,6879.04,4053.13,3446.58,4258.202857142857,3,2,11,2023
2023-03-16,P005,Desk,Furniture,237.42,No,0.0,14,3323.85,6879.04,5174.95,4748.5542857142855,3,3,11,2023
2023-03-17,P005,Desk,Furniture,223.87,Yes,0.213,24,4229.37,3323.85,2659.43,4484.111428571429,3,4,11,2023
2023-03-18,P005,Desk,Furniture,238.47,No,0.0,21,5007.84,4229.37,4914.39,4708.388571428572,3,5,11,2023
2023-03-19,P005,Desk,Furniture,240.26,Yes,0.243,24,4362.86,5007.84,5015.76,4721.738571428571,3,6,11,2023
2023-03-20,P005,Desk,Furniture,251.56,Yes,0.059,28,6630.29,4362.86,4543.18,4628.467142857143,3,0,12,2023
2023-03-21,P005,Desk,Furniture,236.53,Yes,0.22,25,4610.94,6630.29,4053.13,4926.625714285714,3,1,12,2023
2023-03-22,P005,Desk,Furniture,237.53,No,0.0,11,2612.85,4610.94,6879.04,5006.312857142856,3,2,12,2023
2023-03-23,P005,Desk,Furniture,235.39,No,0.0,23,5413.9,2612.85,3323.85,4396.857142857142,3,3,12,2023
2023-03-24,P005,Desk,Furniture,249.92,No,0.0,16,3998.66,5413.9,4229.37,4695.435714285713,3,4,12,2023
2023-03-25,P005,Desk,Furniture,253.12,No,0.0,16,4049.92,3998.66,5007.84,4662.477142857142,3,5,12,2023
2023-03-26,P005,Desk,Furniture,255.43,No,0.0,17,4342.26,4049.92,4362.86,4525.631428571428,3,6,12,2023
2023-03-27,P005,Desk,Furniture,241.15,Yes,0.05,32,7328.5,4342.26,6630.29,4522.688571428572,3,0,13,2023
2023-03-28,P005,Desk,Furniture,220.28,Yes,0.103,23,4543.56,7328.5,4610.94,4622.432857142857,3,1,13,2023
2023-03-29,P005,Desk,Furniture,236.47,No,0.0,10,2364.67,4543.56,2612.85,4612.807142857143,3,2,13,2023
2023-03-30,P005,Desk,Furniture,231.17,Yes,0.084,27,5719.95,2364.67,5413.9,4577.352857142857,3,3,13,2023
2023-03-31,P005,Desk,Furniture,247.11,No,0.0,19,4695.02,5719.95,3998.66,4621.074285714285,3,4,13,2023
2023-04-01,P005,Desk,Furniture,224.22,No,0.0,18,4035.99,4695.02,4049.92,4720.554285714286,4,5,13,2023
2023-04-02,P005,Desk,Furniture,234.68,No,0.0,24,5632.28,4035.99,4342.26,4718.564285714286,4,6,13,2023
2023-04-03,P005,Desk,Furniture,237.25,No,0.0,16,3796.0,5632.28,7328.5,4902.852857142857,4,0,14,2023
2023-04-04,P005,Desk,Furniture,247.39,No,0.0,13,3216.12,3796.0,4543.56,4398.21,4,1,14,2023
2023-04-05,P005,Desk,Furniture,231.74,No,0.0,15,3476.16,3216.12,2364.67,4208.575714285714,4,2,14,2023
2023-04-06,P005,Desk,Furniture,228.58,No,0.0,16,3657.35,3476.16,5719.95,4367.36,4,3,14,2023
2023-04-07,P005,Desk,Furniture,249.06,No,0.0,18,4483.13,3657.35,4695.02,4072.7028571428573,4,4,14,2023
2023-04-08,P005,Desk,Furniture,229.48,No,0.0,29,6655.02,4483.13,4035.99,4042.432857142857,4,5,14,2023
2023-04-09,P005,Desk,Furniture,239.38,No,0.0,25,5984.58,6655.02,5632.28,4416.58,4,6,14,2023
2023-04-10,P005,Desk,Furniture,228.83,No,0.0,19,4347.69,5984.58,3796.0,4466.908571428571,4,0,15,2023
2023-04-11,P005,Desk,Furniture,246.79,No,0.0,23,5676.13,4347.69,3216.12,4545.721428571428,4,1,15,2023
2023-04-12,P005,Desk,Furniture,224.5,No,0.0,19,4265.56,5676.13,3476.16,4897.151428571428,4,2,15,2023
2023-04-13,P005,Desk,Furniture,224.0,No,0.0,18,4032.05,4265.56,3657.35,5009.922857142857,4,3,15,2023
2023-04-14,P005,Desk,Furniture,242.79,No,0.0,20,4855.8,4032.05,4483.13,5063.4514285714295,4,4,15,2023
2023-04-15,P005,Desk,Furniture,242.9,No,0.0,24,5829.59,4855.8,6655.02,5116.6900000000005,4,5,15,2023
2023-04-16,P005,Desk,Furniture,248.73,No,0.0,16,3979.7,5829.59,5984.58,4998.771428571429,4,6,15,2023
2023-04-17,P005,Desk,Furniture,238.55,No,0.0,14,3339.76,3979.7,4347.69,4712.360000000001,4,0,16,2023
2023-04-18,P005,Desk,Furniture,218.63,No,0.0,19,4153.92,3339.76,5676.13,4568.370000000001,4,1,16,2023
2023-04-19,P005,Desk,Furniture,241.97,No,0.0,20,4839.44,4153.92,4265.56,4350.911428571429,4,2,16,2023
2023-04-20,P005,Desk,Furniture,239.99,No,0.0,22,5279.85,4839.44,4032.05,4432.894285714286,4,3,16,2023
2023-04-21,P005,Desk,Furniture,236.26,No,0.0,16,3780.16,5279.85,4855.8,4611.151428571428,4,4,16,2023
2023-04-22,P005,Desk,Furniture,241.18,No,0.0,20,4823.6,3780.16,5829.59,4457.488571428572,4,5,16,2023
2023-04-23,P005,Desk,Furniture,246.24,No,0.0,26,6402.15,4823.6,3979.7,4313.7757142857145,4,6,16,2023
2023-04-24,P005,Desk,Furniture,234.24,No,0.0,14,3279.34,6402.15,3339.76,4659.84,4,0,17,2023
2023-04-25,P005,Desk,Furniture,230.32,No,0.0,19,4376.13,3279.34,4153.92,4651.208571428572,4,1,17,2023
2023-04-26,P005,Desk,Furniture,248.04,No,0.0,18,4464.73,4376.13,4839.44,4682.952857142857,4,2,17,2023
2023-04-27,P005,Desk,Furniture,243.03,No,0.0,22,5346.55,4464.73,5279.85,4629.422857142857,4,3,17,2023
2023-04-28,P005,Desk,Furniture,228.0,Yes,0.054,26,5608.04,5346.55,3780.16,4638.951428571429,4,4,17,2023
2023-04-29,P005,Desk,Furniture,259.89,No,0.0,21,5457.68,5608.04,4823.6,4900.077142857143,4,5,17,2023
2023-04-30,P005,Desk,Furniture,233.27,No,0.0,20,4665.31,5457.68,6402.15,4990.660000000001,4,6,17,2023
2023-05-01,P005,Desk,Furniture,243.61,No,0.0,16,3897.83,4665.31,3279.34,4742.54,5,0,18,2023
2023-05-02,P005,Desk,Furniture,232.72,No,0.0,20,4654.46,3897.83,4376.13,4830.895714285713,5,1,18,2023
2023-05-03,P005,Desk,Furniture,249.57,Yes,0.189,18,3641.95,4654.46,4464.73,4870.657142857143,5,2,18,2023
2023-05-04,P005,Desk,Furniture,224.85,No,0.0,20,4497.05,3641.95,5346.55,4753.117142857142,5,3,18,2023
2023-05-05,P005,Desk,Furniture,228.44,No,0.0,18,4111.89,4497.05,5608.04,4631.76,5,4,18,2023
2023-05-06,P005,Desk,Furniture,235.71,Yes,0.1,33,6997.96,4111.89,5457.68,4418.024285714286,5,5,18,2023
2023-05-07,P005,Desk,Furniture,247.93,No,0.0,17,4214.86,6997.96,4665.31,4638.064285714286,5,6,18,2023
2023-05-08,P005,Desk,Furniture,235.79,No,0.0,9,2122.09,4214.86,3897.83,4573.714285714285,5,0,19,2023
2023-05-09,P005,Desk,Furniture,259.44,Yes,0.088,23,5442.05,2122.09,4654.46,4320.0371428571425,5,1,19,2023
2023-05-10,P005,Desk,Furniture,251.64,No,0.0,10,2516.37,5442.05,3641.95,4432.55,5,2,19,2023
2023-05-11,P005,Desk,Furniture,244.81,Yes,0.241,25,4646.97,2516.37,4497.05,4271.7528571428575,5,3,19,2023
2023-05-12,P005,Desk,Furniture,238.97,No,0.0,27,6452.21,4646.97,4111.89,4293.17,5,4,19,2023
2023-05-13,P005,Desk,Furniture,246.8,No,0.0,25,6169.91,6452.21,6997.96,4627.501428571429,5,5,19,2023
2023-05-14,P005,Desk,Furniture,230.85,No,0.0,23,5309.47,6169.91,4214.86,4509.208571428572,5,6,19,2023
2023-05-15,P005,Desk,Furniture,245.84,No,0.0,13,3195.9,5309.47,2122.09,4665.581428571429,5,0,20,2023
2023-05-16,P005,Desk,Furniture,245.57,No,0.0,24,5893.67,3195.9,5442.05,4818.982857142858,5,1,20,2023
2023-05-17,P005,Desk,Furniture,246.55,Yes,0.053,14,3267.12,5893.67,2516.37,4883.5,5,2,20,2023
2023-05-18,P005,Desk,Furniture,234.84,No,0.0,17,3992.33,3267.12,4646.97,4990.75,5,3,20,2023
2023-05-19,P005,Desk,Furniture,243.41,Yes,0.062,26,5934.19,3992.33,6452.21,4897.2300000000005,5,4,20,2023
2023-05-20,P005,Desk,Furniture,225.96,No,0.0,24,5423.09,5934.19,6169.91,4823.227142857142,5,5,20,2023
2023-05-21,P005,Desk,Furniture,225.14,No,0.0,17,3827.38,5423.09,5309.47,4716.538571428571,5,6,20,2023
2023-05-22,P005,Desk,Furniture,237.07,No,0.0,22,5215.46,3827.38,3195.9,4504.811428571428,5,0,21,2023
2023-05-23,P005,Desk,Furniture,241.35,No,0.0,18,4344.3,5215.46,5893.67,4793.32,5,1,21,2023
2023-05-24,P005,Desk,Furniture,257.6,Yes,0.129,24,5383.44,4344.3,3267.12,4571.981428571429,5,2,21,2023
2023-05-25,P005,Desk,Furniture,237.65,No,0.0,22,5228.37,5383.44,3992.33,4874.312857142858,5,3,21,2023
2023-05-26,P005,Desk,Furniture,219.37,No,0.0,18,3948.61,5228.37,5934.19,5050.89,5,4,21,2023
2023-05-27,P005,Desk,Furniture,244.57,No,0.0,19,4646.86,3948.61,5423.09,4767.2357142857145,5,5,21,2023
2023-05-28,P005,Desk,Furniture,223.61,No,0.0,22,4919.53,4646.86,3827.38,4656.345714285714,5,6,21,2023
2023-05-29,P005,Desk,Furniture,239.73,No,0.0,17,4075.46,4919.53,5215.46,4812.367142857142,5,0,22,2023
2023-05-30,P005,Desk,Furniture,240.18,Yes,0.096,25,5425.37,4075.46,4344.3,4649.51,5,1,22,2023
2023-05-31,P005,Desk,Furniture,225.01,Yes,0.207,25,4459.47,5425.37,5383.44,4803.948571428571,5,2,22,2023
2023-06-01,P005,Desk,Furniture,239.44,No,0.0,22,5267.72,4459.47,5228.37,4671.952857142857,6,3,22,2023
2023-06-02,P005,Desk,Furniture,241.83,Yes,0.12,18,3831.06,5267.72,3948.61,4677.574285714286,6,4,22,2023
2023-06-03,P005,Desk,Furniture,254.23,No,0.0,24,6101.53,3831.06,4646.86,4660.7814285714285,6,5,22,2023
2023-06-04,P005,Desk,Furniture,232.37,No,0.0,22,5112.05,6101.53,4919.53,4868.591428571429,6,6,22,2023
2023-06-05,P005,Desk,Furniture,240.42,No,0.0,20,4808.39,5112.05,4075.46,4896.094285714286,6,0,23,2023
2023-06-06,P005,Desk,Furniture,235.26,Yes,0.09,33,7061.38,4808.39,5425.37,5000.798571428572,6,1,23,2023
2023-06-07,P005,Desk,Furniture,239.12,No,0.0,26,6217.14,7061.38,4459.47,5234.5142857142855,6,2,23,2023
2023-06-08,P005,Desk,Furniture,230.91,No,0.0,20,4618.16,6217.14,5267.72,5485.61,6,3,23,2023
2023-06-09,P005,Desk,Furniture,225.0,No,0.0,20,4499.9,4618.16,3831.06,5392.815714285714,6,4,23,2023
2023-06-10,P005,Desk,Furniture,243.81,No,0.0,20,4876.1,4499.9,6101.53,5488.364285714286,6,5,23,2023
2023-06-11,P005,Desk,Furniture,229.71,No,0.0,17,3905.05,4876.1,5112.05,5313.302857142858,6,6,23,2023
2023-06-12,P005,Desk,Furniture,256.57,Yes,0.218,23,4617.33,3905.05,4808.39,5140.874285714286,6,0,24,2023
2023-06-13,P005,Desk,Furniture,247.21,No,0.0,16,3955.29,4617.33,7061.38,5113.580000000001,6,1,24,2023
2023-06-14,P005,Desk,Furniture,241.56,Yes,0.178,26,5165.57,3955.29,6217.14,4669.852857142857,6,2,24,2023
2023-06-15,P005,Desk,Furniture,236.37,No,0.0,23,5436.55,5165.57,4618.16,4519.628571428571,6,3,24,2023
2023-06-16,P005,Desk,Furniture,245.39,Yes,0.103,18,3963.68,5436.55,4499.9,4636.541428571428,6,4,24,2023
2023-06-17,P005,Desk,Furniture,249.63,No,0.0,27,6739.95,3963.68,4876.1,4559.938571428572,6,5,24,2023
2023-06-18,P005,Desk,Furniture,240.32,Yes,0.175,32,6342.81,6739.95,3905.05,4826.202857142857,6,6,24,2023
2023-06-19,P005,Desk,Furniture,251.62,No,0.0,12,3019.48,6342.81,4617.33,5174.454285714286,6,0,25,2023
2023-06-20,P005,Desk,Furniture,248.8,No,0.0,16,3980.73,3019.48,3955.29,4946.1900000000005,6,1,25,2023
2023-06-21,P005,Desk,Furniture,240.55,No,0.0,20,4810.99,3980.73,5165.57,4949.824285714286,6,2,25,2023
2023-06-22,P005,Desk,Furniture,246.86,No,0.0,16,3949.69,4810.99,5436.55,4899.17,6,3,25,2023
2023-06-23,P005,Desk,Furniture,240.1,No,0.0,20,4802.03,3949.69,3963.68,4686.761428571429,6,4,25,2023
2023-06-24,P005,Desk,Furniture,244.16,Yes,0.179,31,6217.52,4802.03,6739.95,4806.5257142857145,6,5,25,2023
2023-06-25,P005,Desk,Furniture,227.07,Yes,0.17,26,4902.39,6217.52,6342.81,4731.892857142857,6,6,25,2023
2023-06-26,P005,Desk,Furniture,235.42,No,0.0,14,3295.82,4902.39,3019.48,4526.118571428571,6,0,26,2023
2023-06-27,P005,Desk,Furniture,250.2,No,0.0,17,4253.42,3295.82,3980.73,4565.595714285714,6,1,26,2023
2023-06-28,P005,Desk,Furniture,252.01,No,0.0,17,4284.24,4253.42,4810.99,4604.551428571429,6,2,26,2023
2023-06-29,P005,Desk,Furniture,236.55,No,0.0,18,4257.96,4284.24,3949.69,4529.301428571429,6,3,26,2023
2023-06-30,P005,Desk,Furniture,237.2,No,0.0,22,5218.36,4257.96,4802.03,4573.34,6,4,26,2023
2023-07-01,P005,Desk,Furniture,234.36,No,0.0,18,4218.49,5218.36,6217.52,4632.815714285714,7,5,26,2023
2023-07-02,P005,Desk,Furniture,233.37,No,0.0,22,5134.06,4218.49,4902.39,4347.24,7,6,26,2023
2023-07-03,P005,Desk,Furniture,220.25,No,0.0,15,3303.76,5134.06,3295.82,4380.335714285715,7,0,27,2023
2023-07-04,P005,Desk,Furniture,247.86,Yes,0.204,23,4539.42,3303.76,4253.42,4381.47,7,1,27,2023
2023-07-05,P005,Desk,Furniture,245.9,No,0.0,18,4426.25,4539.42,4284.24,4422.327142857143,7,2,27,2023
2023-07-06,P005,Desk,Furniture,258.94,Yes,0.216,27,5482.85,4426.25,4257.96,4442.614285714286,7,3,27,2023
2023-07-07,P005,Desk,Furniture,226.24,No,0.0,24,5429.75,5482.85,5218.36,4617.598571428572,7,4,27,2023
2023-07-08,P005,Desk,Furniture,247.86,No,0.0,14,3469.98,5429.75,4218.49,4647.797142857143,7,5,27,2023
2023-07-09,P005,Desk,Furniture,240.2,No,0.0,19,4563.86,3469.98,5134.06,4540.867142857142,7,6,27,2023
2023-07-10,P005,Desk,Furniture,248.72,No,0.0,14,3482.15,4563.86,3303.76,4459.41,7,0,28,2023
2023-07-11,P005,Desk,Furniture,235.96,Yes,0.209,32,5974.75,3482.15,4539.42,4484.894285714286,7,1,28,2023
2023-07-12,P005,Desk,Furniture,242.15,No,0.0,26,6295.92,5974.75,4426.25,4689.941428571428,7,2,28,2023
2023-07-13,P005,Desk,Furniture,220.48,Yes,0.058,26,5397.11,6295.92,5482.85,4957.0371428571425,7,3,28,2023
2023-07-14,P005,Desk,Furniture,239.05,No,0.0,12,2868.59,5397.11,5429.75,4944.788571428571,7,4,28,2023
2023-07-15,P005,Desk,Furniture,241.12,Yes,0.066,35,7883.64,2868.59,3469.98,4578.908571428571,7,5,28,2023
2023-07-16,P005,Desk,Furniture,239.77,No,0.0,21,5035.15,7883.64,4563.86,5209.431428571429,7,6,28,2023
2023-07-17,P005,Desk,Furniture,242.04,No,0.0,12,2904.44,5035.15,3482.15,5276.7585714285715,7,0,29,2023
2023-07-18,P005,Desk,Furniture,240.35,Yes,0.137,25,5187.28,2904.44,5974.75,5194.228571428571,7,1,29,2023
2023-07-19,P005,Desk,Furniture,233.64,No,0.0,17,3971.84,5187.28,6295.92,5081.732857142857,7,2,29,2023
2023-07-20,P005,Desk,Furniture,238.65,Yes,0.219,22,4102.1,3971.84,5397.11,4749.721428571429,7,3,29,2023
2023-07-21,P005,Desk,Furniture,251.71,No,0.0,20,5034.28,4102.1,2868.59,4564.72,7,4,29,2023
2023-07-22,P005,Desk,Furniture,249.38,No,0.0,25,6234.51,5034.28,7883.64,4874.104285714285,7,5,29,2023
2023-07-23,P005,Desk,Furniture,236.73,No,0.0,19,4497.84,6234.51,5035.15,4638.5142857142855,7,6,29,2023
2023-07-24,P005,Desk,Furniture,255.38,No,0.0,18,4596.81,4497.84,2904.44,4561.755714285714,7,0,30,2023
2023-07-25,P005,Desk,Furniture,242.97,No,0.0,26,6317.26,4596.81,5187.28,4803.522857142858,7,1,30,2023
2023-07-26,P005,Desk,Furniture,242.22,Yes,0.222,31,5845.03,6317.26,3971.84,4964.948571428571,7,2,30,2023
2023-07-27,P005,Desk,Furniture,238.31,No,0.0,22,5242.85,5845.03,4102.1,5232.547142857143,7,3,30,2023
2023-07-28,P005,Desk,Furniture,241.59,Yes,0.089,25,5502.23,5242.85,5034.28,5395.511428571429,7,4,30,2023
2023-07-29,P005,Desk,Furniture,243.78,No,0.0,18,4388.11,5502.23,6234.51,5462.361428571428,7,5,30,2023
2023-07-30,P005,Desk,Furniture,255.35,No,0.0,23,5873.06,4388.11,4497.84,5198.590000000001,7,6,30,2023
2023-07-31,P005,Desk,Furniture,238.88,No,0.0,17,4060.96,5873.06,4596.81,5395.05,7,0,31,2023
2023-08-01,P005,Desk,Furniture,241.37,No,0.0,18,4344.74,4060.96,6317.26,5318.5,8,1,31,2023
2023-08-02,P005,Desk,Furniture,245.68,Yes,0.24,16,2988.24,4344.74,5845.03,5036.711428571429,8,2,31,2023
2023-08-03,P005,Desk,Furniture,247.6,No,0.0,11,2723.59,2988.24,5242.85,4628.598571428572,8,3,31,2023
2023-08-04,P005,Desk,Furniture,250.1,No,0.0,14,3501.34,2723.59,5502.23,4268.704285714286,8,4,31,2023
2023-08-05,P005,Desk,Furniture,246.44,No,0.0,16,3943.05,3501.34,4388.11,3982.862857142857,8,5,31,2023
2023-08-06,P005,Desk,Furniture,240.95,No,0.0,17,4096.13,3943.05,5873.06,3919.282857142857,8,6,31,2023
2023-08-07,P005,Desk,Furniture,237.2,No,0.0,13,3083.63,4096.13,4060.96,3665.4357142857143,8,0,32,2023
2023-08-08,P005,Desk,Furniture,233.54,No,0.0,12,2802.52,3083.63,4344.74,3525.817142857143,8,1,32,2023
2023-08-09,P005,Desk,Furniture,250.31,Yes,0.14,21,4522.66,2802.52,2988.24,3305.5000000000005,8,2,32,2023
2023-08-10,P005,Desk,Furniture,240.22,No,0.0,13,3122.91,4522.66,2723.59,3524.702857142857,8,3,32,2023
2023-08-11,P005,Desk,Furniture,239.93,Yes,0.227,28,5189.7,3122.91,3501.34,3581.7485714285713,8,4,32,2023
2023-08-12,P005,Desk,Furniture,262.97,Yes,0.054,15,3730.78,5189.7,3943.05,3822.942857142857,8,5,32,2023
2023-08-13,P005,Desk,Furniture,227.01,No,0.0,20,4540.18,3730.78,4096.13,3792.6185714285716,8,6,32,2023
2023-08-14,P005,Desk,Furniture,245.0,No,0.0,19,4654.93,4540.18,3083.63,3856.0542857142855,8,0,33,2023
2023-08-15,P005,Desk,Furniture,238.0,No,0.0,11,2617.99,4654.93,2802.52,4080.5257142857145,8,1,33,2023
2023-08-16,P005,Desk,Furniture,238.65,No,0.0,17,4057.12,2617.99,4522.66,4054.1642857142856,8,2,33,2023
2023-08-17,P005,Desk,Furniture,249.32,No,0.0,23,5734.38,4057.12,3122.91,3987.658571428571,8,3,33,2023
2023-08-18,P005,Desk,Furniture,225.16,No,0.0,13,2927.12,5734.38,5189.7,4360.725714285714,8,4,33,2023
2023-08-19,P005,Desk,Furniture,244.43,No,0.0,16,3910.87,2927.12,3730.78,4037.5,8,5,33,2023
2023-08-20,P005,Desk,Furniture,234.86,No,0.0,13,3053.15,3910.87,4540.18,4063.2271428571426,8,6,33,2023
2023-08-21,P005,Desk,Furniture,238.36,No,0.0,10,2383.63,3053.15,4654.93,3850.7942857142853,8,0,34,2023
2023-08-22,P005,Desk,Furniture,233.16,Yes,0.197,19,3558.13,2383.63,2617.99,3526.3228571428567,8,1,34,2023
2023-08-23,P005,Desk,Furniture,238.62,No,0.0,21,5011.04,3558.13,4057.12,3660.628571428572,8,2,34,2023
2023-08-24,P005,Desk,Furniture,240.82,No,0.0,12,2889.86,5011.04,5734.38,3796.902857142857,8,3,34,2023
2023-08-25,P005,Desk,Furniture,210.16,No,0.0,12,2521.91,2889.86,2927.12,3390.542857142857,8,4,34,2023
2023-08-26,P005,Desk,Furniture,233.97,No,0.0,15,3509.53,2521.91,3910.87,3332.655714285714,8,5,34,2023
2023-08-27,P005,Desk,Furniture,254.38,No,0.0,17,4324.43,3509.53,3053.15,3275.321428571429,8,6,34,2023
2023-08-28,P005,Desk,Furniture,228.07,No,0.0,14,3192.96,4324.43,2383.63,3456.9328571428573,8,0,35,2023
2023-08-29,P005,Desk,Furniture,232.77,Yes,0.101,22,4605.26,3192.96,3558.13,3572.5514285714285,8,1,35,2023
2023-08-30,P005,Desk,Furniture,256.57,Yes,0.061,24,5781.88,4605.26,5011.04,3722.141428571428,8,2,35,2023
2023-08-31,P005,Desk,Furniture,249.17,No,0.0,19,4734.19,5781.88,2889.86,3832.2614285714285,8,3,35,2023
2023-09-01,P005,Desk,Furniture,241.0,No,0.0,22,5302.09,4734.19,2521.91,4095.737142857143,9,4,35,2023
2023-09-02,P005,Desk,Furniture,234.37,No,0.0,15,3515.51,5302.09,3509.53,4492.905714285715,9,5,35,2023
2023-09-03,P005,Desk,Furniture,226.58,No,0.0,20,4531.66,3515.51,4324.43,4493.76,9,6,35,2023
2023-09-04,P005,Desk,Furniture,236.34,No,0.0,15,3545.12,4531.66,3192.96,4523.364285714286,9,0,36,2023
2023-09-05,P005,Desk,Furniture,247.25,No,0.0,20,4944.95,3545.12,4605.26,4573.672857142857,9,1,36,2023
2023-09-06,P005,Desk,Furniture,223.41,No,0.0,19,4244.78,4944.95,5781.88,4622.2,9,2,36,2023
2023-09-07,P005,Desk,Furniture,255.15,Yes,0.148,24,5215.08,4244.78,4734.19,4402.614285714286,9,3,36,2023
2023-09-08,P005,Desk,Furniture,236.25,No,0.0,13,3071.3,5215.08,5302.09,4471.312857142858,9,4,36,2023
2023-09-09,P005,Desk,Furniture,237.2,No,0.0,17,4032.42,3071.3,3515.51,4152.628571428571,9,5,36,2023
2023-09-10,P005,Desk,Furniture,248.95,No,0.0,14,3485.34,4032.42,4531.66,4226.472857142857,9,6,36,2023
2023-09-11,P005,Desk,Furniture,234.17,No,0.0,10,2341.66,3485.34,3545.12,4076.9985714285713,9,0,37,2023
2023-09-12,P005,Desk,Furniture,236.44,No,0.0,11,2600.85,2341.66,4944.95,3905.075714285714,9,1,37,2023
2023-09-13,P005,Desk,Furniture,238.36,No,0.0,9,2145.22,2600.85,4244.78,3570.2042857142856,9,2,37,2023
2023-09-14,P005,Desk,Furniture,247.17,No,0.0,18,4449.03,2145.22,5215.08,3270.2671428571434,9,3,37,2023
2023-09-15,P005,Desk,Furniture,245.85,Yes,0.122,20,4319.16,4449.03,3071.3,3160.8314285714287,9,4,37,2023
2023-09-16,P005,Desk,Furniture,234.35,Yes,0.054,22,4875.73,4319.16,4032.42,3339.097142857143,9,5,37,2023
2023-09-17,P005,Desk,Furniture,231.29,Yes,0.232,26,4620.82,4875.73,3485.34,3459.57,9,6,37,2023
2023-09-18,P005,Desk,Furniture,250.88,Yes,0.066,17,3982.59,4620.82,2341.66,3621.781428571429,9,0,38,2023
2023-09-19,P005,Desk,Furniture,247.57,No,0.0,13,3218.42,3982.59,2600.85,3856.2,9,1,38,2023
2023-09-20,P005,Desk,Furniture,251.41,No,0.0,22,5531.02,3218.42,2145.22,3944.4242857142854,9,2,38,2023
2023-09-21,P005,Desk,Furniture,251.46,No,0.0,11,2766.07,5531.02,4449.03,4428.11,9,3,38,2023
2023-09-22,P005,Desk,Furniture,242.15,Yes,0.076,17,3805.4,2766.07,4319.16,4187.687142857142,9,4,38,2023
2023-09-23,P005,Desk,Furniture,235.98,No,0.0,18,4247.56,3805.4,4875.73,4114.292857142857,9,5,38,2023
2023-09-24,P005,Desk,Furniture,230.15,Yes,0.164,24,4618.28,4247.56,4620.82,4024.554285714286,9,6,38,2023
2023-09-25,P005,Desk,Furniture,257.05,No,0.0,13,3341.62,4618.28,3982.59,4024.191428571429,9,0,39,2023
2023-09-26,P005,Desk,Furniture,249.65,Yes,0.095,26,5871.72,3341.62,3218.42,3932.6242857142856,9,1,39,2023
2023-09-27,P005,Desk,Furniture,234.03,No,0.0,24,5616.65,5871.72,5531.02,4311.6671428571435,9,2,39,2023
2023-09-28,P005,Desk,Furniture,239.01,No,0.0,17,4063.09,5616.65,2766.07,4323.900000000001,9,3,39,2023
2023-09-29,P005,Desk,Furniture,241.25,No,0.0,15,3618.72,4063.09,3805.4,4509.188571428572,9,4,39,2023
2023-09-30,P005,Desk,Furniture,224.16,Yes,0.133,24,4662.65,3618.72,4247.56,4482.5199999999995,9,5,39,2023
2023-10-01,P005,Desk,Furniture,235.54,No,0.0,11,2590.89,4662.65,4618.28,4541.818571428571,10,6,39,2023
2023-10-02,P005,Desk,Furniture,245.04,Yes,0.081,22,4954.43,2590.89,3341.62,4252.191428571428,10,0,40,2023
2023-10-03,P005,Desk,Furniture,228.45,No,0.0,17,3883.68,4954.43,5871.72,4482.592857142858,10,1,40,2023
2023-10-04,P005,Desk,Furniture,237.05,No,0.0,14,3318.63,3883.68,5616.65,4198.587142857143,10,2,40,2023
2023-10-05,P005,Desk,Furniture,250.0,No,0.0,17,4250.06,3318.63,4063.09,3870.2985714285714,10,3,40,2023
2023-10-06,P005,Desk,Furniture,245.33,No,0.0,19,4661.34,4250.06,3618.72,3897.0085714285715,10,4,40,2023
2023-10-07,P005,Desk,Furniture,240.14,No,0.0,17,4082.38,4661.34,4662.65,4045.9542857142856,10,5,40,2023
2023-10-08,P005,Desk,Furniture,240.67,No,0.0,16,3850.78,4082.38,2590.89,3963.058571428571,10,6,40,2023
2023-10-09,P005,Desk,Furniture,231.56,No,0.0,16,3705.02,3850.78,4954.43,4143.042857142857,10,0,41,2023
2023-10-10,P005,Desk,Furniture,223.66,No,0.0,12,2683.89,3705.02,3883.68,3964.5557142857147,10,1,41,2023
2023-10-11,P005,Desk,Furniture,245.81,Yes,0.232,17,3209.97,2683.89,3318.63,3793.1571428571433,10,2,41,2023
2023-10-12,P005,Desk,Furniture,244.32,Yes,0.051,19,4404.39,3209.97,4250.06,3777.634285714286,10,3,41,2023
2023-10-13,P005,Desk,Furniture,239.97,No,0.0,13,3119.64,4404.39,4661.34,3799.6814285714286,10,4,41,2023
2023-10-14,P005,Desk,Furniture,240.77,Yes,0.237,25,4591.3,3119.64,4082.38,3579.4385714285713,10,5,41,2023
2023-10-15,P005,Desk,Furniture,245.06,No,0.0,29,7106.64,4591.3,3850.78,3652.141428571428,10,6,41,2023
2023-10-16,P005,Desk,Furniture,242.77,Yes,0.056,29,6643.86,7106.64,3705.02,4117.264285714286,10,0,42,2023
2023-10-17,P005,Desk,Furniture,226.24,No,0.0,9,2036.17,6643.86,2683.89,4537.098571428572,10,1,42,2023
2023-10-18,P005,Desk,Furniture,249.02,No,0.0,15,3735.3,2036.17,3209.97,4444.567142857143,10,2,42,2023
2023-10-19,P005,Desk,Furniture,266.03,No,0.0,13,3458.33,3735.3,4404.39,4519.614285714286,10,3,42,2023
2023-10-20,P005,Desk,Furniture,232.46,No,0.0,14,3254.39,3458.33,3119.64,4384.4628571428575,10,4,42,2023
2023-10-21,P005,Desk,Furniture,256.33,No,0.0,15,3844.9,3254.39,4591.3,4403.7128571428575,10,5,42,2023
2023-10-22,P005,Desk,Furniture,220.3,No,0.0,20,4406.06,3844.9,7106.64,4297.084285714286,10,6,42,2023
2023-10-23,P005,Desk,Furniture,237.92,No,0.0,14,3330.88,4406.06,6643.86,3911.2871428571425,10,0,43,2023
2023-10-24,P005,Desk,Furniture,242.89,No,0.0,14,3400.51,3330.88,2036.17,3438.004285714286,10,1,43,2023
2023-10-25,P005,Desk,Furniture,251.91,Yes,0.227,27,5260.73,3400.51,3735.3,3632.9100000000003,10,2,43,2023
2023-10-26,P005,Desk,Furniture,243.1,No,0.0,19,4618.89,5260.73,3458.33,3850.8285714285716,10,3,43,2023
2023-10-27,P005,Desk,Furniture,248.82,No,0.0,12,2985.9,4618.89,3254.39,4016.6228571428574,10,4,43,2023
2023-10-28,P005,Desk,Furniture,242.56,Yes,0.196,20,3900.79,2985.9,3844.9,3978.2671428571425,10,5,43,2023
2023-10-29,P005,Desk,Furniture,233.3,No,0.0,12,2799.59,3900.79,4406.06,3986.2514285714287,10,6,43,2023
2023-10-30,P005,Desk,Furniture,245.37,No,0.0,11,2699.06,2799.59,3330.88,3756.7557142857145,10,0,44,2023
2023-10-31,P005,Desk,Furniture,258.01,No,0.0,12,3096.13,2699.06,3400.51,3666.4957142857143,10,1,44,2023
2023-11-01,P005,Desk,Furniture,242.59,Yes,0.056,28,6413.07,3096.13,5260.73,3623.012857142857,11,2,44,2023
2023-11-02,P005,Desk,Furniture,228.68,Yes,0.149,30,5838.88,6413.07,4618.89,3787.632857142857,11,3,44,2023
2023-11-03,P005,Desk,Furniture,255.32,No,0.0,15,3829.81,5838.88,2985.9,3961.9171428571426,11,4,44,2023
2023-11-04,P005,Desk,Furniture,233.95,No,0.0,16,3743.26,3829.81,3900.79,4082.4757142857147,11,5,44,2023
2023-11-05,P005,Desk,Furniture,232.71,No,0.0,26,6050.37,3743.26,2799.59,4059.9714285714285,11,6,44,2023
2023-11-06,P005,Desk,Furniture,229.54,No,0.0,22,5049.81,6050.37,2699.06,4524.368571428572,11,0,45,2023
2023-11-07,P005,Desk,Furniture,244.2,Yes,0.108,25,5442.72,5049.81,3096.13,4860.1900000000005,11,1,45,2023
2023-11-08,P005,Desk,Furniture,236.91,No,0.0,21,4975.03,5442.72,6413.07,5195.417142857143,11,2,45,2023
2023-11-09,P005,Desk,Furniture,242.49,No,0.0,23,5577.3,4975.03,5838.88,4989.982857142858,11,3,45,2023
2023-11-10,P005,Desk,Furniture,230.14,No,0.0,18,4142.59,5577.3,3829.81,4952.614285714286,11,4,45,2023
2023-11-11,P005,Desk,Furniture,220.2,No,0.0,28,6165.61,4142.59,3743.26,4997.297142857143,11,5,45,2023
2023-11-12,P005,Desk,Furniture,244.31,No,0.0,20,4886.1,6165.61,6050.37,5343.347142857143,11,6,45,2023
2023-11-13,P005,Desk,Furniture,245.4,No,0.0,18,4417.28,4886.1,5049.81,5177.022857142857,11,0,46,2023
2023-11-14,P005,Desk,Furniture,258.45,No,0.0,9,2326.09,4417.28,5442.72,5086.6614285714295,11,1,46,2023
2023-11-15,P005,Desk,Furniture,255.13,No,0.0,21,5357.68,2326.09,4975.03,4641.428571428572,11,2,46,2023
2023-11-16,P005,Desk,Furniture,238.11,Yes,0.133,20,4130.0,5357.68,5577.3,4696.092857142858,11,3,46,2023
2023-11-17,P005,Desk,Furniture,240.28,No,0.0,17,4084.73,4130.0,4142.59,4489.335714285714,11,4,46,2023
2023-11-18,P005,Desk,Furniture,233.13,No,0.0,23,5362.02,4084.73,6165.61,4481.070000000001,11,5,46,2023
2023-11-19,P005,Desk,Furniture,241.12,No,0.0,19,4581.26,5362.02,4886.1,4366.271428571429,11,6,46,2023
2023-11-20,P005,Desk,Furniture,233.22,No,0.0,23,5364.11,4581.26,4417.28,4322.722857142857,11,0,47,2023
2023-11-21,P005,Desk,Furniture,248.52,Yes,0.218,28,5438.77,5364.11,2326.09,4457.984285714286,11,1,47,2023
2023-11-22,P005,Desk,Furniture,228.08,No,0.0,27,6158.19,5438.77,5357.68,4902.652857142857,11,2,47,2023
2023-11-23,P005,Desk,Furniture,239.83,No,0.0,22,5276.15,6158.19,4130.0,5017.011428571429,11,3,47,2023
2023-11-24,P005,Desk,Furniture,243.74,No,0.0,17,4143.53,5276.15,4084.73,5180.7471428571425,11,4,47,2023
2023-11-25,P005,Desk,Furniture,243.21,No,0.0,13,3161.76,4143.53,5362.02,5189.147142857143,11,5,47,2023
2023-11-26,P005,Desk,Furniture,239.89,Yes,0.105,24,5153.11,3161.76,4581.26,4874.824285714285,11,6,47,2023
2023-11-27,P005,Desk,Furniture,238.57,No,0.0,25,5964.33,5153.11,5364.11,4956.517142857142,11,0,48,2023
2023-11-28,P005,Desk,Furniture,226.9,No,0.0,32,7260.9,5964.33,5438.77,5042.262857142857,11,1,48,2023
2023-11-29,P005,Desk,Furniture,232.58,No,0.0,18,4186.4,7260.9,6158.19,5302.567142857143,11,2,48,2023
2023-11-30,P005,Desk,Furniture,229.87,No,0.0,16,3677.85,4186.4,5276.15,5020.882857142856,11,3,48,2023
2023-12-01,P005,Desk,Furniture,232.06,No,0.0,23,5337.49,3677.85,4143.53,4792.5542857142855,12,4,48,2023
2023-12-02,P005,Desk,Furniture,221.39,No,0.0,28,6199.03,5337.49,3161.76,4963.12,12,5,48,2023
2023-12-03,P005,Desk,Furniture,228.37,No,0.0,21,4795.86,6199.03,5153.11,5397.015714285714,12,6,48,2023
2023-12-04,P005,Desk,Furniture,222.73,No,0.0,35,7795.45,4795.86,5964.33,5345.9800000000005,12,0,49,2023
2023-12-05,P005,Desk,Furniture,244.91,No,0.0,18,4408.3,7795.45,7260.9,5607.568571428571,12,1,49,2023
2023-12-06,P005,Desk,Furniture,241.08,No,0.0,17,4098.31,4408.3,4186.4,5200.0542857142855,12,2,49,2023
2023-12-07,P005,Desk,Furniture,235.54,No,0.0,17,4004.18,4098.31,3677.85,5187.47,12,3,49,2023
2023-12-08,P005,Desk,Furniture,240.72,No,0.0,30,7221.74,4004.18,5337.49,5234.088571428571,12,4,49,2023
2023-12-09,P005,Desk,Furniture,234.23,No,0.0,23,5387.25,7221.74,6199.03,5503.267142857142,12,5,49,2023
2023-12-10,P005,Desk,Furniture,223.56,No,0.0,23,5141.96,5387.25,4795.86,5387.2985714285705,12,6,49,2023
2023-12-11,P005,Desk,Furniture,238.89,No,0.0,14,3344.51,5141.96,7795.45,5436.7414285714285,12,0,50,2023
2023-12-12,P005,Desk,Furniture,233.87,No,0.0,18,4209.68,3344.51,4408.3,4800.892857142857,12,1,50,2023
2023-12-13,P005,Desk,Furniture,244.13,Yes,0.132,25,5300.46,4209.68,4098.31,4772.518571428571,12,2,50,2023
2023-12-14,P005,Desk,Furniture,247.18,Yes,0.215,35,6791.41,5300.46,4004.18,4944.254285714285,12,3,50,2023
2023-12-15,P005,Desk,Furniture,247.04,No,0.0,27,6670.09,6791.41,7221.74,5342.429999999999,12,4,50,2023
2023-12-16,P005,Desk,Furniture,234.77,Yes,0.11,25,5222.81,6670.09,5387.25,5263.622857142857,12,5,50,2023
2023-12-17,P005,Desk,Furniture,241.99,No,0.0,19,4597.82,5222.81,5141.96,5240.131428571428,12,6,50,2023
2023-12-18,P005,Desk,Furniture,239.5,No,0.0,21,5029.55,4597.82,3344.51,5162.397142857143,12,0,51,2023
2023-12-19,P005,Desk,Furniture,242.39,No,0.0,23,5574.91,5029.55,4209.68,5403.117142857142,12,1,51,2023
2023-12-20,P005,Desk,Furniture,243.59,No,0.0,25,6089.7,5574.91,5300.46,5598.150000000001,12,2,51,2023
2023-12-21,P005,Desk,Furniture,228.98,No,0.0,30,6869.41,6089.7,6791.41,5710.898571428572,12,3,51,2023
2023-12-22,P005,Desk,Furniture,233.1,No,0.0,33,7692.45,6869.41,6670.09,5722.041428571429,12,4,51,2023
2023-12-23,P005,Desk,Furniture,227.96,No,0.0,34,7750.49,7692.45,5222.81,5868.092857142858,12,5,51,2023
2023-12-24,P005,Desk,Furniture,244.56,No,0.0,36,8804.28,7750.49,4597.82,6229.1900000000005,12,6,51,2023
2023-12-25,P005,Desk,Furniture,245.36,Yes,0.234,37,6955.94,8804.28,5029.55,6830.112857142857,12,0,52,2023
2023-12-26,P005,Desk,Furniture,236.75,Yes,0.125,36,7457.76,6955.94,5574.91,7105.311428571428,12,1,52,2023
2023-12-27,P005,Desk,Furniture,238.62,No,0.0,27,6442.67,7457.76,6089.7,7374.290000000001,12,2,52,2023
2023-12-28,P005,Desk,Furniture,241.74,No,0.0,31,7493.79,6442.67,6869.41,7424.714285714285,12,3,52,2023
2023-12-29,P005,Desk,Furniture,251.43,No,0.0,26,6537.29,7493.79,7692.45,7513.9114285714295,12,4,52,2023
2023-12-30,P005,Desk,Furniture,230.36,No,0.0,25,5759.12,6537.29,7750.49,7348.888571428572,12,5,52,2023
2023-12-31,P005,Desk,Furniture,234.18,No,0.0,33,7727.92,5759.12,8804.28,7064.407142857142,12,6,52,2023
2024-01-01,P005,Desk,Furniture,237.82,Yes,0.055,27,6068.83,7727.92,6955.94,6910.641428571429,1,0,1,2024
2024-01-02,P005,Desk,Furniture,238.76,No,0.0,19,4536.46,6068.83,7457.76,6783.911428571429,1,1,1,2024
2024-01-03,P005,Desk,Furniture,256.34,No,0.0,23,5895.73,4536.46,6442.67,6366.5828571428565,1,2,1,2024
2024-01-04,P005,Desk,Furniture,226.59,No,0.0,18,4078.7,5895.73,7493.79,6288.448571428571,1,3,1,2024
2024-01-05,P005,Desk,Furniture,250.18,No,0.0,10,2501.81,4078.7,6537.29,5800.578571428571,1,4,1,2024
2024-01-06,P005,Desk,Furniture,236.14,Yes,0.129,20,4111.48,2501.81,5759.12,5224.081428571429,1,5,1,2024
2024-01-07,P005,Desk,Furniture,240.06,No,0.0,13,3120.77,4111.48,7727.92,4988.704285714286,1,6,1,2024
2024-01-08,P005,Desk,Furniture,233.8,No,0.0,20,4675.98,3120.77,6068.83,4330.54,1,0,2,2024
2024-01-09,P005,Desk,Furniture,249.58,No,0.0,20,4991.55,4675.98,4536.46,4131.561428571428,1,1,2,2024
2024-01-10,P005,Desk,Furniture,241.86,No,0.0,14,3386.09,4991.55,5895.73,4196.574285714285,1,2,2,2024
2024-01-11,P005,Desk,Furniture,233.94,No,0.0,19,4444.91,3386.09,4078.7,3838.0542857142855,1,3,2,2024
2024-01-12,P005,Desk,Furniture,237.61,No,0.0,24,5702.67,4444.91,2501.81,3890.37,1,4,2,2024
2024-01-13,P005,Desk,Furniture,234.96,No,0.0,21,4934.07,5702.67,4111.48,4347.635714285714,1,5,2,2024
2024-01-14,P005,Desk,Furniture,247.85,No,0.0,15,3717.77,4934.07,3120.77,4465.148571428572,1,6,2,2024
2024-01-15,P005,Desk,Furniture,245.89,Yes,0.205,26,5081.97,3717.77,4675.98,4550.434285714286,1,0,3,2024
2024-01-16,P005,Desk,Furniture,247.0,Yes,0.161,20,4143.35,5081.97,4991.55,4608.432857142857,1,1,3,2024
2024-01-17,P005,Desk,Furniture,260.54,Yes,0.171,22,4749.77,4143.35,3386.09,4487.261428571429,1,2,3,2024
2024-01-18,P005,Desk,Furniture,224.99,No,0.0,23,5174.7,4749.77,4444.91,4682.072857142857,1,3,3,2024
2024-01-19,P005,Desk,Furniture,244.02,No,0.0,21,5124.48,5174.7,5702.67,4786.328571428572,1,4,3,2024
2024-01-20,P005,Desk,Furniture,244.74,Yes,0.206,17,3302.95,5124.48,4934.07,4703.7300000000005,1,5,3,2024
2024-01-21,P005,Desk,Furniture,229.22,No,0.0,19,4355.09,3302.95,3717.77,4470.712857142857,1,6,3,2024
2024-01-22,P005,Desk,Furniture,242.79,No,0.0,16,3884.6,4355.09,5081.97,4561.7585714285715,1,0,4,2024
2024-01-23,P005,Desk,Furniture,237.61,No,0.0,29,6890.64,3884.6,4143.35,4390.705714285714,1,1,4,2024
2024-01-24,P005,Desk,Furniture,240.65,No,0.0,17,4091.01,6890.64,4749.77,4783.175714285714,1,2,4,2024
2024-01-25,P005,Desk,Furniture,243.38,No,0.0,21,5111.05,4091.01,5174.7,4689.067142857143,1,3,4,2024
2024-01-26,P005,Desk,Furniture,241.29,No,0.0,18,4343.3,5111.05,5124.48,4679.9742857142855,1,4,4,2024
2024-01-27,P005,Desk,Furniture,253.75,No,0.0,24,6090.04,4343.3,3302.95,4568.377142857143,1,5,4,2024
2024-01-28,P005,Desk,Furniture,245.82,No,0.0,21,5162.25,6090.04,4355.09,4966.532857142857,1,6,4,2024
2024-01-29,P005,Desk,Furniture,221.34,No,0.0,27,5976.14,5162.25,3884.6,5081.841428571429,1,0,5,2024
2024-01-30,P005,Desk,Furniture,237.37,No,0.0,14,3323.12,5976.14,6890.64,5380.632857142858,1,1,5,2024
2024-01-31,P005,Desk,Furniture,225.73,No,0.0,18,4063.06,3323.12,4091.01,4870.987142857143,1,2,5,2024
2024-02-01,P005,Desk,Furniture,229.3,No,0.0,23,5273.9,4063.06,5111.05,4866.994285714286,2,3,5,2024
2024-02-02,P005,Desk,Furniture,225.14,No,0.0,24,5403.41,5273.9,4343.3,4890.2585714285715,2,4,5,2024
2024-02-03,P005,Desk,Furniture,233.16,Yes,0.171,23,4446.53,5403.41,6090.04,5041.702857142857,2,5,5,2024
2024-02-04,P005,Desk,Furniture,235.8,No,0.0,20,4716.1,4446.53,5162.25,4806.915714285714,2,6,5,2024
2024-02-05,P005,Desk,Furniture,244.59,No,0.0,17,4158.03,4716.1,5976.14,4743.18,2,0,6,2024
2024-02-06,P005,Desk,Furniture,233.55,No,0.0,20,4670.95,4158.03,3323.12,4483.45,2,1,6,2024
2024-02-07,P005,Desk,Furniture,237.98,No,0.0,20,4759.57,4670.95,4063.06,4675.9971428571425,2,2,6,2024
2024-02-08,P005,Desk,Furniture,234.89,No,0.0,18,4228.07,4759.57,5273.9,4775.498571428571,2,3,6,2024
2024-02-09,P005,Desk,Furniture,236.89,No,0.0,23,5448.37,4228.07,5403.41,4626.094285714285,2,4,6,2024
2024-02-10,P005,Desk,Furniture,250.82,No,0.0,24,6019.69,5448.37,4446.53,4632.517142857143,2,5,6,2024
2024-02-11,P005,Desk,Furniture,254.28,No,0.0,26,6611.25,6019.69,4716.1,4857.254285714285,2,6,6,2024
2024-02-12,P005,Desk,Furniture,217.61,No,0.0,21,4569.86,6611.25,4158.03,5127.99,2,0,7,2024
2024-02-13,P005,Desk,Furniture,231.28,No,0.0,24,5550.63,4569.86,4670.95,5186.822857142857,2,1,7,2024
2024-02-14,P005,Desk,Furniture,239.79,Yes,0.113,22,4678.67,5550.63,4759.57,5312.4914285714285,2,2,7,2024
2024-02-15,P005,Desk,Furniture,227.49,No,0.0,27,6142.29,4678.67,4228.07,5300.934285714286,2,3,7,2024
2024-02-16,P005,Desk,Furniture,242.9,No,0.0,11,2671.9,6142.29,5448.37,5574.394285714286,2,4,7,2024
2024-02-17,P005,Desk,Furniture,241.63,No,0.0,35,8456.89,2671.9,6019.69,5177.755714285714,2,5,7,2024
2024-02-18,P005,Desk,Furniture,243.83,No,0.0,19,4632.75,8456.89,6611.25,5525.927142857143,2,6,7,2024
2024-02-19,P005,Desk,Furniture,235.56,No,0.0,19,4475.59,4632.75,4569.86,5243.284285714285,2,0,8,2024
2024-02-20,P005,Desk,Furniture,249.81,No,0.0,19,4746.31,4475.59,5550.63,5229.817142857143,2,1,8,2024
2024-02-21,P005,Desk,Furniture,239.23,Yes,0.159,24,4831.39,4746.31,4678.67,5114.914285714286,2,2,8,2024
2024-02-22,P005,Desk,Furniture,233.51,No,0.0,18,4203.14,4831.39,6142.29,5136.731428571428,2,3,8,2024
2024-02-23,P005,Desk,Furniture,225.75,No,0.0,17,3837.83,4203.14,2671.9,4859.71,2,4,8,2024
2024-02-24,P005,Desk,Furniture,258.12,No,0.0,21,5420.47,3837.83,8456.89,5026.271428571429,2,5,8,2024
2024-02-25,P005,Desk,Furniture,231.91,No,0.0,25,5797.64,5420.47,4632.75,4592.497142857143,2,6,8,2024
2024-02-26,P005,Desk,Furniture,259.43,No,0.0,20,5188.52,5797.64,4475.59,4758.910000000001,2,0,9,2024
2024-02-27,P005,Desk,Furniture,250.93,No,0.0,13,3262.05,5188.52,4746.31,4860.757142857144,2,1,9,2024
2024-02-28,P005,Desk,Furniture,241.89,No,0.0,20,4837.81,3262.05,4831.39,4648.72,2,2,9,2024
2024-02-29,P005,Desk,Furniture,237.66,No,0.0,19,4515.63,4837.81,4203.14,4649.637142857143,2,3,9,2024
2024-03-01,P005,Desk,Furniture,232.79,No,0.0,30,6983.7,4515.63,3837.83,4694.278571428572,3,4,9,2024
2024-03-02,P005,Desk,Furniture,246.95,Yes,0.135,28,5983.1,6983.7,5420.47,5143.688571428572,3,5,9,2024
2024-03-03,P005,Desk,Furniture,237.56,No,0.0,16,3800.91,5983.1,5797.64,5224.064285714286,3,6,9,2024
2024-03-04,P005,Desk,Furniture,238.16,No,0.0,21,5001.44,3800.91,5188.52,4938.817142857143,3,0,10,2024
2024-03-05,P005,Desk,Furniture,242.63,No,0.0,15,3639.47,5001.44,3262.05,4912.091428571429,3,1,10,2024
2024-03-06,P005,Desk,Furniture,238.92,No,0.0,21,5017.35,3639.47,4837.81,4966.0085714285715,3,2,10,2024
2024-03-07,P005,Desk,Furniture,240.98,Yes,0.126,38,8005.54,5017.35,4515.63,4991.657142857142,3,3,10,2024
2024-03-08,P005,Desk,Furniture,243.07,No,0.0,16,3889.07,8005.54,6983.7,5490.215714285715,3,4,10,2024
2024-03-09,P005,Desk,Furniture,228.54,Yes,0.174,29,5475.87,3889.07,5983.1,5048.125714285714,3,5,10,2024
2024-03-10,P005,Desk,Furniture,236.92,No,0.0,27,6396.97,5475.87,3800.91,4975.664285714285,3,6,10,2024
2024-03-11,P005,Desk,Furniture,249.66,No,0.0,27,6740.81,6396.97,5001.44,5346.53,3,0,11,2024
2024-03-12,P005,Desk,Furniture,236.2,No,0.0,15,3542.99,6740.81,3639.47,5595.011428571429,3,1,11,2024
2024-03-13,P005,Desk,Furniture,242.1,No,0.0,23,5568.3,3542.99,5017.35,5581.228571428571,3,2,11,2024
2024-03-14,P005,Desk,Furniture,245.04,Yes,0.213,36,6938.92,5568.3,8005.54,5659.935714285714,3,3,11,2024
2024-03-15,P005,Desk,Furniture,249.18,Yes,0.184,32,6505.23,6938.92,3889.07,5507.561428571428,3,4,11,2024
2024-03-16,P005,Desk,Furniture,227.1,No,0.0,20,4542.05,6505.23,5475.87,5881.2985714285705,3,5,11,2024
2024-03-17,P005,Desk,Furniture,230.06,No,0.0,22,5061.37,4542.05,6396.97,5747.895714285715,3,6,11,2024
2024-03-18,P005,Desk,Furniture,238.11,No,0.0,18,4286.06,5061.37,6740.81,5557.095714285715,3,0,12,2024
2024-03-19,P005,Desk,Furniture,243.29,Yes,0.178,26,5200.02,4286.06,3542.99,5206.417142857143,3,1,12,2024
2024-03-20,P005,Desk,Furniture,247.89,No,0.0,16,3966.31,5200.02,5568.3,5443.135714285714,3,2,12,2024
2024-03-21,P005,Desk,Furniture,247.48,No,0.0,17,4207.08,3966.31,6938.92,5214.28,3,3,12,2024
2024-03-22,P005,Desk,Furniture,240.44,Yes,0.102,26,5611.82,4207.08,6505.23,4824.017142857142,3,4,12,2024
2024-03-23,P005,Desk,Furniture,247.18,No,0.0,14,3460.49,5611.82,4542.05,4696.387142857143,3,5,12,2024
2024-03-24,P005,Desk,Furniture,241.56,Yes,0.106,26,5617.26,3460.49,5061.37,4541.878571428571,3,6,12,2024
2024-03-25,P005,Desk,Furniture,248.49,No,0.0,25,6212.31,5617.26,4286.06,4621.291428571429,3,0,13,2024
2024-03-26,P005,Desk,Furniture,232.95,Yes,0.137,23,4624.71,6212.31,5200.02,4896.47,3,1,13,2024
2024-03-27,P005,Desk,Furniture,239.08,No,0.0,19,4542.61,4624.71,3966.31,4814.282857142856,3,2,13,2024
2024-03-28,P005,Desk,Furniture,229.98,Yes,0.124,30,6042.98,4542.61,4207.08,4896.611428571428,3,3,13,2024
2024-03-29,P005,Desk,Furniture,226.33,Yes,0.162,22,4174.31,6042.98,5611.82,5158.882857142858,3,4,13,2024
2024-03-30,P005,Desk,Furniture,240.6,No,0.0,16,3849.57,4174.31,3460.49,4953.524285714286,3,5,13,2024
2024-03-31,P005,Desk,Furniture,227.38,Yes,0.159,40,7644.85,3849.57,5617.26,5009.107142857143,3,6,13,2024
2024-04-01,P005,Desk,Furniture,222.57,Yes,0.171,31,5717.13,7644.85,6212.31,5298.762857142857,4,0,14,2024
2024-04-02,P005,Desk,Furniture,236.68,No,0.0,23,5443.64,5717.13,4624.71,5228.022857142857,4,1,14,2024
2024-04-03,P005,Desk,Furniture,237.99,No,0.0,15,3569.8,5443.64,4542.61,5345.012857142857,4,2,14,2024
2024-04-04,P005,Desk,Furniture,246.27,Yes,0.245,32,5946.71,3569.8,6042.98,5206.04,4,3,14,2024
2024-04-05,P005,Desk,Furniture,230.67,Yes,0.182,23,4341.3,5946.71,4174.31,5192.287142857143,4,4,14,2024
2024-04-06,P005,Desk,Furniture,241.55,No,0.0,30,7246.39,4341.3,3849.57,5216.142857142857,4,5,14,2024
2024-04-07,P005,Desk,Furniture,241.79,No,0.0,20,4835.82,7246.39,7644.85,5701.402857142857,4,6,14,2024
2024-04-08,P005,Desk,Furniture,240.86,Yes,0.156,24,4880.87,4835.82,5717.13,5300.112857142857,4,0,15,2024
2024-04-09,P005,Desk,Furniture,230.41,No,0.0,19,4377.74,4880.87,5443.64,5180.647142857143,4,1,15,2024
2024-04-10,P005,Desk,Furniture,233.77,Yes,0.061,32,7022.63,4377.74,3569.8,5028.375714285714,4,2,15,2024
2024-04-11,P005,Desk,Furniture,249.06,No,0.0,23,5728.34,7022.63,5946.71,5521.637142857143,4,3,15,2024
2024-04-12,P005,Desk,Furniture,247.76,No,0.0,19,4707.53,5728.34,4341.3,5490.441428571429,4,4,15,2024
2024-04-13,P005,Desk,Furniture,239.67,No,0.0,19,4553.64,4707.53,7246.39,5542.76,4,5,15,2024
2024-04-14,P005,Desk,Furniture,236.75,No,0.0,22,5208.43,4553.64,4835.82,5158.081428571429,4,6,15,2024
2024-04-15,P005,Desk,Furniture,237.41,No,0.0,17,4035.92,5208.43,4880.87,5211.311428571428,4,0,16,2024
2024-04-16,P005,Desk,Furniture,234.29,Yes,0.116,30,6216.46,4035.92,4377.74,5090.604285714287,4,1,16,2024
2024-04-17,P005,Desk,Furniture,237.26,No,0.0,21,4982.47,6216.46,7022.63,5353.278571428571,4,2,16,2024
2024-04-18,P005,Desk,Furniture,234.57,Yes,0.116,29,6012.08,4982.47,5728.34,5061.827142857143,4,3,16,2024
2024-04-19,P005,Desk,Furniture,239.26,Yes,0.102,22,4727.97,6012.08,4707.53,5102.361428571428,4,4,16,2024
2024-04-20,P005,Desk,Furniture,227.4,No,0.0,23,5230.09,4727.97,4553.64,5105.2814285714285,4,5,16,2024
2024-04-21,P005,Desk,Furniture,250.65,No,0.0,21,5263.72,5230.09,5208.43,5201.917142857143,4,6,16,2024
2024-04-22,P005,Desk,Furniture,257.27,No,0.0,26,6689.06,5263.72,4035.92,5209.815714285714,4,0,17,2024
2024-04-23,P005,Desk,Furniture,233.46,No,0.0,16,3735.34,6689.06,6216.46,5588.835714285715,4,1,17,2024
2024-04-24,P005,Desk,Furniture,237.15,No,0.0,16,3794.42,3735.34,4982.47,5234.39,4,2,17,2024
2024-04-25,P005,Desk,Furniture,251.97,No,0.0,18,4535.51,3794.42,6012.08,5064.668571428571,4,3,17,2024
2024-04-26,P005,Desk,Furniture,223.97,No,0.0,25,5599.33,4535.51,4727.97,4853.7300000000005,4,4,17,2024
2024-04-27,P005,Desk,Furniture,224.07,No,0.0,21,4705.53,5599.33,5230.09,4978.21,4,5,17,2024
2024-04-28,P005,Desk,Furniture,240.02,No,0.0,19,4560.3,4705.53,5263.72,4903.272857142858,4,6,17,2024
2024-04-29,P005,Desk,Furniture,251.99,No,0.0,19,4787.74,4560.3,6689.06,4802.784285714285,4,0,18,2024
2024-04-30,P005,Desk,Furniture,229.65,No,0.0,17,3904.09,4787.74,3735.34,4531.1671428571435,4,1,18,2024
2024-05-01,P005,Desk,Furniture,246.68,No,0.0,21,5180.31,3904.09,3794.42,4555.274285714286,5,2,18,2024
2024-05-02,P005,Desk,Furniture,237.08,No,0.0,22,5215.74,5180.31,4535.51,4753.2585714285715,5,3,18,2024
2024-05-03,P005,Desk,Furniture,257.39,No,0.0,26,6692.11,5215.74,5599.33,4850.434285714286,5,4,18,2024
2024-05-04,P005,Desk,Furniture,235.04,No,0.0,14,3290.6,6692.11,4705.53,5006.545714285714,5,5,18,2024
2024-05-05,P005,Desk,Furniture,238.27,No,0.0,24,5718.53,3290.6,4560.3,4804.412857142857,5,6,18,2024
2024-05-06,P005,Desk,Furniture,248.23,No,0.0,14,3475.15,5718.53,4787.74,4969.874285714286,5,0,19,2024
2024-05-07,P005,Desk,Furniture,234.65,No,0.0,29,6804.85,3475.15,3904.09,4782.361428571428,5,1,19,2024
2024-05-08,P005,Desk,Furniture,246.76,No,0.0,30,7402.67,6804.85,5180.31,5196.755714285714,5,2,19,2024
2024-05-09,P005,Desk,Furniture,229.71,No,0.0,28,6431.96,7402.67,5215.74,5514.2357142857145,5,3,19,2024
2024-05-10,P005,Desk,Furniture,227.44,No,0.0,24,5458.63,6431.96,6692.11,5687.981428571429,5,4,19,2024
2024-05-11,P005,Desk,Furniture,227.36,No,0.0,34,7730.38,5458.63,3290.6,5511.7699999999995,5,5,19,2024
2024-05-12,P005,Desk,Furniture,222.91,No,0.0,26,5795.54,7730.38,5718.53,6146.024285714286,5,6,19,2024
2024-05-13,P005,Desk,Furniture,230.37,No,0.0,20,4607.42,5795.54,3475.15,6157.0257142857145,5,0,20,2024
2024-05-14,P005,Desk,Furniture,232.35,Yes,0.154,30,5898.6,4607.42,6804.85,6318.778571428571,5,1,20,2024
2024-05-15,P005,Desk,Furniture,238.58,Yes,0.232,38,6965.25,5898.6,7402.67,6189.314285714286,5,2,20,2024
2024-05-16,P005,Desk,Furniture,249.78,No,0.0,23,5744.84,6965.25,6431.96,6126.825714285714,5,3,20,2024
2024-05-17,P005,Desk,Furniture,240.93,No,0.0,19,4577.71,5744.84,5458.63,6028.665714285715,5,4,20,2024
2024-05-18,P005,Desk,Furniture,246.2,No,0.0,22,5416.31,4577.71,7730.38,5902.82,5,5,20,2024
2024-05-19,P005,Desk,Furniture,250.35,No,0.0,26,6509.07,5416.31,5795.54,5572.238571428571,5,6,20,2024
2024-05-20,P005,Desk,Furniture,231.85,No,0.0,16,3709.61,6509.07,4607.42,5674.171428571428,5,0,21,2024
2024-05-21,P005,Desk,Furniture,246.72,No,0.0,20,4934.41,3709.61,5898.6,5545.912857142857,5,1,21,2024
2024-05-22,P005,Desk,Furniture,237.58,No,0.0,13,3088.53,4934.41,6965.25,5408.171428571429,5,2,21,2024
2024-05-23,P005,Desk,Furniture,241.6,No,0.0,17,4107.18,3088.53,5744.84,4854.354285714287,5,3,21,2024
2024-05-24,P005,Desk,Furniture,247.29,Yes,0.144,24,5081.06,4107.18,4577.71,4620.402857142857,5,4,21,2024
2024-05-25,P005,Desk,Furniture,254.36,No,0.0,26,6613.4,5081.06,5416.31,4692.3099999999995,5,5,21,2024
2024-05-26,P005,Desk,Furniture,255.86,No,0.0,28,7164.19,6613.4,6509.07,4863.322857142857,5,6,21,2024
2024-05-27,P005,Desk,Furniture,241.74,No,0.0,24,5801.82,7164.19,3709.61,4956.9114285714295,5,0,22,2024
2024-05-28,P005,Desk,Furniture,248.69,No,0.0,22,5471.08,5801.82,4934.41,5255.798571428572,5,1,22,2024
2024-05-29,P005,Desk,Furniture,228.47,Yes,0.143,30,5871.32,5471.08,3088.53,5332.465714285713,5,2,22,2024
2024-05-30,P005,Desk,Furniture,246.44,No,0.0,14,3450.11,5871.32,4107.18,5730.007142857144,5,3,22,2024
2024-05-31,P005,Desk,Furniture,233.71,Yes,0.055,27,5961.66,3450.11,5081.06,5636.139999999999,5,4,22,2024
2024-06-01,P005,Desk,Furniture,248.68,No,0.0,21,5222.32,5961.66,6613.4,5761.9400000000005,6,5,22,2024
2024-06-02,P005,Desk,Furniture,244.2,Yes,0.238,28,5212.11,5222.32,7164.19,5563.214285714285,6,6,22,2024
2024-06-03,P005,Desk,Furniture,247.41,No,0.0,26,6432.6,5212.11,5801.82,5284.345714285714,6,0,23,2024
2024-06-04,P005,Desk,Furniture,236.61,No,0.0,28,6625.06,6432.6,5471.08,5374.457142857143,6,1,23,2024
2024-06-05,P005,Desk,Furniture,246.37,No,0.0,26,6405.58,6625.06,5871.32,5539.311428571428,6,2,23,2024
2024-06-06,P005,Desk,Furniture,222.4,Yes,0.222,27,4671.33,6405.58,3450.11,5615.634285714286,6,3,23,2024
2024-06-07,P005,Desk,Furniture,250.72,No,0.0,23,5766.47,4671.33,5961.66,5790.094285714286,6,4,23,2024
2024-06-08,P005,Desk,Furniture,249.21,No,0.0,21,5233.4,5766.47,5222.32,5762.209999999999,6,5,23,2024
2024-06-09,P005,Desk,Furniture,236.6,No,0.0,27,6388.13,5233.4,5212.11,5763.7928571428565,6,6,23,2024
2024-06-10,P005,Desk,Furniture,243.37,No,0.0,20,4867.45,6388.13,6432.6,5931.795714285715,6,0,24,2024
2024-06-11,P005,Desk,Furniture,250.29,No,0.0,23,5756.77,4867.45,6625.06,5708.202857142857,6,1,24,2024
2024-06-12,P005,Desk,Furniture,251.59,No,0.0,33,8302.33,5756.77,6405.58,5584.161428571429,6,2,24,2024
2024-06-13,P005,Desk,Furniture,230.35,Yes,0.113,26,5314.92,8302.33,4671.33,5855.125714285714,6,3,24,2024
2024-06-14,P005,Desk,Furniture,238.0,No,0.0,24,5711.91,5314.92,5766.47,5947.067142857143,6,4,24,2024
2024-06-15,P005,Desk,Furniture,227.04,Yes,0.086,27,5600.51,5711.91,5233.4,5939.272857142858,6,5,24,2024
2024-06-16,P005,Desk,Furniture,243.85,Yes,0.244,31,5716.49,5600.51,6388.13,5991.717142857144,6,6,24,2024
2024-06-17,P005,Desk,Furniture,237.61,No,0.0,21,4989.74,5716.49,4867.45,5895.768571428571,6,0,25,2024
2024-06-18,P005,Desk,Furniture,235.14,No,0.0,29,6819.12,4989.74,5756.77,5913.238571428571,6,1,25,2024
2024-06-19,P005,Desk,Furniture,248.47,Yes,0.089,28,6335.01,6819.12,8302.33,6065.0028571428575,6,2,25,2024
2024-06-20,P005,Desk,Furniture,240.73,No,0.0,30,7222.04,6335.01,5314.92,5783.957142857143,6,3,25,2024
2024-06-21,P005,Desk,Furniture,230.07,Yes,0.193,31,5756.81,7222.04,5711.91,6056.402857142857,6,4,25,2024
2024-06-22,P005,Desk,Furniture,239.69,No,0.0,17,4074.67,5756.81,5600.51,6062.817142857143,6,5,25,2024
2024-06-23,P005,Desk,Furniture,246.06,No,0.0,19,4675.15,4074.67,5716.49,5844.840000000001,6,6,25,2024
2024-06-24,P005,Desk,Furniture,238.52,No,0.0,16,3816.33,4675.15,4989.74,5696.077142857143,6,0,26,2024
2024-06-25,P005,Desk,Furniture,222.62,No,0.0,24,5342.99,3816.33,6819.12,5528.447142857142,6,1,26,2024
2024-06-26,P005,Desk,Furniture,232.98,No,0.0,18,4193.65,5342.99,6335.01,5317.571428571428,6,2,26,2024
2024-06-27,P005,Desk,Furniture,237.1,No,0.0,10,2370.99,4193.65,7222.04,5011.662857142857,6,3,26,2024
2024-06-28,P005,Desk,Furniture,244.49,No,0.0,18,4400.83,2370.99,5756.81,4318.655714285714,6,4,26,2024
2024-06-29,P005,Desk,Furniture,234.3,No,0.0,23,5388.88,4400.83,4074.67,4124.944285714286,6,5,26,2024
2024-06-30,P005,Desk,Furniture,232.74,No,0.0,34,7913.03,5388.88,4675.15,4312.688571428572,6,6,26,2024
2024-07-01,P005,Desk,Furniture,244.25,No,0.0,30,7327.49,7913.03,3816.33,4775.242857142856,7,0,27,2024
2024-07-02,P005,Desk,Furniture,244.92,No,0.0,27,6612.94,7327.49,5342.99,5276.837142857143,7,1,27,2024
2024-07-03,P005,Desk,Furniture,245.0,Yes,0.231,26,4900.41,6612.94,4193.65,5458.2585714285715,7,2,27,2024
2024-07-04,P005,Desk,Furniture,248.03,No,0.0,23,5704.69,4900.41,2370.99,5559.2242857142855,7,3,27,2024
2024-07-05,P005,Desk,Furniture,237.67,Yes,0.183,31,6017.93,5704.69,4400.83,6035.467142857143,7,4,27,2024
2024-07-06,P005,Desk,Furniture,244.26,No,0.0,27,6594.89,6017.93,5388.88,6266.481428571428,7,5,27,2024
2024-07-07,P005,Desk,Furniture,244.82,No,0.0,25,6120.58,6594.89,7913.03,6438.768571428572,7,6,27,2024
2024-07-08,P005,Desk,Furniture,245.22,No,0.0,16,3923.44,6120.58,7327.49,6182.704285714286,7,0,28,2024
2024-07-09,P005,Desk,Furniture,239.78,No,0.0,21,5035.41,3923.44,6612.94,5696.411428571429,7,1,28,2024
2024-07-10,P005,Desk,Furniture,230.29,No,0.0,21,4836.05,5035.41,4900.41,5471.050000000001,7,2,28,2024
2024-07-11,P005,Desk,Furniture,229.21,No,0.0,26,5959.38,4836.05,5704.69,5461.855714285714,7,3,28,2024
2024-07-12,P005,Desk,Furniture,241.75,No,0.0,22,5318.54,5959.38,6017.93,5498.24,7,4,28,2024
2024-07-13,P005,Desk,Furniture,224.1,No,0.0,24,5378.47,5318.54,6594.89,5398.327142857143,7,5,28,2024
2024-07-14,P005,Desk,Furniture,234.54,Yes,0.229,32,5786.46,5378.47,6120.58,5224.552857142858,7,6,28,2024
2024-07-15,P005,Desk,Furniture,253.68,No,0.0,27,6849.3,5786.46,3923.44,5176.821428571428,7,0,29,2024
2024-07-16,P005,Desk,Furniture,238.78,No,0.0,11,2626.61,6849.3,5035.41,5594.801428571429,7,1,29,2024
2024-07-17,P005,Desk,Furniture,248.17,No,0.0,21,5211.67,2626.61,4836.05,5250.687142857142,7,2,29,2024
2024-07-18,P005,Desk,Furniture,231.71,No,0.0,23,5329.31,5211.67,5959.38,5304.347142857143,7,3,29,2024
2024-07-19,P005,Desk,Furniture,245.88,No,0.0,29,7130.41,5329.31,5318.54,5214.337142857143,7,4,29,2024
2024-07-20,P005,Desk,Furniture,236.59,Yes,0.239,36,6479.49,7130.41,5378.47,5473.175714285715,7,5,29,2024
2024-07-21,P005,Desk,Furniture,229.56,Yes,0.246,32,5541.97,6479.49,5786.46,5630.464285714285,7,6,29,2024
2024-07-22,P005,Desk,Furniture,247.61,Yes,0.149,26,5478.74,5541.97,6849.3,5595.537142857143,7,0,30,2024
2024-07-23,P005,Desk,Furniture,236.61,No,0.0,25,5915.34,5478.74,2626.61,5399.742857142856,7,1,30,2024
2024-07-24,P005,Desk,Furniture,235.51,No,0.0,13,3061.66,5915.34,5211.67,5869.561428571428,7,2,30,2024
2024-07-25,P005,Desk,Furniture,242.59,No,0.0,23,5579.48,3061.66,5329.31,5562.417142857143,7,3,30,2024
2024-07-26,P005,Desk,Furniture,239.55,No,0.0,18,4311.9,5579.48,7130.41,5598.155714285714,7,4,30,2024
2024-07-27,P005,Desk,Furniture,244.59,No,0.0,29,7093.21,4311.9,6479.49,5195.511428571429,7,5,30,2024
2024-07-28,P005,Desk,Furniture,236.39,No,0.0,14,3309.52,7093.21,5541.97,5283.185714285713,7,6,30,2024
2024-07-29,P005,Desk,Furniture,259.0,No,0.0,21,5439.03,3309.52,5478.74,4964.2642857142855,7,0,31,2024
2024-07-30,P005,Desk,Furniture,254.58,No,0.0,17,4327.78,5439.03,5915.34,4958.591428571429,7,1,31,2024
2024-07-31,P005,Desk,Furniture,249.92,No,0.0,24,5998.14,4327.78,3061.66,4731.797142857143,7,2,31,2024
2024-08-01,P005,Desk,Furniture,232.13,No,0.0,13,3017.69,5998.14,5579.48,5151.294285714285,8,3,31,2024
2024-08-02,P005,Desk,Furniture,246.21,Yes,0.247,20,3706.52,3017.69,4311.9,4785.324285714285,8,4,31,2024
2024-08-03,P005,Desk,Furniture,255.83,No,0.0,24,6140.0,3706.52,7093.21,4698.841428571429,8,5,31,2024
2024-08-04,P005,Desk,Furniture,241.15,No,0.0,16,3858.39,6140.0,3309.52,4562.668571428571,8,6,31,2024
2024-08-05,P005,Desk,Furniture,240.27,Yes,0.177,32,6330.4,3858.39,5439.03,4641.078571428571,8,0,32,2024
2024-08-06,P005,Desk,Furniture,243.18,No,0.0,18,4377.31,6330.4,4327.78,4768.417142857143,8,1,32,2024
2024-08-07,P005,Desk,Furniture,250.92,No,0.0,31,7778.49,4377.31,5998.14,4775.492857142858,8,2,32,2024
2024-08-08,P005,Desk,Furniture,240.19,Yes,0.138,17,3519.26,7778.49,3017.69,5029.828571428572,8,3,32,2024
2024-08-09,P005,Desk,Furniture,225.06,No,0.0,23,5176.37,3519.26,3706.52,5101.481428571429,8,4,32,2024
2024-08-10,P005,Desk,Furniture,232.82,No,0.0,24,5587.69,5176.37,6140.0,5311.46,8,5,32,2024
2024-08-11,P005,Desk,Furniture,234.17,No,0.0,16,3746.77,5587.69,3858.39,5232.558571428571,8,6,32,2024
2024-08-12,P005,Desk,Furniture,238.34,Yes,0.188,19,3679.24,3746.77,6330.4,5216.612857142857,8,0,33,2024
2024-08-13,P005,Desk,Furniture,239.06,No,0.0,16,3824.96,3679.24,4377.31,4837.875714285714,8,1,33,2024
2024-08-14,P005,Desk,Furniture,228.33,No,0.0,18,4109.87,3824.96,7778.49,4758.9685714285715,8,2,33,2024
2024-08-15,P005,Desk,Furniture,249.45,No,0.0,19,4739.63,4109.87,3519.26,4234.879999999999,8,3,33,2024
2024-08-16,P005,Desk,Furniture,234.68,Yes,0.079,31,6702.86,4739.63,5176.37,4409.2185714285715,8,4,33,2024
2024-08-17,P005,Desk,Furniture,242.66,Yes,0.224,23,4329.24,6702.86,5587.69,4627.288571428571,8,5,33,2024
2024-08-18,P005,Desk,Furniture,228.89,Yes,0.14,30,5905.54,4329.24,3746.77,4447.51,8,6,33,2024
2024-08-19,P005,Desk,Furniture,249.76,No,0.0,24,5994.31,5905.54,3679.24,4755.905714285714,8,0,34,2024
2024-08-20,P005,Desk,Furniture,236.86,Yes,0.095,26,5574.64,5994.31,3824.96,5086.63,8,1,34,2024
2024-08-21,P005,Desk,Furniture,240.37,No,0.0,23,5528.51,5574.64,4109.87,5336.584285714286,8,2,34,2024
2024-08-22,P005,Desk,Furniture,243.5,No,0.0,18,4383.02,5528.51,4739.63,5539.2471428571425,8,3,34,2024
2024-08-23,P005,Desk,Furniture,231.97,No,0.0,19,4407.43,4383.02,6702.86,5488.302857142858,8,4,34,2024
2024-08-24,P005,Desk,Furniture,246.58,No,0.0,18,4438.51,4407.43,4329.24,5160.384285714286,8,5,34,2024
2024-08-25,P005,Desk,Furniture,243.81,Yes,0.097,35,7709.41,4438.51,5905.54,5175.994285714287,8,6,34,2024
2024-08-26,P005,Desk,Furniture,239.5,No,0.0,15,3592.49,7709.41,5994.31,5433.6900000000005,8,0,35,2024
2024-08-27,P005,Desk,Furniture,255.72,No,0.0,24,6137.18,3592.49,5574.64,5090.572857142857,8,1,35,2024
2024-08-28,P005,Desk,Furniture,240.84,Yes,0.177,24,4755.57,6137.18,5528.51,5170.935714285714,8,2,35,2024
2024-08-29,P005,Desk,Furniture,238.37,No,0.0,17,4052.27,4755.57,4383.02,5060.515714285714,8,3,35,2024
2024-08-30,P005,Desk,Furniture,235.49,No,0.0,12,2825.83,4052.27,4407.43,5013.265714285714,8,4,35,2024
2024-08-31,P005,Desk,Furniture,237.78,No,0.0,20,4755.55,2825.83,4438.51,4787.322857142857,8,5,35,2024
2024-09-01,P005,Desk,Furniture,234.06,Yes,0.152,23,4564.76,4755.55,7709.41,4832.614285714286,9,6,35,2024
2024-09-02,P005,Desk,Furniture,242.68,No,0.0,21,5096.23,4564.76,3592.49,4383.378571428571,9,0,36,2024
2024-09-03,P005,Desk,Furniture,230.88,No,0.0,12,2770.52,5096.23,6137.18,4598.198571428571,9,1,36,2024
2024-09-04,P005,Desk,Furniture,252.69,No,0.0,28,7075.3,2770.52,4755.57,4117.2471428571425,9,2,36,2024
2024-09-05,P005,Desk,Furniture,244.2,Yes,0.121,23,4938.97,7075.3,4052.27,4448.637142857143,9,3,36,2024
2024-09-06,P005,Desk,Furniture,242.74,No,0.0,22,5340.38,4938.97,2825.83,4575.308571428572,9,4,36,2024
2024-09-07,P005,Desk,Furniture,248.08,No,0.0,21,5209.74,5340.38,4755.55,4934.53,9,5,36,2024
2024-09-08,P005,Desk,Furniture,245.0,No,0.0,20,4899.91,5209.74,4564.76,4999.414285714285,9,6,36,2024
2024-09-09,P005,Desk,Furniture,232.26,No,0.0,14,3251.64,4899.91,5096.23,5047.292857142857,9,0,37,2024
2024-09-10,P005,Desk,Furniture,245.75,No,0.0,22,5406.54,3251.64,2770.52,4783.78,9,1,37,2024
2024-09-11,P005,Desk,Furniture,239.34,No,0.0,10,2393.36,5406.54,7075.3,5160.354285714285,9,2,37,2024
2024-09-12,P005,Desk,Furniture,239.59,No,0.0,19,4552.26,2393.36,4938.97,4491.505714285714,9,3,37,2024
2024-09-13,P005,Desk,Furniture,257.81,No,0.0,15,3867.16,4552.26,5340.38,4436.261428571429,9,4,37,2024
2024-09-14,P005,Desk,Furniture,240.6,No,0.0,20,4812.0,3867.16,5209.74,4225.801428571429,9,5,37,2024
2024-09-15,P005,Desk,Furniture,233.1,No,0.0,15,3496.57,4812.0,4899.91,4168.981428571429,9,6,37,2024
2024-09-16,P005,Desk,Furniture,230.59,No,0.0,18,4150.61,3496.57,3251.64,3968.504285714286,9,0,38,2024
2024-09-17,P005,Desk,Furniture,260.12,No,0.0,15,3901.73,4150.61,5406.54,4096.928571428572,9,1,38,2024
2024-09-18,P005,Desk,Furniture,246.21,Yes,0.243,33,6153.84,3901.73,2393.36,3881.9557142857147,9,2,38,2024
2024-09-19,P005,Desk,Furniture,237.31,No,0.0,16,3797.03,6153.84,4552.26,4419.167142857143,9,3,38,2024
2024-09-20,P005,Desk,Furniture,233.91,No,0.0,12,2806.94,3797.03,3867.16,4311.277142857142,9,4,38,2024
2024-09-21,P005,Desk,Furniture,235.07,No,0.0,21,4936.39,2806.94,4812.0,4159.817142857142,9,5,38,2024
2024-09-22,P005,Desk,Furniture,229.83,Yes,0.231,28,4946.65,4936.39,3496.57,4177.587142857143,9,6,38,2024
2024-09-23,P005,Desk,Furniture,250.76,No,0.0,13,3259.82,4946.65,4150.61,4384.7414285714285,9,0,39,2024
2024-09-24,P005,Desk,Furniture,238.94,No,0.0,21,5017.84,3259.82,3901.73,4257.4857142857145,9,1,39,2024
2024-09-25,P005,Desk,Furniture,245.58,No,0.0,15,3683.72,5017.84,6153.84,4416.929999999999,9,2,39,2024
2024-09-26,P005,Desk,Furniture,240.22,No,0.0,19,4564.24,3683.72,3797.03,4064.055714285714,9,3,39,2024
2024-09-27,P005,Desk,Furniture,243.31,No,0.0,15,3649.65,4564.24,2806.94,4173.657142857142,9,4,39,2024
2024-09-28,P005,Desk,Furniture,253.27,No,0.0,19,4812.22,3649.65,4936.39,4294.044285714286,9,5,39,2024
2024-09-29,P005,Desk,Furniture,235.21,Yes,0.062,24,5295.13,4812.22,4946.65,4276.305714285714,9,6,39,2024
2024-09-30,P005,Desk,Furniture,228.82,No,0.0,26,5949.32,5295.13,3259.82,4326.088571428571,9,0,40,2024
2024-10-01,P005,Desk,Furniture,240.34,No,0.0,20,4806.76,5949.32,5017.84,4710.302857142858,10,1,40,2024
2024-10-02,P005,Desk,Furniture,249.58,No,0.0,17,4242.94,4806.76,3683.72,4680.148571428572,10,2,40,2024
2024-10-03,P005,Desk,Furniture,255.28,No,0.0,15,3829.19,4242.94,4564.24,4760.0371428571425,10,3,40,2024
2024-10-04,P005,Desk,Furniture,241.17,No,0.0,17,4099.95,3829.19,3649.65,4655.03,10,4,40,2024
2024-10-05,P005,Desk,Furniture,244.19,No,0.0,21,5128.06,4099.95,4812.22,4719.358571428571,10,5,40,2024
2024-10-06,P005,Desk,Furniture,233.94,Yes,0.227,24,4339.69,5128.06,5295.13,4764.478571428571,10,6,40,2024
2024-10-07,P005,Desk,Furniture,233.86,No,0.0,19,4443.33,4339.69,5949.32,4627.987142857143,10,0,41,2024
2024-10-08,P005,Desk,Furniture,242.41,No,,17,4120.95,4443.33,4806.76,4412.845714285714,10,1,41,2024
2024-10-09,P005,Desk,Furniture,241.05,No,0.0,21,5061.99,4120.95,4242.94,4314.872857142856,10,2,41,2024
2024-10-10,P005,Desk,Furniture,238.02,Yes,0.14,26,5321.93,5061.99,3829.19,4431.88,10,3,41,2024
2024-10-11,P005,Desk,Furniture,238.5,No,0.0,21,5008.44,5321.93,4099.95,4645.128571428571,10,4,41,2024
2024-10-12,P005,Desk,Furniture,238.09,No,0.0,17,4047.52,5008.44,5128.06,4774.912857142857,10,5,41,2024
2024-10-13,P005,Desk,Furniture,244.54,Yes,0.175,32,6452.09,4047.52,4339.69,4620.55,10,6,41,2024
2024-10-14,P005,Desk,Furniture,244.53,No,0.0,13,3178.85,6452.09,4443.33,4922.321428571428,10,0,42,2024
2024-10-15,P005,Desk,Furniture,251.39,No,0.0,15,3770.86,3178.85,4120.95,4741.681428571428,10,1,42,2024
2024-10-16,P005,Desk,Furniture,237.61,No,0.0,20,4752.22,3770.86,5061.99,4691.668571428571,10,2,42,2024
2024-10-17,P005,Desk,Furniture,236.64,Yes,0.124,33,6843.68,4752.22,5321.93,4647.415714285714,10,3,42,2024
2024-10-18,P005,Desk,Furniture,246.02,No,0.0,20,4920.43,6843.68,5008.44,4864.808571428572,10,4,42,2024
2024-10-19,P005,Desk,Furniture,242.72,No,0.0,20,4854.45,4920.43,4047.52,4852.2357142857145,10,5,42,2024
2024-10-20,P005,Desk,Furniture,245.95,Yes,0.137,26,5516.06,4854.45,6452.09,4967.511428571429,10,6,42,2024
2024-10-21,P005,Desk,Furniture,236.41,No,0.0,14,3309.79,5516.06,3178.85,4833.792857142857,10,0,43,2024
2024-10-22,P005,Desk,Furniture,226.15,No,0.0,14,3166.08,3309.79,3770.86,4852.498571428572,10,1,43,2024
2024-10-23,P005,Desk,Furniture,241.64,Yes,0.238,22,4050.68,3166.08,4752.22,4766.101428571428,10,2,43,2024
2024-10-24,P005,Desk,Furniture,249.92,No,0.0,14,3498.84,4050.68,6843.68,4665.881428571429,10,3,43,2024
2024-10-25,P005,Desk,Furniture,248.18,No,0.0,17,4219.12,3498.84,4920.43,4188.047142857143,10,4,43,2024
2024-10-26,P005,Desk,Furniture,248.67,Yes,0.153,22,4633.92,4219.12,4854.45,4087.86,10,5,43,2024
2024-10-27,P005,Desk,Furniture,246.68,No,0.0,12,2960.19,4633.92,5516.06,4056.355714285714,10,6,43,2024
2024-10-28,P005,Desk,Furniture,245.55,No,0.0,15,3683.29,2960.19,3309.79,3691.2314285714288,10,0,44,2024
2024-10-29,P005,Desk,Furniture,236.78,No,0.0,11,2604.57,3683.29,3166.08,3744.588571428572,10,1,44,2024
2024-10-30,P005,Desk,Furniture,228.62,Yes,0.112,20,4060.63,2604.57,4050.68,3664.3728571428574,10,2,44,2024
2024-10-31,P005,Desk,Furniture,229.0,No,0.0,14,3206.06,4060.63,3498.84,3665.7942857142853,10,3,44,2024
2024-11-01,P005,Desk,Furniture,228.66,No,0.0,17,3887.22,3206.06,4219.12,3623.968571428571,11,4,44,2024
2024-11-02,P005,Desk,Furniture,239.86,Yes,0.176,33,6522.35,3887.22,4633.92,3576.554285714286,11,5,44,2024
2024-11-03,P005,Desk,Furniture,247.66,No,0.0,35,8668.22,6522.35,2960.19,3846.3299999999995,11,6,44,2024
2024-11-04,P005,Desk,Furniture,238.71,No,0.0,21,5012.81,8668.22,3683.29,4661.762857142857,11,0,45,2024
2024-11-05,P005,Desk,Furniture,237.26,Yes,0.157,32,6399.91,5012.81,2604.57,4851.694285714286,11,1,45,2024
2024-11-06,P005,Desk,Furniture,246.45,No,0.0,24,5914.75,6399.91,4060.63,5393.885714285714,11,2,45,2024
2024-11-07,P005,Desk,Furniture,234.63,Yes,0.161,26,5116.92,5914.75,3206.06,5658.76,11,3,45,2024
2024-11-08,P005,Desk,Furniture,246.09,Yes,0.104,34,7496.74,5116.92,3887.22,5931.74,11,4,45,2024
2024-11-09,P005,Desk,Furniture,237.73,Yes,0.151,26,5250.65,7496.74,6522.35,6447.385714285715,11,5,45,2024
2024-11-10,P005,Desk,Furniture,236.36,No,0.0,23,5436.22,5250.65,8668.22,6265.714285714285,11,6,45,2024
2024-11-11,P005,Desk,Furniture,245.84,No,0.0,22,5408.46,5436.22,5012.81,5804.0,11,0,46,2024
2024-11-12,P005,Desk,Furniture,240.2,No,0.0,23,5524.6,5408.46,6399.91,5860.521428571429,11,1,46,2024
2024-11-13,P005,Desk,Furniture,228.91,No,0.0,23,5265.03,5524.6,5914.75,5735.477142857143,11,2,46,2024
2024-11-14,P005,Desk,Furniture,227.23,No,0.0,32,7271.46,5265.03,5116.92,5642.660000000001,11,3,46,2024
2024-11-15,P005,Desk,Furniture,228.69,No,0.0,16,3659.08,7271.46,7496.74,5950.451428571428,11,4,46,2024
2024-11-16,P005,Desk,Furniture,246.03,No,0.0,25,6150.74,3659.08,5250.65,5402.214285714285,11,5,46,2024
2024-11-17,P005,Desk,Furniture,232.04,Yes,0.138,39,7803.4,6150.74,5436.22,5530.798571428572,11,6,46,2024
2024-11-18,P005,Desk,Furniture,237.78,No,0.0,26,6182.38,7803.4,5408.46,5868.967142857143,11,0,47,2024
2024-11-19,P005,Desk,Furniture,242.96,Yes,0.137,24,5029.5,6182.38,5524.6,5979.527142857143,11,1,47,2024
2024-11-20,P005,Desk,Furniture,251.71,Yes,0.071,29,6777.57,5029.5,5265.03,5908.798571428572,11,2,47,2024
2024-11-21,P005,Desk,Furniture,216.85,No,0.0,28,6071.84,6777.57,7271.46,6124.875714285714,11,3,47,2024
2024-11-22,P005,Desk,Furniture,259.03,Yes,0.232,20,3977.71,6071.84,3659.08,5953.501428571428,11,4,47,2024
2024-11-23,P005,Desk,Furniture,225.45,No,0.0,26,5861.78,3977.71,6150.74,5999.0199999999995,11,5,47,2024
2024-11-24,P005,Desk,Furniture,237.68,No,0.0,23,5466.66,5861.78,7803.4,5957.739999999999,11,6,47,2024
2024-11-25,P005,Desk,Furniture,238.94,Yes,0.137,23,4745.33,5466.66,6182.38,5623.92,11,0,48,2024
2024-11-26,P005,Desk,Furniture,233.36,No,0.0,20,4667.25,4745.33,5029.5,5418.627142857143,11,1,48,2024
2024-11-27,P005,Desk,Furniture,269.25,No,0.0,23,6192.84,4667.25,6777.57,5366.877142857143,11,2,48,2024
2024-11-28,P005,Desk,Furniture,233.21,No,0.0,19,4430.92,6192.84,6071.84,5283.344285714285,11,3,48,2024
2024-11-29,P005,Desk,Furniture,244.84,No,0.0,22,5386.53,4430.92,3977.71,5048.927142857144,11,4,48,2024
2024-11-30,P005,Desk,Furniture,245.3,No,0.0,34,8340.34,5386.53,5861.78,5250.187142857142,11,5,48,2024
2024-12-01,P005,Desk,Furniture,223.2,Yes,0.136,37,7132.11,8340.34,5466.66,5604.267142857142,12,6,48,2024
2024-12-02,P005,Desk,Furniture,252.16,No,0.0,25,6304.07,7132.11,4745.33,5842.18857142857,12,0,49,2024
2024-12-03,P005,Desk,Furniture,256.21,No,0.0,19,4868.03,6304.07,4667.25,6064.865714285714,12,1,49,2024
2024-12-04,P005,Desk,Furniture,222.05,Yes,0.159,39,7285.14,4868.03,6192.84,6093.5485714285705,12,2,49,2024
2024-12-05,P005,Desk,Furniture,238.45,Yes,0.147,26,5286.01,7285.14,4430.92,6249.591428571429,12,3,49,2024
2024-12-06,P005,Desk,Furniture,230.54,No,0.0,24,5532.85,5286.01,5386.53,6371.7471428571425,12,4,49,2024
2024-12-07,P005,Desk,Furniture,239.98,No,0.0,28,6719.37,5532.85,8340.34,6392.650000000001,12,5,49,2024
2024-12-08,P005,Desk,Furniture,235.69,No,0.0,30,7070.68,6719.37,7132.11,6161.082857142857,12,6,49,2024
2024-12-09,P005,Desk,Furniture,236.33,Yes,0.064,29,6412.58,7070.68,6304.07,6152.307142857143,12,0,50,2024
2024-12-10,P005,Desk,Furniture,221.78,No,0.0,27,5988.09,6412.58,4868.03,6167.808571428572,12,1,50,2024
2024-12-11,P005,Desk,Furniture,243.46,No,0.0,29,7060.32,5988.09,7285.14,6327.817142857143,12,2,50,2024
2024-12-12,P005,Desk,Furniture,220.81,Yes,0.203,26,4574.68,7060.32,5286.01,6295.699999999999,12,3,50,2024
2024-12-13,P005,Desk,Furniture,240.09,No,0.0,26,6242.4,4574.68,5532.85,6194.08142857143,12,4,50,2024
2024-12-14,P005,Desk,Furniture,238.34,No,0.0,25,5958.41,6242.4,6719.37,6295.445714285714,12,5,50,2024
2024-12-15,P005,Desk,Furniture,251.96,No,0.0,34,8566.48,5958.41,7070.68,6186.737142857143,12,6,50,2024
2024-12-16,P005,Desk,Furniture,230.9,No,0.0,19,4387.13,8566.48,6412.58,6400.422857142857,12,0,51,2024
2024-12-17,P005,Desk,Furniture,241.12,No,0.0,19,4581.31,4387.13,5988.09,6111.072857142857,12,1,51,2024
2024-12-18,P005,Desk,Furniture,234.42,No,0.0,25,5860.62,4581.31,7060.32,5910.104285714285,12,2,51,2024
2024-12-19,P005,Desk,Furniture,240.83,No,0.0,27,6502.52,5860.62,4574.68,5738.718571428572,12,3,51,2024
2024-12-20,P005,Desk,Furniture,234.36,No,0.0,23,5390.18,6502.52,6242.4,6014.124285714286,12,4,51,2024
2024-12-21,P005,Desk,Furniture,245.03,No,0.0,39,9556.11,5390.18,5958.41,5892.378571428571,12,5,51,2024
2024-12-22,P005,Desk,Furniture,251.59,No,0.0,38,9560.26,9556.11,8566.48,6406.335714285714,12,6,51,2024
2024-12-23,P005,Desk,Furniture,230.41,No,0.0,32,7373.15,9560.26,4387.13,6548.304285714286,12,0,52,2024
2024-12-24,P005,Desk,Furniture,242.18,Yes,0.1,38,8282.04,7373.15,4581.31,6974.8785714285705,12,1,52,2024
2024-12-25,P005,Desk,Furniture,243.19,No,0.0,34,8268.48,8282.04,5860.62,7503.554285714286,12,2,52,2024
2024-12-26,P005,Desk,Furniture,244.48,No,0.0,41,10023.55,8268.48,6502.52,7847.534285714285,12,3,52,2024
2024-12-27,P005,Desk,Furniture,243.12,Yes,0.188,40,7896.76,10023.55,5390.18,8350.538571428571,12,4,52,2024
2024-12-28,P005,Desk,Furniture,240.35,No,0.0,38,9133.11,7896.76,9556.11,8708.621428571429,12,5,52,2024
2024-12-29,P005,Desk,Furniture,228.53,Yes,0.092,49,10163.08,9133.11,9560.26,8648.192857142856,12,6,52,2024
2024-12-30,P005,Desk,Furniture,243.7,No,0.0,33,8041.96,10163.08,7373.15,8734.31,12,0,1,2024
2024-12-31,P005,Desk,Furniture,240.28,No,0.0,37,8890.31,8041.96,8282.04,8829.854285714286,12,1,1,2024
2025-01-01,P005,Desk,Furniture,239.49,No,0.0,46,11016.54,8890.31,8268.48,8916.75,1,2,1,2025
2025-01-02,P005,Desk,Furniture,243.76,No,0.0,36,8775.38,11016.54,10023.55,9309.33,1,3,1,2025
2025-01-03,P005,Desk,Furniture,251.89,No,0.0,17,4282.06,8775.38,7896.76,9131.02,1,4,1,2025
2025-01-04,P005,Desk,Furniture,245.46,No,0.0,30,7363.88,4282.06,9133.11,8614.634285714286,1,5,1,2025
2025-01-05,P005,Desk,Furniture,243.08,No,0.0,22,5347.75,7363.88,10163.08,8361.887142857144,1,6,1,2025
2025-01-06,P005,Desk,Furniture,249.96,No,0.0,19,4749.31,5347.75,8041.96,7673.982857142858,1,0,2,2025
2025-01-07,P005,Desk,Furniture,253.36,No,0.0,21,5320.55,4749.31,8890.31,7203.604285714287,1,1,2,2025
2025-01-08,P005,Desk,Furniture,236.7,No,0.0,15,3550.54,5320.55,11016.54,6693.638571428572,1,2,2,2025
2025-01-09,P005,Desk,Furniture,244.25,No,0.0,20,4884.91,3550.54,8775.38,5627.067142857143,1,3,2,2025
2025-01-10,P005,Desk,Furniture,258.74,Yes,0.218,23,4655.97,4884.91,4282.06,5071.285714285715,1,4,2,2025
2025-01-11,P005,Desk,Furniture,233.78,No,0.0,29,6779.69,4655.97,7363.88,5124.7014285714295,1,5,2,2025
2025-01-12,P005,Desk,Furniture,259.6,No,0.0,17,4413.24,6779.69,5347.75,5041.245714285715,1,6,2,2025
2025-01-13,P005,Desk,Furniture,242.57,Yes,0.108,21,4542.95,4413.24,4749.31,4907.744285714286,1,0,3,2025
2025-01-14,P005,Desk,Furniture,240.48,Yes,0.22,25,4691.52,4542.95,5320.55,4878.2642857142855,1,1,3,2025
2025-01-15,P005,Desk,Furniture,238.34,No,0.0,16,3813.43,4691.52,3550.54,4788.402857142857,1,2,3,2025
2025-01-16,P005,Desk,Furniture,238.84,No,0.0,24,5732.1,3813.43,4884.91,4825.958571428571,1,3,3,2025
2025-01-17,P005,Desk,Furniture,236.48,No,0.0,15,3547.24,5732.1,4655.97,4946.9857142857145,1,4,3,2025
2025-01-18,P005,Desk,Furniture,232.14,No,0.0,28,6500.04,3547.24,6779.69,4788.595714285714,1,5,3,2025
2025-01-19,P005,Desk,Furniture,256.16,No,0.0,25,6403.92,6500.04,4413.24,4748.645714285713,1,6,3,2025
2025-01-20,P005,Desk,Furniture,226.57,No,0.0,26,5890.89,6403.92,4542.95,5033.028571428572,1,0,4,2025
2025-01-21,P005,Desk,Furniture,243.64,No,0.0,21,5116.51,5890.89,4691.52,5225.591428571429,1,1,4,2025
2025-01-22,P005,Desk,Furniture,240.31,No,0.0,22,5286.91,5116.51,3813.43,5286.304285714286,1,2,4,2025
2025-01-23,P005,Desk,Furniture,244.58,No,0.0,23,5625.45,5286.91,5732.1,5496.801428571429,1,3,4,2025
2025-01-24,P005,Desk,Furniture,239.02,No,0.0,32,7648.64,5625.45,3547.24,5481.565714285714,1,4,4,2025
2025-01-25,P005,Desk,Furniture,231.28,No,0.0,31,7169.65,7648.64,6500.04,6067.4800000000005,1,5,4,2025
2025-01-26,P005,Desk,Furniture,226.51,Yes,0.163,27,5120.31,7169.65,6403.92,6163.138571428572,1,6,4,2025
2025-01-27,P005,Desk,Furniture,242.38,No,0.0,26,6301.8,5120.31,5890.89,5979.765714285714,1,0,5,2025
2025-01-28,P005,Desk,Furniture,225.06,No,0.0,28,6301.57,6301.8,5116.51,6038.467142857143,1,1,5,2025
2025-01-29,P005,Desk,Furniture,236.56,No,0.0,15,3548.35,6301.57,5286.91,6207.761428571428,1,2,5,2025
2025-01-30,P005,Desk,Furniture,240.67,Yes,0.053,30,6837.41,3548.35,5625.45,5959.395714285713,1,3,5,2025
2025-01-31,P005,Desk,Furniture,225.65,No,0.0,18,4061.64,6837.41,7648.64,6132.532857142857,1,4,5,2025
2025-02-01,P005,Desk,Furniture,236.39,No,0.0,20,4727.82,4061.64,7169.65,5620.104285714285,2,5,5,2025
2025-02-02,P005,Desk,Furniture,231.79,No,0.0,30,6953.75,4727.82,5120.31,5271.271428571429,2,6,5,2025
2025-02-03,P005,Desk,Furniture,257.17,Yes,0.153,33,7187.38,6953.75,6301.8,5533.191428571428,2,0,6,2025
2025-02-04,P005,Desk,Furniture,266.93,Yes,0.124,28,6546.78,7187.38,6301.57,5659.702857142857,2,1,6,2025
2025-02-05,P005,Desk,Furniture,244.89,No,0.0,29,7101.9,6546.78,3548.35,5694.732857142857,2,2,6,2025
2025-02-06,P005,Desk,Furniture,230.43,Yes,0.056,32,6958.44,7101.9,6837.41,6202.382857142858,2,3,6,2025
2025-02-07,P005,Desk,Furniture,250.15,No,0.0,22,5503.32,6958.44,4061.64,6219.672857142857,2,4,6,2025
2025-02-08,P005,Desk,Furniture,240.01,No,0.0,34,8160.44,5503.32,4727.82,6425.627142857142,2,5,6,2025
2025-02-09,P005,Desk,Furniture,226.53,No,0.0,25,5663.13,8160.44,6953.75,6916.001428571428,2,6,6,2025
2025-02-10,P005,Desk,Furniture,248.18,No,0.0,19,4715.46,5663.13,7187.38,6731.627142857142,2,0,7,2025
2025-02-11,P005,Desk,Furniture,240.98,No,0.0,19,4578.57,4715.46,6546.78,6378.495714285715,2,1,7,2025
2025-02-12,P005,Desk,Furniture,238.38,Yes,0.205,15,2841.36,4578.57,7101.9,6097.322857142856,2,2,7,2025
2025-02-13,P005,Desk,Furniture,238.86,No,0.0,22,5254.86,2841.36,6958.44,5488.674285714284,2,3,7,2025
2025-02-14,P005,Desk,Furniture,256.63,No,0.0,28,7185.7,5254.86,5503.32,5245.305714285714,2,4,7,2025
2025-02-15,P005,Desk,Furniture,252.05,No,0.0,21,5293.06,7185.7,8160.44,5485.645714285713,2,5,7,2025
2025-02-16,P005,Desk,Furniture,243.6,No,0.0,22,5359.17,5293.06,5663.13,5076.0199999999995,2,6,7,2025
2025-02-17,P005,Desk,Furniture,237.07,No,0.0,28,6637.88,5359.17,4715.46,5032.597142857143,2,0,8,2025
2025-02-18,P005,Desk,Furniture,242.28,No,0.0,20,4845.56,6637.88,4578.57,5307.228571428571,2,1,8,2025
2025-02-19,P005,Desk,Furniture,237.95,Yes,0.227,32,5886.99,4845.56,2841.36,5345.37,2,2,8,2025
2025-02-20,P005,Desk,Furniture,250.97,No,0.0,19,4768.44,5886.99,5254.86,5780.46,2,3,8,2025
2025-02-21,P005,Desk,Furniture,236.35,Yes,0.098,31,6609.7,4768.44,7185.7,5710.971428571428,2,4,8,2025
2025-02-22,P005,Desk,Furniture,242.06,Yes,0.157,30,6118.62,6609.7,5293.06,5628.685714285714,2,5,8,2025
2025-02-23,P005,Desk,Furniture,232.1,No,0.0,31,7195.01,6118.62,5359.17,5746.622857142857,2,6,8,2025
2025-02-24,P005,Desk,Furniture,227.23,No,0.0,21,4771.92,7195.01,6637.88,6008.885714285714,2,0,9,2025
2025-02-25,P005,Desk,Furniture,248.65,No,0.0,24,5967.66,4771.92,4845.56,5742.32,2,1,9,2025
2025-02-26,P005,Desk,Furniture,225.94,No,0.0,35,7907.97,5967.66,5886.99,5902.62,2,2,9,2025
2025-02-27,P005,Desk,Furniture,235.06,No,0.0,19,4466.09,7907.97,4768.44,6191.331428571429,2,3,9,2025
2025-02-28,P005,Desk,Furniture,249.11,No,0.0,21,5231.41,4466.09,6609.7,6148.138571428572,2,4,9,2025
2025-03-01,P005,Desk,Furniture,226.63,No,0.0,39,8838.56,5231.41,6118.62,5951.24,3,5,9,2025
2025-03-02,P005,Desk,Furniture,250.94,Yes,0.078,21,4860.31,8838.56,7195.01,6339.802857142858,3,6,9,2025
2025-03-03,P005,Desk,Furniture,236.36,No,0.0,24,5672.63,4860.31,4771.92,6006.274285714286,3,0,10,2025
2025-03-04,P005,Desk,Furniture,248.05,No,0.0,36,8929.8,5672.63,5967.66,6134.947142857143,3,1,10,2025
2025-03-05,P005,Desk,Furniture,227.42,No,0.0,23,5230.67,8929.8,7907.97,6558.11,3,2,10,2025
2025-03-06,P005,Desk,Furniture,228.5,Yes,0.191,36,6653.79,5230.67,4466.09,6175.638571428572,3,3,10,2025
2025-03-07,P005,Desk,Furniture,247.34,No,0.0,21,5194.16,6653.79,5231.41,6488.167142857143,3,4,10,2025
2025-03-08,P005,Desk,Furniture,228.79,Yes,0.167,35,6673.23,5194.16,8838.56,6482.845714285714,3,5,10,2025
2025-03-09,P005,Desk,Furniture,237.48,Yes,0.152,41,8253.13,6673.23,4860.31,6173.512857142857,3,6,10,2025
2025-03-10,P005,Desk,Furniture,246.02,No,0.0,26,6396.61,8253.13,5672.63,6658.2014285714295,3,0,11,2025
2025-03-11,P005,Desk,Furniture,237.39,Yes,0.065,39,8652.4,6396.61,8929.8,6761.627142857142,3,1,11,2025
2025-03-12,P005,Desk,Furniture,248.56,Yes,0.084,30,6828.49,8652.4,5230.67,6721.998571428571,3,2,11,2025
2025-03-13,P005,Desk,Furniture,253.3,No,0.0,24,6079.12,6828.49,6653.79,6950.25857142857,3,3,11,2025
2025-03-14,P005,Desk,Furniture,242.52,No,0.0,29,7033.03,6079.12,5194.16,6868.162857142857,3,4,11,2025
2025-03-15,P005,Desk,Furniture,242.43,No,0.0,35,8485.16,7033.03,6673.23,7130.858571428571,3,5,11,2025
2025-03-16,P005,Desk,Furniture,239.17,No,0.0,31,7414.29,8485.16,8253.13,7389.705714285715,3,6,11,2025
2025-03-17,P005,Desk,Furniture,229.18,No,0.0,28,6417.01,7414.29,6396.61,7269.871428571428,3,0,12,2025
2025-03-18,P005,Desk,Furniture,246.04,Yes,0.121,28,6054.55,6417.01,8652.4,7272.785714285715,3,1,12,2025
2025-03-19,P005,Desk,Furniture,248.05,No,0.0,34,8433.74,6054.55,6828.49,6901.664285714286,3,2,12,2025
2025-03-20,P005,Desk,Furniture,252.9,No,0.0,26,6575.49,8433.74,6079.12,7130.9857142857145,3,3,12,2025
2025-03-21,P005,Desk,Furniture,231.5,Yes,0.188,35,6578.47,6575.49,7033.03,7201.895714285713,3,4,12,2025
2025-03-22,P005,Desk,Furniture,227.58,No,0.0,32,7282.5,6578.47,8485.16,7136.958571428571,3,5,12,2025
2025-03-23,P005,Desk,Furniture,236.76,No,0.0,26,6155.79,7282.5,7414.29,6965.150000000001,3,6,12,2025
2025-03-24,P005,Desk,Furniture,242.44,No,0.0,36,8727.91,6155.79,6417.01,6785.364285714286,3,0,13,2025
2025-03-25,P005,Desk,Furniture,235.81,No,0.0,29,6838.53,8727.91,6054.55,7115.492857142856,3,1,13,2025
2025-03-26,P005,Desk,Furniture,234.94,No,0.0,25,5873.45,6838.53,8433.74,7227.49,3,2,13,2025
2025-03-27,P005,Desk,Furniture,236.1,Yes,0.06,29,6436.86,5873.45,6575.49,6861.734285714286,3,3,13,2025
2025-03-28,P005,Desk,Furniture,245.5,No,0.0,28,6873.9,6436.86,6578.47,6841.93,3,4,13,2025
2025-03-29,P005,Desk,Furniture,247.48,Yes,0.146,33,6970.58,6873.9,7282.5,6884.134285714286,3,5,13,2025
2025-03-30,P005,Desk,Furniture,241.54,Yes,0.186,35,6880.16,6970.58,6155.79,6839.574285714285,3,6,13,2025
2025-03-31,P005,Desk,Furniture,256.54,No,0.0,23,5900.32,6880.16,8727.91,6943.055714285714,3,0,14,2025
2025-04-01,P005,Desk,Furniture,252.89,No,0.0,13,3287.59,5900.32,6838.53,6539.114285714285,4,1,14,2025
2025-04-02,P005,Desk,Furniture,238.52,No,0.0,27,6440.16,3287.59,5873.45,6031.837142857142,4,2,14,2025
2025-04-03,P005,Desk,Furniture,238.48,No,0.0,19,4531.03,6440.16,6436.86,6112.795714285714,4,3,14,2025
2025-04-04,P005,Desk,Furniture,238.55,No,0.0,33,7872.17,4531.03,6873.9,5840.534285714285,4,4,14,2025
2025-04-05,P005,Desk,Furniture,228.58,No,0.0,27,6171.73,7872.17,6970.58,5983.144285714285,4,5,14,2025
2025-04-06,P005,Desk,Furniture,247.3,No,0.0,26,6429.85,6171.73,6880.16,5869.022857142858,4,6,14,2025
2025-04-07,P005,Desk,Furniture,252.38,No,0.0,30,7571.49,6429.85,5900.32,5804.692857142857,4,0,15,2025
2025-04-08,P005,Desk,Furniture,236.67,No,0.0,19,4496.81,7571.49,3287.59,6043.431428571428,4,1,15,2025
2025-04-09,P005,Desk,Furniture,242.72,No,0.0,14,3398.09,4496.81,6440.16,6216.177142857144,4,2,15,2025
2025-04-10,P005,Desk,Furniture,233.62,Yes,0.242,30,5309.54,3398.09,4531.03,5781.595714285714,4,3,15,2025
2025-04-11,P005,Desk,Furniture,240.58,No,0.0,21,5052.2,5309.54,7872.17,5892.811428571428,4,4,15,2025
2025-04-12,P005,Desk,Furniture,231.18,Yes,0.161,49,9501.47,5052.2,6171.73,5489.958571428571,4,5,15,2025
2025-04-13,P005,Desk,Furniture,243.53,No,0.0,26,6331.8,9501.47,6429.85,5965.635714285714,4,6,15,2025
2025-04-14,P005,Desk,Furniture,245.64,No,0.0,24,5895.33,6331.8,7571.49,5951.628571428571,4,0,16,2025
2025-04-15,P005,Desk,Furniture,236.38,No,0.0,19,4491.16,5895.33,4496.81,5712.177142857143,4,1,16,2025
2025-04-16,P005,Desk,Furniture,226.59,No,0.0,32,7250.99,4491.16,3398.09,5711.37,4,2,16,2025
2025-04-17,P005,Desk,Furniture,232.81,No,0.0,28,6518.71,7250.99,5309.54,6261.784285714285,4,3,16,2025
2025-04-18,P005,Desk,Furniture,247.12,Yes,0.179,30,6089.27,6518.71,5052.2,6434.522857142857,4,4,16,2025
2025-04-19,P005,Desk,Furniture,252.15,No,0.0,18,4538.77,6089.27,9501.47,6582.675714285715,4,5,16,2025
2025-04-20,P005,Desk,Furniture,243.34,No,0.0,28,6813.58,4538.77,6331.8,5873.7185714285715,4,6,16,2025
2025-04-21,P005,Desk,Furniture,235.55,Yes,0.184,44,8456.37,6813.58,5895.33,5942.544285714285,4,0,17,2025
2025-04-22,P005,Desk,Furniture,244.38,No,0.0,30,7331.26,8456.37,4491.16,6308.407142857143,4,1,17,2025
2025-04-23,P005,Desk,Furniture,239.68,No,0.0,26,6231.6,7331.26,7250.99,6714.135714285714,4,2,17,2025
2025-04-24,P005,Desk,Furniture,243.23,No,0.0,26,6323.89,6231.6,6518.71,6568.508571428572,4,3,17,2025
2025-04-25,P005,Desk,Furniture,248.16,No,0.0,24,5955.8,6323.89,6089.27,6540.677142857144,4,4,17,2025
2025-04-26,P005,Desk,Furniture,254.8,Yes,0.213,39,7819.94,5955.8,4538.77,6521.610000000001,4,5,17,2025
2025-04-27,P005,Desk,Furniture,229.58,No,0.0,23,5280.23,7819.94,6813.58,6990.348571428572,4,6,17,2025
2025-04-28,P005,Desk,Furniture,253.27,No,0.0,25,6331.69,5280.23,8456.37,6771.298571428572,4,0,18,2025
2025-04-29,P005,Desk,Furniture,247.52,No,0.0,19,4702.92,6331.69,7331.26,6467.772857142857,4,1,18,2025
2025-04-30,P005,Desk,Furniture,249.25,No,0.0,28,6979.1,4702.92,6231.6,6092.295714285713,4,2,18,2025
2025-05-01,P005,Desk,Furniture,237.52,No,0.0,23,5462.92,6979.1,6323.89,6199.081428571429,5,3,18,2025
2025-05-02,P005,Desk,Furniture,240.51,No,0.0,29,6974.86,5462.92,5955.8,6076.085714285714,5,4,18,2025
2025-05-03,P005,Desk,Furniture,238.41,No,0.0,25,5960.13,6974.86,7819.94,6221.665714285715,5,5,18,2025
2025-05-04,P005,Desk,Furniture,240.03,No,0.0,29,6960.74,5960.13,5280.23,5955.978571428571,5,6,18,2025
2025-05-05,P005,Desk,Furniture,240.43,Yes,0.208,28,5329.66,6960.74,6331.69,6196.051428571429,5,0,19,2025
2025-05-06,P005,Desk,Furniture,244.28,No,0.0,29,7084.25,5329.66,4702.92,6052.904285714286,5,1,19,2025
2025-05-07,P005,Desk,Furniture,229.74,No,0.0,24,5513.69,7084.25,6979.1,6393.094285714286,5,2,19,2025
2025-05-08,P005,Desk,Furniture,241.72,No,0.0,22,5317.83,5513.69,5462.92,6183.75,5,3,19,2025
2025-05-09,P005,Desk,Furniture,235.15,No,0.0,18,4232.73,5317.83,6974.86,6163.022857142857,5,4,19,2025
2025-05-10,P005,Desk,Furniture,237.67,Yes,0.128,32,6635.34,4232.73,5960.13,5771.29,5,5,19,2025
2025-05-11,P005,Desk,Furniture,225.11,No,0.0,39,8779.21,6635.34,6960.74,5867.748571428571,5,6,19,2025
2025-05-12,P005,Desk,Furniture,210.42,Yes,0.097,36,6838.32,8779.21,5329.66,6127.530000000001,5,0,20,2025
2025-05-13,P005,Desk,Furniture,236.73,No,0.0,30,7101.78,6838.32,7084.25,6343.052857142857,5,1,20,2025
2025-05-14,P005,Desk,Furniture,235.73,No,0.0,27,6364.78,7101.78,5513.69,6345.557142857143,5,2,20,2025
2025-05-15,P005,Desk,Furniture,243.81,Yes,0.075,33,7440.14,6364.78,5317.83,6467.141428571428,5,3,20,2025
2025-05-16,P005,Desk,Furniture,251.04,No,0.0,22,5522.82,7440.14,4232.73,6770.328571428572,5,4,20,2025
2025-05-17,P005,Desk,Furniture,237.65,No,0.0,32,7604.88,5522.82,6635.34,6954.627142857143,5,5,20,2025
2025-05-18,P005,Desk,Furniture,225.02,No,0.0,32,7200.69,7604.88,8779.21,7093.132857142858,5,6,20,2025
2025-05-19,P005,Desk,Furniture,235.61,No,0.0,29,6832.66,7200.69,6838.32,6867.63,5,0,21,2025
2025-05-20,P005,Desk,Furniture,235.33,No,0.0,30,7059.94,6832.66,7101.78,6866.8214285714275,5,1,21,2025
2025-05-21,P005,Desk,Furniture,242.21,No,0.0,25,6055.13,7059.94,6364.78,6860.844285714285,5,2,21,2025
2025-05-22,P005,Desk,Furniture,250.93,No,0.0,25,6273.28,6055.13,7440.14,6816.608571428571,5,3,21,2025
2025-05-23,P005,Desk,Furniture,241.4,Yes,0.112,25,5361.97,6273.28,5522.82,6649.914285714285,5,4,21,2025
2025-05-24,P005,Desk,Furniture,227.52,No,0.0,38,8645.7,5361.97,7604.88,6626.935714285713,5,5,21,2025
2025-05-25,P005,Desk,Furniture,243.79,No,0.0,28,6826.08,8645.7,7200.69,6775.624285714286,5,6,21,2025
2025-05-26,P005,Desk,Furniture,238.63,No,0.0,23,5488.57,6826.08,6832.66,6722.108571428572,5,0,22,2025
2025-05-27,P005,Desk,Furniture,254.06,No,0.0,21,5335.22,5488.57,7059.94,6530.095714285715,5,1,22,2025
2025-05-28,P005,Desk,Furniture,238.1,No,0.0,19,4523.94,5335.22,6055.13,6283.7071428571435,5,2,22,2025
2025-05-29,P005,Desk,Furniture,234.66,Yes,0.183,40,7672.06,4523.94,6273.28,6064.965714285715,5,3,22,2025
2025-05-30,P005,Desk,Furniture,219.81,No,0.0,31,6814.22,7672.06,5361.97,6264.791428571429,5,4,22,2025
2025-05-31,P005,Desk,Furniture,232.95,No,0.0,22,5124.95,6814.22,8645.7,6472.255714285716,5,5,22,2025
2025-06-01,P005,Desk,Furniture,243.91,No,0.0,30,7317.26,5124.95,6826.08,5969.291428571429,6,6,22,2025
2025-06-02,P005,Desk,Furniture,231.21,No,0.0,18,4161.84,7317.26,5488.57,6039.46,6,0,23,2025
2025-06-03,P005,Desk,Furniture,248.51,No,0.0,20,4970.12,4161.84,5335.22,5849.927142857143,6,1,23,2025
2025-06-04,P005,Desk,Furniture,260.85,No,0.0,15,3912.8,4970.12,4523.94,5797.7699999999995,6,2,23,2025
2025-06-05,P005,Desk,Furniture,244.61,Yes,0.143,32,6711.35,3912.8,7672.06,5710.464285714285,6,3,23,2025
2025-06-06,P005,Desk,Furniture,242.42,Yes,0.091,18,3966.11,6711.35,6814.22,5573.22,6,4,23,2025
2025-06-07,P005,Desk,Furniture,241.89,No,0.0,28,6772.84,3966.11,5124.95,5166.347142857143,6,5,23,2025
2025-06-08,P005,Desk,Furniture,251.15,Yes,0.232,40,7715.28,6772.84,7317.26,5401.76,6,6,23,2025
2025-06-09,P005,Desk,Furniture,238.92,No,0.0,26,6211.98,7715.28,4161.84,5458.620000000001,6,0,24,2025
2025-06-10,P005,Desk,Furniture,236.44,No,0.0,24,5674.64,6211.98,4970.12,5751.4971428571425,6,1,24,2025
2025-06-11,P005,Desk,Furniture,242.04,No,0.0,30,7261.23,5674.64,3912.8,5852.142857142857,6,2,24,2025
2025-06-12,P005,Desk,Furniture,241.85,No,0.0,30,7255.64,7261.23,6711.35,6330.49,6,3,24,2025
2025-06-13,P005,Desk,Furniture,241.11,No,0.0,20,4822.15,7255.64,3966.11,6408.245714285715,6,4,24,2025
2025-06-14,P005,Desk,Furniture,225.98,Yes,0.171,38,7120.59,4822.15,6772.84,6530.537142857143,6,5,24,2025
2025-06-15,P005,Desk,Furniture,233.23,Yes,0.064,39,8509.47,7120.59,7715.28,6580.215714285713,6,6,24,2025
2025-06-16,P005,Desk,Furniture,240.36,No,0.0,25,6008.89,8509.47,6211.98,6693.671428571428,6,0,25,2025
2025-06-17,P005,Desk,Furniture,234.56,No,0.0,19,4456.61,6008.89,5674.64,6664.658571428571,6,1,25,2025
2025-06-18,P005,Desk,Furniture,240.52,No,0.0,20,4810.3,4456.61,7261.23,6490.654285714286,6,2,25,2025
2025-06-19,P005,Desk,Furniture,228.39,No,0.0,36,8222.04,4810.3,7255.64,6140.521428571429,6,3,25,2025
2025-06-20,P005,Desk,Furniture,240.29,No,0.0,22,5286.35,8222.04,4822.15,6278.578571428572,6,4,25,2025
2025-06-21,P005,Desk,Furniture,238.12,No,0.0,32,7619.86,5286.35,7120.59,6344.892857142857,6,5,25,2025
2025-06-22,P005,Desk,Furniture,231.45,No,0.0,34,7869.19,7619.86,8509.47,6416.217142857144,6,6,25,2025
2025-06-23,P005,Desk,Furniture,233.84,Yes,0.061,24,5270.67,7869.19,6008.89,6324.748571428571,6,0,26,2025
2025-06-24,P005,Desk,Furniture,242.43,No,0.0,34,8242.5,5270.67,4456.61,6219.288571428572,6,1,26,2025
2025-06-25,P005,Desk,Furniture,239.85,Yes,0.192,38,7367.76,8242.5,4810.3,6760.13,6,2,26,2025
2025-06-26,P005,Desk,Furniture,237.41,Yes,0.182,28,5436.87,7367.76,8222.04,7125.481428571428,6,3,26,2025
2025-06-27,P005,Desk,Furniture,244.89,Yes,0.13,36,7665.76,5436.87,5286.35,6727.6,6,4,26,2025
2025-06-28,P005,Desk,Furniture,233.17,No,0.0,29,6761.96,7665.76,7619.86,7067.515714285714,6,5,26,2025
2025-06-29,P005,Desk,Furniture,240.71,Yes,0.058,40,9065.32,6761.96,7869.19,6944.958571428571,6,6,26,2025
2025-06-30,P005,Desk,Furniture,242.17,No,0.0,28,6780.7,9065.32,5270.67,7115.834285714286,6,0,27,2025
2025-07-01,P005,Desk,Furniture,233.45,No,0.0,26,6069.63,6780.7,8242.5,7331.552857142857,7,1,27,2025
2025-07-02,P005,Desk,Furniture,245.07,No,0.0,19,4656.4,6069.63,7367.76,7021.142857142857,7,2,27,2025
2025-07-03,P005,Desk,Furniture,237.61,No,0.0,24,5702.65,4656.4,5436.87,6633.805714285714,7,3,27,2025
2025-07-04,P005,Desk,Furniture,229.83,No,0.0,29,6665.04,5702.65,7665.76,6671.774285714286,7,4,27,2025
2025-07-05,P005,Desk,Furniture,242.91,No,0.0,27,6558.45,6665.04,6761.96,6528.814285714286,7,5,27,2025
2025-07-06,P005,Desk,Furniture,236.1,No,0.0,35,8263.67,6558.45,9065.32,6499.741428571428,7,6,27,2025
2025-07-07,P005,Desk,Furniture,245.03,No,0.0,27,6615.85,8263.67,6780.7,6385.219999999999,7,0,28,2025
2025-07-08,P005,Desk,Furniture,265.87,No,0.0,18,4785.7,6615.85,6069.63,6361.67,7,1,28,2025
2025-07-09,P005,Desk,Furniture,243.33,No,0.0,25,6083.19,4785.7,4656.4,6178.251428571428,7,2,28,2025
2025-07-10,P005,Desk,Furniture,240.67,No,0.0,18,4331.97,6083.19,5702.65,6382.078571428572,7,3,28,2025
2025-07-11,P005,Desk,Furniture,233.39,No,0.0,25,5834.74,4331.97,6665.04,6186.267142857143,7,4,28,2025
2025-07-12,P005,Desk,Furniture,225.44,Yes,0.063,27,5705.66,5834.74,6558.45,6067.652857142857,7,5,28,2025
2025-07-13,P005,Desk,Furniture,243.46,No,0.0,24,5843.1,5705.66,8263.67,5945.825714285714,7,6,28,2025
2025-07-14,P005,Desk,Furniture,242.52,No,0.0,19,4607.94,5843.1,6615.85,5600.030000000001,7,0,29,2025
2025-07-15,P005,Desk,Furniture,242.95,No,0.0,31,7531.3,4607.94,4785.7,5313.185714285713,7,1,29,2025
2025-07-16,P005,Desk,Furniture,237.3,No,0.0,20,4746.07,7531.3,6083.19,5705.414285714286,7,2,29,2025
2025-07-17,P005,Desk,Furniture,236.71,No,0.0,25,5917.84,4746.07,4331.97,5514.397142857143,7,3,29,2025
2025-07-18,P005,Desk,Furniture,232.72,No,0.0,29,6749.0,5917.84,5834.74,5740.949999999999,7,4,29,2025
2025-07-19,P005,Desk,Furniture,227.29,No,0.0,28,6364.17,6749.0,5705.66,5871.558571428571,7,5,29,2025
2025-07-20,P005,Desk,Furniture,247.57,Yes,0.192,40,7999.85,6364.17,5843.1,5965.63142857143,7,6,29,2025
2025-07-21,P005,Desk,Furniture,236.72,Yes,0.114,34,7130.78,7999.85,4607.94,6273.738571428571,7,0,30,2025
2025-07-22,P005,Desk,Furniture,227.76,No,0.0,28,6377.41,7130.78,7531.3,6634.144285714286,7,1,30,2025
2025-07-23,P005,Desk,Furniture,244.93,No,0.0,26,6368.18,6377.41,4746.07,6469.302857142857,7,2,30,2025
2025-07-24,P005,Desk,Furniture,243.69,No,0.0,24,5848.46,6368.18,5917.84,6701.032857142856,7,3,30,2025
2025-07-25,P005,Desk,Furniture,234.54,No,0.0,31,7270.87,5848.46,6749.0,6691.1214285714295,7,4,30,2025
2025-07-26,P005,Desk,Furniture,243.3,No,0.0,29,7055.82,7270.87,6364.17,6765.674285714286,7,5,30,2025
2025-07-27,P005,Desk,Furniture,254.14,No,0.0,17,4320.46,7055.82,7999.85,6864.481428571428,7,6,30,2025
2025-07-28,P005,Desk,Furniture,244.68,No,0.0,28,6851.04,4320.46,7130.78,6338.854285714285,7,0,31,2025
2025-07-29,P005,Desk,Furniture,248.01,No,0.0,28,6944.17,6851.04,6377.41,6298.891428571428,7,1,31,2025
2025-07-30,P005,Desk,Furniture,245.61,No,0.0,32,7859.55,6944.17,6368.18,6379.857142857143,7,2,31,2025
2025-07-31,P005,Desk,Furniture,239.41,No,0.0,26,6224.58,7859.55,5848.46,6592.909999999999,7,3,31,2025
2025-08-01,P005,Desk,Furniture,228.66,No,0.0,20,4573.17,6224.58,7270.87,6646.641428571428,8,4,31,2025
2025-08-02,P005,Desk,Furniture,238.87,No,0.0,23,5494.08,4573.17,7055.82,6261.255714285714,8,5,31,2025
2025-08-03,P005,Desk,Furniture,241.14,Yes,0.057,33,7505.24,5494.08,4320.46,6038.150000000001,8,6,31,2025
2025-08-04,P005,Desk,Furniture,242.05,No,0.0,21,5082.96,7505.24,6851.04,6493.118571428572,8,0,32,2025
2025-08-05,P005,Desk,Furniture,251.02,No,0.0,16,4016.33,5082.96,6944.17,6240.535714285715,8,1,32,2025
2025-08-06,P005,Desk,Furniture,255.87,Yes,0.187,33,6867.67,4016.33,7859.55,5822.272857142858,8,2,32,2025
2025-08-07,P005,Desk,Furniture,245.94,Yes,0.157,37,7669.94,6867.67,6224.58,5680.575714285714,8,3,32,2025
2025-08-08,P005,Desk,Furniture,235.49,No,0.0,26,6122.7,7669.94,4573.17,5887.055714285714,8,4,32,2025
2025-08-09,P005,Desk,Furniture,231.78,No,0.0,20,4635.65,6122.7,5494.08,6108.417142857143,8,5,32,2025
2025-08-10,P005,Desk,Furniture,219.91,No,0.0,26,5717.54,4635.65,7505.24,5985.784285714285,8,6,32,2025
2025-08-11,P005,Desk,Furniture,220.18,No,0.0,30,6605.26,5717.54,5082.96,5730.398571428572,8,0,33,2025
2025-08-12,P005,Desk,Furniture,244.02,No,0.0,17,4148.28,6605.26,4016.33,5947.870000000001,8,1,33,2025
2025-08-13,P005,Desk,Furniture,239.23,Yes,0.087,15,3274.74,4148.28,6867.67,5966.72,8,2,33,2025
2025-08-14,P005,Desk,Furniture,243.49,No,0.0,23,5600.36,3274.74,7669.94,5453.444285714286,8,3,33,2025
2025-08-15,P005,Desk,Furniture,246.55,Yes,0.124,24,5182.97,5600.36,6122.7,5157.79,8,4,33,2025
2025-08-16,P005,Desk,Furniture,239.86,No,0.0,17,4077.56,5182.97,4635.65,5023.542857142857,8,5,33,2025
2025-08-17,P005,Desk,Furniture,261.91,No,0.0,23,6023.95,4077.56,5717.54,4943.815714285714,8,6,33,2025
2025-08-18,P005,Desk,Furniture,243.28,No,0.0,27,6568.68,6023.95,6605.26,4987.5885714285705,8,0,34,2025
2025-08-19,P005,Desk,Furniture,245.33,No,0.0,13,3189.29,6568.68,4148.28,4982.362857142857,8,1,34,2025
2025-08-20,P005,Desk,Furniture,234.68,No,0.0,26,6101.58,3189.29,3274.74,4845.364285714286,8,2,34,2025
2025-08-21,P005,Desk,Furniture,231.76,No,0.0,23,5330.4,6101.58,5600.36,5249.198571428571,8,3,34,2025
2025-08-22,P005,Desk,Furniture,230.15,No,0.0,18,4142.78,5330.4,5182.97,5210.632857142858,8,4,34,2025
2025-08-23,P005,Desk,Furniture,252.73,No,0.0,17,4296.49,4142.78,4077.56,5062.034285714285,8,5,34,2025
2025-08-24,P005,Desk,Furniture,249.93,No,0.0,20,4998.68,4296.49,6023.95,5093.3099999999995,8,6,34,2025
2025-08-25,P005,Desk,Furniture,222.09,No,0.0,37,8217.35,4998.68,6568.68,4946.842857142858,8,0,35,2025
2025-08-26,P005,Desk,Furniture,253.2,No,0.0,21,5317.13,8217.35,3189.29,5182.367142857142,8,1,35,2025
2025-08-27,P005,Desk,Furniture,250.21,No,0.0,18,4503.72,5317.13,6101.58,5486.344285714285,8,2,35,2025
2025-08-28,P005,Desk,Furniture,234.82,No,0.0,14,3287.53,4503.72,5330.4,5258.078571428572,8,3,35,2025
2025-08-29,P005,Desk,Furniture,247.83,No,0.0,15,3717.47,3287.53,4142.78,4966.24,8,4,35,2025
2025-08-30,P005,Desk,Furniture,251.52,No,0.0,19,4778.85,3717.47,4296.49,4905.481428571429,8,5,35,2025
2025-08-31,P005,Desk,Furniture,243.54,Yes,0.098,23,5053.59,4778.85,4998.68,4974.39,8,6,35,2025
2025-09-01,P005,Desk,Furniture,239.17,Yes,0.15,19,3861.38,5053.59,8217.35,4982.234285714286,9,0,36,2025
2025-09-02,P005,Desk,Furniture,239.15,Yes,0.138,39,8043.04,3861.38,5317.13,4359.952857142857,9,1,36,2025
2025-09-03,P005,Desk,Furniture,251.17,Yes,0.231,30,5794.0,8043.04,4503.72,4749.368571428572,9,2,36,2025
2025-09-04,P005,Desk,Furniture,254.78,Yes,0.204,18,3648.65,5794.0,3287.53,4933.694285714286,9,3,36,2025
2025-09-05,P005,Desk,Furniture,251.96,No,0.0,15,3779.38,3648.65,3717.47,4985.282857142857,9,4,36,2025
2025-09-06,P005,Desk,Furniture,227.68,No,0.0,28,6375.0,3779.38,4778.85,4994.127142857143,9,5,36,2025
2025-09-07,P005,Desk,Furniture,229.55,No,0.0,27,6197.95,6375.0,5053.59,5222.148571428572,9,6,36,2025
2025-09-08,P005,Desk,Furniture,241.06,No,0.0,24,5785.41,6197.95,3861.38,5385.628571428571,9,0,37,2025
2025-09-09,P005,Desk,Furniture,233.17,Yes,0.167,28,5437.78,5785.41,8043.04,5660.49,9,1,37,2025
2025-09-10,P005,Desk,Furniture,234.38,Yes,0.129,32,6535.43,5437.78,5794.0,5288.3099999999995,9,2,37,2025
2025-09-11,P005,Desk,Furniture,239.88,Yes,0.159,30,6055.67,6535.43,3648.65,5394.228571428573,9,3,37,2025
2025-09-12,P005,Desk,Furniture,247.92,Yes,0.169,28,5771.04,6055.67,3779.38,5738.088571428571,9,4,37,2025
2025-09-13,P005,Desk,Furniture,227.25,No,0.0,32,7271.94,5771.04,6375.0,6022.611428571429,9,5,37,2025
2025-09-14,P005,Desk,Furniture,240.47,No,0.0,20,4809.32,7271.94,6197.95,6150.745714285714,9,6,37,2025
2025-09-15,P005,Desk,Furniture,243.16,No,0.0,12,2917.92,4809.32,5785.41,5952.37,9,0,38,2025
2025-09-16,P005,Desk,Furniture,242.73,No,0.0,25,6068.32,2917.92,5437.78,5542.728571428573,9,1,38,2025
2025-09-17,P005,Desk,Furniture,241.18,Yes,0.119,21,4461.8,6068.32,6535.43,5632.805714285714,9,2,38,2025
2025-09-18,P005,Desk,Furniture,240.58,No,0.0,19,4571.07,4461.8,6055.67,5336.572857142856,9,3,38,2025
2025-09-19,P005,Desk,Furniture,227.71,No,0.0,25,5692.7,4571.07,5771.04,5124.487142857142,9,4,38,2025
2025-09-20,P005,Desk,Furniture,238.42,No,0.0,18,4291.51,5692.7,7271.94,5113.295714285714,9,5,38,2025
2025-09-21,P005,Desk,Furniture,237.43,No,0.0,25,5935.8,4291.51,4809.32,4687.5199999999995,9,6,38,2025
2025-09-22,P005,Desk,Furniture,224.56,No,0.0,27,6063.06,5935.8,2917.92,4848.445714285714,9,0,39,2025
2025-09-23,P005,Desk,Furniture,242.14,No,0.0,22,5327.17,6063.06,6068.32,5297.751428571429,9,1,39,2025
2025-09-24,P005,Desk,Furniture,251.16,No,0.0,24,6027.77,5327.17,4461.8,5191.872857142857,9,2,39,2025
2025-09-25,P005,Desk,Furniture,242.37,No,0.0,29,7028.62,6027.77,4571.07,5415.582857142857,9,3,39,2025
2025-09-26,P005,Desk,Furniture,242.69,No,0.0,27,6552.66,7028.62,5692.7,5766.6614285714295,9,4,39,2025
2025-09-27,P005,Desk,Furniture,227.19,No,0.0,24,5452.6,6552.66,4291.51,5889.512857142858,9,5,39,2025
2025-09-28,P005,Desk,Furniture,248.75,No,0.0,33,8208.88,5452.6,5935.8,6055.382857142858,9,6,39,2025
2025-09-29,P005,Desk,Furniture,233.9,Yes,0.097,32,6757.83,8208.88,6063.06,6380.108571428571,9,0,40,2025
2025-09-30,P005,Desk,Furniture,238.03,No,0.0,16,3808.47,6757.83,5327.17,6479.361428571428,9,1,40,2025
2025-10-01,P005,Desk,Furniture,246.07,No,0.0,19,4675.42,3808.47,6027.77,6262.404285714286,10,2,40,2025
2025-10-02,P005,Desk,Furniture,241.28,No,0.0,19,4584.29,4675.42,7028.62,6069.211428571428,10,3,40,2025
2025-10-03,P005,Desk,Furniture,238.32,Yes,0.192,34,6546.1,4584.29,6552.66,5720.021428571427,10,4,40,2025
2025-10-04,P005,Desk,Furniture,224.32,No,0.0,31,6953.85,6546.1,5452.6,5719.084285714285,10,5,40,2025
2025-10-05,P005,Desk,Furniture,258.8,No,0.0,25,6470.06,6953.85,8208.88,5933.548571428572,10,6,40,2025
2025-10-06,P005,Desk,Furniture,249.45,No,0.0,23,5737.43,6470.06,6757.83,5685.145714285715,10,0,41,2025
2025-10-07,P005,Desk,Furniture,237.18,No,0.0,17,4031.99,5737.43,3808.47,5539.374285714286,10,1,41,2025
2025-10-08,P005,Desk,Furniture,233.5,Yes,0.117,37,7627.25,4031.99,4675.42,5571.305714285714,10,2,41,2025
2025-10-09,P005,Desk,Furniture,249.44,Yes,0.242,28,5296.74,7627.25,4584.29,5992.995714285715,10,3,41,2025
2025-10-10,P005,Desk,Furniture,234.06,No,0.0,16,3744.93,5296.74,6546.1,6094.774285714286,10,4,41,2025
2025-10-11,P005,Desk,Furniture,235.61,No,0.0,21,4947.79,3744.93,6953.85,5694.607142857143,10,5,41,2025
2025-10-12,P005,Desk,Furniture,250.49,No,0.0,31,7765.11,4947.79,6470.06,5408.027142857142,10,6,41,2025
2025-10-13,P005,Desk,Furniture,244.28,No,0.0,18,4396.96,7765.11,5737.43,5593.034285714285,10,0,42,2025
2025-10-14,P005,Desk,Furniture,231.68,No,0.0,16,3706.82,4396.96,4031.99,5401.538571428571,10,1,42,2025
2025-10-15,P005,Desk,Furniture,247.73,No,0.0,21,5202.32,3706.82,7627.25,5355.085714285714,10,2,42,2025
2025-10-16,P005,Desk,Furniture,216.11,No,0.0,11,2377.22,5202.32,5296.74,5008.667142857143,10,3,42,2025
2025-10-17,P005,Desk,Furniture,233.31,Yes,0.131,30,6080.1,2377.22,3744.93,4591.592857142857,10,4,42,2025
2025-10-18,P005,Desk,Furniture,253.95,No,0.0,19,4825.05,6080.1,4947.79,4925.188571428572,10,5,42,2025
2025-10-19,P005,Desk,Furniture,236.22,No,0.0,22,5196.9,4825.05,7765.11,4907.654285714285,10,6,42,2025
2025-10-20,P005,Desk,Furniture,228.82,Yes,0.076,31,6554.57,5196.9,4396.96,4540.767142857143,10,0,43,2025
2025-10-21,P005,Desk,Furniture,239.57,No,0.0,26,6228.94,6554.57,3706.82,4848.9971428571425,10,1,43,2025
2025-10-22,P005,Desk,Furniture,227.45,Yes,0.104,24,4893.31,6228.94,5202.32,5209.3,10,2,43,2025
2025-10-23,P005,Desk,Furniture,232.56,No,0.0,12,2790.73,4893.31,2377.22,5165.155714285714,10,3,43,2025
2025-10-24,P005,Desk,Furniture,234.1,No,0.0,21,4916.11,2790.73,6080.1,5224.228571428571,10,4,43,2025
2025-10-25,P005,Desk,Furniture,245.54,No,0.0,24,5892.84,4916.11,4825.05,5057.944285714286,10,5,43,2025
2025-10-26,P005,Desk,Furniture,234.39,No,0.0,31,7266.2,5892.84,5196.9,5210.485714285714,10,6,43,2025
2025-10-27,P005,Desk,Furniture,237.22,No,0.0,21,4981.64,7266.2,6554.57,5506.099999999999,10,0,44,2025
2025-10-28,P005,Desk,Furniture,237.05,No,0.0,24,5689.23,4981.64,6228.94,5281.395714285715,10,1,44,2025
2025-10-29,P005,Desk,Furniture,247.68,No,0.0,25,6192.08,5689.23,4893.31,5204.294285714285,10,2,44,2025
2025-10-30,P005,Desk,Furniture,235.72,No,0.0,22,5185.88,6192.08,2790.73,5389.832857142857,10,3,44,2025
2025-10-31,P005,Desk,Furniture,230.0,No,0.0,26,5979.99,5185.88,4916.11,5731.9971428571425,10,4,44,2025
2025-11-01,P005,Desk,Furniture,241.83,No,0.0,34,8222.35,5979.99,5892.84,5883.979999999999,11,5,44,2025
2025-11-02,P005,Desk,Furniture,240.68,No,0.0,28,6739.12,8222.35,7266.2,6216.767142857142,11,6,44,2025
2025-11-03,P005,Desk,Furniture,235.45,No,0.0,21,4944.5,6739.12,4981.64,6141.47,11,0,45,2025
2025-11-04,P005,Desk,Furniture,257.39,No,0.0,25,6434.87,4944.5,5689.23,6136.164285714285,11,1,45,2025
2025-11-05,P005,Desk,Furniture,235.63,Yes,0.24,31,5549.42,6434.87,6192.08,6242.684285714286,11,2,45,2025
2025-11-06,P005,Desk,Furniture,228.64,No,0.0,29,6630.5,5549.42,5185.88,6150.875714285714,11,3,45,2025
2025-11-07,P005,Desk,Furniture,247.02,No,0.0,29,7163.52,6630.5,5979.99,6357.25,11,4,45,2025
2025-11-08,P005,Desk,Furniture,246.49,No,0.0,21,5176.39,7163.52,8222.35,6526.325714285714,11,5,45,2025
2025-11-09,P005,Desk,Furniture,228.82,No,0.0,28,6407.09,5176.39,6739.12,6091.188571428572,11,6,45,2025
2025-11-10,P005,Desk,Furniture,233.75,No,0.0,30,7012.46,6407.09,4944.5,6043.755714285714,11,0,46,2025
2025-11-11,P005,Desk,Furniture,242.63,No,0.0,21,5095.21,7012.46,6434.87,6339.178571428572,11,1,46,2025
2025-11-12,P005,Desk,Furniture,241.76,Yes,0.121,28,5948.75,5095.21,5549.42,6147.7985714285705,11,2,46,2025
2025-11-13,P005,Desk,Furniture,249.34,Yes,0.23,30,5761.92,5948.75,6630.5,6204.845714285714,11,3,46,2025
2025-11-14,P005,Desk,Furniture,248.78,No,0.0,30,7463.48,5761.92,7163.52,6080.762857142858,11,4,46,2025
2025-11-15,P005,Desk,Furniture,220.17,No,0.0,28,6164.82,7463.48,5176.39,6123.614285714286,11,5,46,2025
2025-11-16,P005,Desk,Furniture,241.24,No,0.0,27,6513.38,6164.82,6407.09,6264.818571428571,11,6,46,2025
2025-11-17,P005,Desk,Furniture,235.78,Yes,0.206,25,4678.32,6513.38,7012.46,6280.0028571428575,11,0,47,2025
2025-11-18,P005,Desk,Furniture,244.77,No,0.0,26,6364.08,4678.32,5095.21,5946.554285714286,11,1,47,2025
2025-11-19,P005,Desk,Furniture,234.23,No,0.0,22,5153.06,6364.08,5948.75,6127.821428571428,11,2,47,2025
2025-11-20,P005,Desk,Furniture,241.76,No,0.0,23,5560.54,5153.06,5761.92,6014.151428571429,11,3,47,2025
2025-11-21,P005,Desk,Furniture,228.95,No,0.0,29,6639.45,5560.54,7463.48,5985.382857142856,11,4,47,2025
2025-11-22,P005,Desk,Furniture,244.58,No,0.0,26,6359.13,6639.45,6164.82,5867.664285714286,11,5,47,2025
2025-11-23,P005,Desk,Furniture,250.2,No,0.0,26,6505.26,6359.13,6513.38,5895.422857142857,11,6,47,2025
2025-11-24,P005,Desk,Furniture,247.79,No,0.0,26,6442.44,6505.26,4678.32,5894.262857142858,11,0,48,2025
2025-11-25,P005,Desk,Furniture,231.88,No,0.0,21,4869.55,6442.44,6364.08,6146.280000000001,11,1,48,2025
2025-11-26,P005,Desk,Furniture,232.7,No,0.0,32,7446.27,4869.55,5153.06,5932.7757142857145,11,2,48,2025
2025-11-27,P005,Desk,Furniture,239.42,No,0.0,25,5985.56,7446.27,5560.54,6260.377142857143,11,3,48,2025
2025-11-28,P005,Desk,Furniture,252.48,No,0.0,23,5807.07,5985.56,6639.45,6321.094285714286,11,4,48,2025
2025-11-29,P005,Desk,Furniture,245.92,No,0.0,35,8607.31,5807.07,6359.13,6202.182857142857,11,5,48,2025
2025-11-30,P005,Desk,Furniture,258.2,No,0.0,23,5938.6,8607.31,6505.26,6523.351428571429,11,6,48,2025
2025-12-01,P005,Desk,Furniture,232.88,No,0.0,29,6753.6,5938.6,6442.44,6442.400000000001,12,0,49,2025
2025-12-02,P005,Desk,Furniture,243.86,No,0.0,28,6828.01,6753.6,4869.55,6486.851428571428,12,1,49,2025
2025-12-03,P005,Desk,Furniture,247.52,Yes,0.246,36,6717.66,6828.01,7446.27,6766.63142857143,12,2,49,2025
2025-12-04,P005,Desk,Furniture,230.92,Yes,0.236,38,6708.07,6717.66,5985.56,6662.544285714285,12,3,49,2025
2025-12-05,P005,Desk,Furniture,236.05,No,0.0,22,5193.01,6708.07,5807.07,6765.76,12,4,49,2025
2025-12-06,P005,Desk,Furniture,241.42,No,0.0,35,8449.55,5193.01,8607.31,6678.037142857143,12,5,49,2025
2025-12-07,P005,Desk,Furniture,233.74,No,0.0,25,5843.48,8449.55,5938.6,6655.5,12,6,49,2025
2025-12-08,P005,Desk,Furniture,226.57,No,0.0,25,5664.29,5843.48,6753.6,6641.911428571429,12,0,50,2025
2025-12-09,P005,Desk,Furniture,237.62,No,0.0,18,4277.22,5664.29,6828.01,6486.295714285714,12,1,50,2025
2025-12-10,P005,Desk,Furniture,234.79,No,0.0,33,7748.05,4277.22,6717.66,6121.897142857143,12,2,50,2025
2025-12-11,P005,Desk,Furniture,247.16,Yes,0.114,41,8973.53,7748.05,6708.07,6269.095714285714,12,3,50,2025
2025-12-12,P005,Desk,Furniture,234.75,No,0.0,27,6338.21,8973.53,5193.01,6592.732857142858,12,4,50,2025
2025-12-13,P005,Desk,Furniture,241.88,No,0.0,37,8949.59,6338.21,8449.55,6756.332857142857,12,5,50,2025
2025-12-14,P005,Desk,Furniture,253.76,No,0.0,23,5836.45,8949.59,5843.48,6827.767142857142,12,6,50,2025
2025-12-15,P005,Desk,Furniture,248.29,No,0.0,23,5710.59,5836.45,5664.29,6826.762857142857,12,0,51,2025
2025-12-16,P005,Desk,Furniture,241.26,No,0.0,28,6755.37,5710.59,4277.22,6833.377142857143,12,1,51,2025
2025-12-17,P005,Desk,Furniture,245.23,No,0.0,22,5395.07,6755.37,7748.05,7187.398571428571,12,2,51,2025
2025-12-18,P005,Desk,Furniture,245.86,No,0.0,27,6638.13,5395.07,8973.53,6851.2585714285715,12,3,51,2025
2025-12-19,P005,Desk,Furniture,226.71,No,0.0,23,5214.25,6638.13,6338.21,6517.63,12,4,51,2025
2025-12-20,P005,Desk,Furniture,249.59,No,0.0,40,9983.5,5214.25,8949.59,6357.064285714286,12,5,51,2025
2025-12-21,P005,Desk,Furniture,225.67,Yes,0.101,57,11567.54,9983.5,5836.45,6504.765714285714,12,6,51,2025
2025-12-22,P005,Desk,Furniture,248.05,No,0.0,32,7937.54,11567.54,5710.59,7323.492857142858,12,0,52,2025
2025-12-23,P005,Desk,Furniture,227.2,No,0.0,33,7497.51,7937.54,6755.37,7641.628571428571,12,1,52,2025
2025-12-24,P005,Desk,Furniture,223.91,Yes,0.09,34,6931.12,7497.51,5395.07,7747.648571428572,12,2,52,2025
2025-12-25,P005,Desk,Furniture,242.04,No,0.0,37,8955.61,6931.12,6638.13,7967.084285714285,12,3,52,2025
2025-12-26,P005,Desk,Furniture,231.79,No,0.0,15,3476.89,8955.61,5214.25,8298.152857142857,12,4,52,2025
2025-12-27,P005,Desk,Furniture,239.69,No,0.0,31,7430.4,3476.89,9983.5,8049.958571428571,12,5,52,2025
2025-12-28,P005,Desk,Furniture,247.47,No,0.0,37,9156.48,7430.4,11567.54,7685.2300000000005,12,6,52,2025
2025-12-29,P005,Desk,Furniture,240.68,No,0.0,47,11311.77,9156.48,7937.54,7340.792857142857,12,0,1,2025
2025-12-30,P005,Desk,Furniture,242.46,No,0.0,26,6303.94,11311.77,7497.51,7822.825714285714,12,1,1,2025
2025-12-31,P005,Desk,Furniture,259.03,No,0.0,32,8289.0,6303.94,6931.12,7652.315714285714,12,2,1,2025
2023-01-08,P006,Backpack,Accessories,54.77,No,0.0,35,1917.04,1764.72,1865.54,1533.0214285714285,1,6,1,2023
2023-01-09,P006,Backpack,Accessories,56.45,No,0.0,17,959.57,1917.04,2081.82,1540.3785714285716,1,0,2,2023
2023-01-10,P006,Backpack,Accessories,57.97,No,0.0,27,1565.31,959.57,1502.68,1380.0571428571427,1,1,2,2023
2023-01-11,P006,Backpack,Accessories,54.99,No,0.0,29,1594.71,1565.31,1143.06,1389.0042857142857,1,2,2,2023
2023-01-12,P006,Backpack,Accessories,53.06,No,0.0,29,1538.67,1594.71,1005.64,1453.5257142857142,1,3,2,2023
2023-01-13,P006,Backpack,Accessories,56.72,No,0.0,24,1361.31,1538.67,1367.69,1529.672857142857,1,4,2,2023
2023-01-14,P006,Backpack,Accessories,54.28,No,0.0,17,922.84,1361.31,1764.72,1528.7614285714287,1,5,2,2023
2023-01-15,P006,Backpack,Accessories,53.5,Yes,0.08,33,1624.86,922.84,1917.04,1408.492857142857,1,6,2,2023
2023-01-16,P006,Backpack,Accessories,58.11,Yes,0.242,32,1408.8,1624.86,959.57,1366.7528571428572,1,0,3,2023
2023-01-17,P006,Backpack,Accessories,56.14,No,0.0,25,1403.52,1408.8,1565.31,1430.9285714285713,1,1,3,2023
2023-01-18,P006,Backpack,Accessories,54.91,No,0.0,31,1702.34,1403.52,1594.71,1407.8157142857144,1,2,3,2023
2023-01-19,P006,Backpack,Accessories,52.86,No,0.0,19,1004.32,1702.34,1538.67,1423.1914285714286,1,3,3,2023
2023-01-20,P006,Backpack,Accessories,55.86,No,0.0,17,949.58,1004.32,1361.31,1346.8557142857142,1,4,3,2023
2023-01-21,P006,Backpack,Accessories,52.11,Yes,0.246,50,1963.96,949.58,922.84,1288.037142857143,1,5,3,2023
2023-01-22,P006,Backpack,Accessories,54.77,No,0.0,34,1862.2,1963.96,1624.86,1436.7685714285712,1,6,3,2023
2023-01-23,P006,Backpack,Accessories,53.81,No,0.0,25,1345.16,1862.2,1408.8,1470.6742857142858,1,0,4,2023
2023-01-24,P006,Backpack,Accessories,55.86,Yes,0.178,25,1148.07,1345.16,1403.52,1461.5828571428572,1,1,4,2023
2023-01-25,P006,Backpack,Accessories,58.46,No,0.0,16,935.3,1148.07,1702.34,1425.09,1,2,4,2023
2023-01-26,P006,Backpack,Accessories,53.14,Yes,0.229,41,1679.53,935.3,1004.32,1315.5128571428572,1,3,4,2023
2023-01-27,P006,Backpack,Accessories,54.35,Yes,0.063,33,1680.05,1679.53,949.58,1411.9714285714285,1,4,4,2023
2023-01-28,P006,Backpack,Accessories,54.02,Yes,0.132,30,1405.85,1680.05,1963.96,1516.3242857142857,1,5,4,2023
2023-01-29,P006,Backpack,Accessories,52.78,No,0.0,23,1214.05,1405.85,1862.2,1436.5942857142857,1,6,4,2023
2023-01-30,P006,Backpack,Accessories,55.65,No,0.0,21,1168.75,1214.05,1345.16,1344.0014285714285,1,0,5,2023
2023-01-31,P006,Backpack,Accessories,53.17,No,0.0,25,1329.33,1168.75,1148.07,1318.8,1,1,5,2023
2023-02-01,P006,Backpack,Accessories,55.26,Yes,0.104,33,1634.17,1329.33,935.3,1344.6942857142858,2,2,5,2023
2023-02-02,P006,Backpack,Accessories,52.62,No,0.0,24,1262.88,1634.17,1679.53,1444.5328571428574,2,3,5,2023
2023-02-03,P006,Backpack,Accessories,58.05,Yes,0.068,35,1892.95,1262.88,1680.05,1385.0114285714285,2,4,5,2023
2023-02-04,P006,Backpack,Accessories,54.94,No,0.0,24,1318.6,1892.95,1405.85,1415.4257142857143,2,5,5,2023
2023-02-05,P006,Backpack,Accessories,54.47,No,0.0,26,1416.17,1318.6,1214.05,1402.9614285714285,2,6,5,2023
2023-02-06,P006,Backpack,Accessories,56.36,No,0.0,33,1859.72,1416.17,1168.75,1431.8357142857144,2,0,6,2023
2023-02-07,P006,Backpack,Accessories,56.29,No,0.0,29,1632.5,1859.72,1329.33,1530.5457142857142,2,1,6,2023
2023-02-08,P006,Backpack,Accessories,51.31,No,0.0,25,1282.74,1632.5,1634.17,1573.8557142857142,2,2,6,2023
2023-02-09,P006,Backpack,Accessories,54.98,No,0.0,27,1484.43,1282.74,1262.88,1523.6514285714288,2,3,6,2023
2023-02-10,P006,Backpack,Accessories,56.14,No,0.0,30,1684.18,1484.43,1892.95,1555.3014285714285,2,4,6,2023
2023-02-11,P006,Backpack,Accessories,53.1,No,0.0,37,1964.87,1684.18,1318.6,1525.4771428571428,2,5,6,2023
2023-02-12,P006,Backpack,Accessories,56.44,No,0.0,26,1467.38,1964.87,1416.17,1617.8014285714287,2,6,6,2023
2023-02-13,P006,Backpack,Accessories,53.62,Yes,0.095,23,1115.82,1467.38,1859.72,1625.1171428571429,2,0,7,2023
2023-02-14,P006,Backpack,Accessories,52.26,No,0.0,32,1672.16,1115.82,1632.5,1518.8457142857144,2,1,7,2023
2023-02-15,P006,Backpack,Accessories,54.78,Yes,0.068,39,1991.05,1672.16,1282.74,1524.5114285714287,2,2,7,2023
2023-02-16,P006,Backpack,Accessories,53.78,No,0.0,24,1290.66,1991.05,1484.43,1625.6985714285713,2,3,7,2023
2023-02-17,P006,Backpack,Accessories,55.59,No,0.0,23,1278.48,1290.66,1684.18,1598.017142857143,2,4,7,2023
2023-02-18,P006,Backpack,Accessories,57.57,Yes,0.14,36,1781.9,1278.48,1964.87,1540.06,2,5,7,2023
2023-02-19,P006,Backpack,Accessories,53.37,No,0.0,22,1174.23,1781.9,1467.38,1513.9214285714286,2,6,7,2023
2023-02-20,P006,Backpack,Accessories,53.87,Yes,0.219,29,1219.64,1174.23,1115.82,1472.0428571428572,2,0,8,2023
2023-02-21,P006,Backpack,Accessories,54.5,Yes,0.117,27,1299.25,1219.64,1672.16,1486.8742857142859,2,1,8,2023
2023-02-22,P006,Backpack,Accessories,55.24,No,0.0,32,1767.72,1299.25,1991.05,1433.6014285714284,2,2,8,2023
2023-02-23,P006,Backpack,Accessories,53.7,No,0.0,29,1557.21,1767.72,1290.66,1401.697142857143,2,3,8,2023
2023-02-24,P006,Backpack,Accessories,55.17,No,0.0,21,1158.55,1557.21,1278.48,1439.7757142857142,2,4,8,2023
2023-02-25,P006,Backpack,Accessories,53.56,No,0.0,29,1553.38,1158.55,1781.9,1422.642857142857,2,5,8,2023
2023-02-26,P006,Backpack,Accessories,57.61,Yes,0.135,35,1744.71,1553.38,1174.23,1389.9971428571428,2,6,8,2023
2023-02-27,P006,Backpack,Accessories,54.93,No,0.0,24,1318.35,1744.71,1219.64,1471.4942857142858,2,0,9,2023
2023-02-28,P006,Backpack,Accessories,55.64,No,0.0,29,1613.67,1318.35,1299.25,1485.5957142857144,2,1,9,2023
2023-03-01,P006,Backpack,Accessories,55.05,No,0.0,11,605.52,1613.67,1767.72,1530.5128571428572,3,2,9,2023
2023-03-02,P006,Backpack,Accessories,57.49,Yes,0.171,28,1334.01,605.52,1557.21,1364.4842857142855,3,3,9,2023
2023-03-03,P006,Backpack,Accessories,55.87,No,0.0,28,1564.42,1334.01,1158.55,1332.5985714285714,3,4,9,2023
2023-03-04,P006,Backpack,Accessories,56.82,No,0.0,26,1477.38,1564.42,1553.38,1390.58,3,5,9,2023
2023-03-05,P006,Backpack,Accessories,53.56,No,0.0,38,2035.15,1477.38,1744.71,1379.722857142857,3,6,9,2023
2023-03-06,P006,Backpack,Accessories,58.0,No,0.0,21,1218.07,2035.15,1318.35,1421.2142857142858,3,0,10,2023
2023-03-07,P006,Backpack,Accessories,54.99,No,0.0,25,1374.69,1218.07,1613.67,1406.8885714285714,3,1,10,2023
2023-03-08,P006,Backpack,Accessories,54.16,No,0.0,19,1028.98,1374.69,605.52,1372.7485714285715,3,2,10,2023
2023-03-09,P006,Backpack,Accessories,52.87,No,0.0,21,1110.22,1028.98,1334.01,1433.2428571428572,3,3,10,2023
2023-03-10,P006,Backpack,Accessories,56.35,No,0.0,26,1465.15,1110.22,1564.42,1401.2728571428572,3,4,10,2023
2023-03-11,P006,Backpack,Accessories,57.04,No,0.0,28,1597.05,1465.15,1477.38,1387.0914285714287,3,5,10,2023
2023-03-12,P006,Backpack,Accessories,53.92,No,0.0,31,1671.46,1597.05,2035.15,1404.1871428571428,3,6,10,2023
2023-03-13,P006,Backpack,Accessories,51.85,No,0.0,13,674.03,1671.46,1218.07,1352.2314285714288,3,0,11,2023
2023-03-14,P006,Backpack,Accessories,56.32,No,0.0,27,1520.66,674.03,1374.69,1274.5114285714285,3,1,11,2023
2023-03-15,P006,Backpack,Accessories,55.62,No,0.0,27,1501.86,1520.66,1028.98,1295.3642857142856,3,2,11,2023
2023-03-16,P006,Backpack,Accessories,53.26,No,0.0,19,1012.03,1501.86,1110.22,1362.9185714285716,3,3,11,2023
2023-03-17,P006,Backpack,Accessories,50.61,No,0.0,31,1568.77,1012.03,1465.15,1348.8914285714286,3,4,11,2023
2023-03-18,P006,Backpack,Accessories,51.52,Yes,0.108,33,1517.36,1568.77,1597.05,1363.6942857142856,3,5,11,2023
2023-03-19,P006,Backpack,Accessories,54.29,No,0.0,27,1465.84,1517.36,1671.46,1352.31,3,6,11,2023
2023-03-20,P006,Backpack,Accessories,55.22,No,0.0,31,1711.85,1465.84,674.03,1322.935714285714,3,0,12,2023
2023-03-21,P006,Backpack,Accessories,55.68,No,0.0,21,1169.24,1711.85,1520.66,1471.195714285714,3,1,12,2023
2023-03-22,P006,Backpack,Accessories,54.8,No,0.0,24,1315.3,1169.24,1501.86,1420.992857142857,3,2,12,2023
2023-03-23,P006,Backpack,Accessories,56.01,No,0.0,27,1512.29,1315.3,1012.03,1394.3414285714287,3,3,12,2023
2023-03-24,P006,Backpack,Accessories,53.66,Yes,0.086,32,1568.84,1512.29,1568.77,1465.8071428571427,3,4,12,2023
2023-03-25,P006,Backpack,Accessories,58.94,No,0.0,24,1414.57,1568.84,1517.36,1465.8171428571427,3,5,12,2023
2023-03-26,P006,Backpack,Accessories,54.13,No,0.0,23,1244.98,1414.57,1465.84,1451.1328571428571,3,6,12,2023
2023-03-27,P006,Backpack,Accessories,53.28,No,0.0,37,1971.26,1244.98,1711.85,1419.5814285714284,3,0,13,2023
2023-03-28,P006,Backpack,Accessories,53.71,No,0.0,22,1181.67,1971.26,1169.24,1456.6399999999999,3,1,13,2023
2023-03-29,P006,Backpack,Accessories,55.37,No,0.0,29,1605.68,1181.67,1315.3,1458.4157142857143,3,2,13,2023
2023-03-30,P006,Backpack,Accessories,56.07,No,0.0,22,1233.63,1605.68,1512.29,1499.8985714285714,3,3,13,2023
2023-03-31,P006,Backpack,Accessories,57.26,No,0.0,28,1603.39,1233.63,1568.84,1460.0900000000001,3,4,13,2023
2023-04-01,P006,Backpack,Accessories,57.29,No,0.0,27,1546.75,1603.39,1414.57,1465.0257142857142,4,5,13,2023
2023-04-02,P006,Backpack,Accessories,55.36,No,0.0,28,1550.15,1546.75,1244.98,1483.9085714285716,4,6,13,2023
2023-04-03,P006,Backpack,Accessories,56.87,No,0.0,20,1137.45,1550.15,1971.26,1527.5042857142857,4,0,14,2023
2023-04-04,P006,Backpack,Accessories,55.17,No,0.0,28,1544.67,1137.45,1181.67,1408.3885714285716,4,1,14,2023
2023-04-05,P006,Backpack,Accessories,54.87,No,0.0,31,1700.92,1544.67,1605.68,1460.2457142857145,4,2,14,2023
2023-04-06,P006,Backpack,Accessories,52.15,No,0.0,33,1720.85,1700.92,1233.63,1473.8514285714286,4,3,14,2023
2023-04-07,P006,Backpack,Accessories,58.54,No,0.0,25,1463.59,1720.85,1603.39,1543.4542857142858,4,4,14,2023
2023-04-08,P006,Backpack,Accessories,53.46,No,0.0,41,2191.96,1463.59,1546.75,1523.4828571428573,4,5,14,2023
2023-04-09,P006,Backpack,Accessories,55.27,Yes,0.133,52,2493.13,2191.96,1550.15,1615.6557142857143,4,6,14,2023
2023-04-10,P006,Backpack,Accessories,55.19,No,0.0,31,1710.92,2493.13,1137.45,1750.3671428571429,4,0,15,2023
2023-04-11,P006,Backpack,Accessories,51.61,No,0.0,29,1496.57,1710.92,1544.67,1832.2914285714287,4,1,15,2023
2023-04-12,P006,Backpack,Accessories,57.13,No,0.0,32,1828.2,1496.57,1700.92,1825.42,4,2,15,2023
2023-04-13,P006,Backpack,Accessories,54.4,No,0.0,22,1196.9,1828.2,1720.85,1843.6028571428571,4,3,15,2023
2023-04-14,P006,Backpack,Accessories,55.97,No,0.0,18,1007.51,1196.9,1463.59,1768.7528571428572,4,4,15,2023
2023-04-15,P006,Backpack,Accessories,60.2,Yes,0.105,38,2046.49,1007.51,2191.96,1703.5985714285712,4,5,15,2023
2023-04-16,P006,Backpack,Accessories,55.49,No,0.0,24,1331.67,2046.49,2493.13,1682.817142857143,4,6,15,2023
2023-04-17,P006,Backpack,Accessories,54.96,No,0.0,21,1154.08,1331.67,1710.92,1516.8942857142854,4,0,16,2023
2023-04-18,P006,Backpack,Accessories,56.31,No,0.0,22,1238.75,1154.08,1496.57,1437.3457142857146,4,1,16,2023
2023-04-19,P006,Backpack,Accessories,57.24,No,0.0,15,858.55,1238.75,1828.2,1400.5142857142855,4,2,16,2023
2023-04-20,P006,Backpack,Accessories,54.42,Yes,0.078,35,1756.82,858.55,1196.9,1261.9928571428572,4,3,16,2023
2023-04-21,P006,Backpack,Accessories,57.57,No,0.0,30,1727.05,1756.82,1007.51,1341.9814285714285,4,4,16,2023
2023-04-22,P006,Backpack,Accessories,58.76,No,0.0,33,1939.0,1727.05,2046.49,1444.7728571428572,4,5,16,2023
2023-04-23,P006,Backpack,Accessories,54.5,No,0.0,33,1798.43,1939.0,1331.67,1429.4171428571428,4,6,16,2023
2023-04-24,P006,Backpack,Accessories,48.07,No,0.0,18,865.34,1798.43,1154.08,1496.097142857143,4,0,17,2023
2023-04-25,P006,Backpack,Accessories,57.27,No,0.0,28,1603.43,865.34,1238.75,1454.8485714285714,4,1,17,2023
2023-04-26,P006,Backpack,Accessories,54.86,No,0.0,25,1371.41,1603.43,858.55,1506.945714285714,4,2,17,2023
2023-04-27,P006,Backpack,Accessories,53.7,No,0.0,33,1772.01,1371.41,1756.82,1580.2114285714288,4,3,17,2023
2023-04-28,P006,Backpack,Accessories,56.48,No,0.0,29,1637.94,1772.01,1727.05,1582.3814285714284,4,4,17,2023
2023-04-29,P006,Backpack,Accessories,56.74,No,0.0,35,1985.94,1637.94,1939.0,1569.6514285714286,4,5,17,2023
2023-04-30,P006,Backpack,Accessories,55.26,No,0.0,29,1602.42,1985.94,1798.43,1576.357142857143,4,6,17,2023
2023-05-01,P006,Backpack,Accessories,54.52,No,0.0,24,1308.51,1602.42,865.34,1548.3557142857142,5,0,18,2023
2023-05-02,P006,Backpack,Accessories,54.41,No,0.0,31,1686.85,1308.51,1603.43,1611.6657142857143,5,1,18,2023
2023-05-03,P006,Backpack,Accessories,52.61,No,0.0,32,1683.6,1686.85,1371.41,1623.5828571428572,5,2,18,2023
2023-05-04,P006,Backpack,Accessories,53.39,No,0.0,29,1548.23,1683.6,1772.01,1668.1814285714283,5,3,18,2023
2023-05-05,P006,Backpack,Accessories,57.78,No,0.0,24,1386.72,1548.23,1637.94,1636.212857142857,5,4,18,2023
2023-05-06,P006,Backpack,Accessories,57.34,No,0.0,35,2006.75,1386.72,1985.94,1600.3242857142857,5,5,18,2023
2023-05-07,P006,Backpack,Accessories,55.89,No,0.0,26,1453.17,2006.75,1602.42,1603.297142857143,5,6,18,2023
2023-05-08,P006,Backpack,Accessories,51.29,No,0.0,32,1641.34,1453.17,1308.51,1581.9757142857143,5,0,19,2023
2023-05-09,P006,Backpack,Accessories,55.58,No,0.0,27,1500.59,1641.34,1686.85,1629.5228571428572,5,1,19,2023
2023-05-10,P006,Backpack,Accessories,53.03,No,0.0,30,1590.75,1500.59,1683.6,1602.9142857142856,5,2,19,2023
2023-05-11,P006,Backpack,Accessories,55.73,No,0.0,14,780.27,1590.75,1548.23,1589.65,5,3,19,2023
2023-05-12,P006,Backpack,Accessories,54.83,No,0.0,34,1864.34,780.27,1386.72,1479.9414285714286,5,4,19,2023
2023-05-13,P006,Backpack,Accessories,56.16,Yes,0.139,37,1788.46,1864.34,2006.75,1548.172857142857,5,5,19,2023
2023-05-14,P006,Backpack,Accessories,55.97,No,0.0,30,1679.14,1788.46,1453.17,1516.9885714285715,5,6,19,2023
2023-05-15,P006,Backpack,Accessories,51.4,Yes,0.153,31,1349.44,1679.14,1641.34,1549.27,5,0,20,2023
2023-05-16,P006,Backpack,Accessories,54.97,No,0.0,29,1593.99,1349.44,1500.59,1507.57,5,1,20,2023
2023-05-17,P006,Backpack,Accessories,55.67,No,0.0,27,1503.08,1593.99,1590.75,1520.912857142857,5,2,20,2023
2023-05-18,P006,Backpack,Accessories,54.81,No,0.0,28,1534.59,1503.08,780.27,1508.3885714285714,5,3,20,2023
2023-05-19,P006,Backpack,Accessories,54.86,No,0.0,30,1645.83,1534.59,1864.34,1616.1485714285716,5,4,20,2023
2023-05-20,P006,Backpack,Accessories,54.48,No,0.0,36,1961.45,1645.83,1788.46,1584.9328571428573,5,5,20,2023
2023-05-21,P006,Backpack,Accessories,59.76,Yes,0.147,33,1682.81,1961.45,1679.14,1609.6457142857143,5,6,20,2023
2023-05-22,P006,Backpack,Accessories,55.91,No,0.0,29,1621.45,1682.81,1349.44,1610.17,5,0,21,2023
2023-05-23,P006,Backpack,Accessories,56.04,No,0.0,30,1681.24,1621.45,1593.99,1649.0285714285715,5,1,21,2023
2023-05-24,P006,Backpack,Accessories,51.33,No,0.0,25,1283.23,1681.24,1503.08,1661.4928571428572,5,2,21,2023
2023-05-25,P006,Backpack,Accessories,57.7,Yes,0.25,29,1255.7,1283.23,1534.59,1630.0857142857144,5,3,21,2023
2023-05-26,P006,Backpack,Accessories,53.17,No,0.0,37,1967.43,1255.7,1645.83,1590.2442857142855,5,4,21,2023
2023-05-27,P006,Backpack,Accessories,59.37,No,0.0,26,1543.66,1967.43,1961.45,1636.1871428571428,5,5,21,2023
2023-05-28,P006,Backpack,Accessories,52.35,No,0.0,28,1465.7,1543.66,1682.81,1576.5028571428572,5,6,21,2023
2023-05-29,P006,Backpack,Accessories,54.54,Yes,0.188,28,1240.76,1465.7,1621.45,1545.4871428571428,5,0,22,2023
2023-05-30,P006,Backpack,Accessories,55.35,No,0.0,33,1826.53,1240.76,1681.24,1491.1028571428571,5,1,22,2023
2023-05-31,P006,Backpack,Accessories,50.9,No,0.0,30,1526.98,1826.53,1283.23,1511.8585714285714,5,2,22,2023
2023-06-01,P006,Backpack,Accessories,53.8,No,0.0,34,1829.27,1526.98,1255.7,1546.68,6,3,22,2023
2023-06-02,P006,Backpack,Accessories,58.12,No,0.0,31,1801.59,1829.27,1967.43,1628.6185714285716,6,4,22,2023
2023-06-03,P006,Backpack,Accessories,56.36,No,0.0,24,1352.61,1801.59,1543.66,1604.927142857143,6,5,22,2023
2023-06-04,P006,Backpack,Accessories,57.13,Yes,0.128,37,1842.86,1352.61,1465.7,1577.6342857142859,6,6,22,2023
2023-06-05,P006,Backpack,Accessories,55.75,No,0.0,27,1505.37,1842.86,1240.76,1631.5142857142857,6,0,23,2023
2023-06-06,P006,Backpack,Accessories,54.66,No,0.0,22,1202.56,1505.37,1826.53,1669.3157142857142,6,1,23,2023
2023-06-07,P006,Backpack,Accessories,50.84,No,0.0,30,1525.15,1202.56,1526.98,1580.1771428571426,6,2,23,2023
2023-06-08,P006,Backpack,Accessories,54.35,No,0.0,34,1847.75,1525.15,1829.27,1579.9157142857143,6,3,23,2023
2023-06-09,P006,Backpack,Accessories,54.59,No,0.0,15,818.89,1847.75,1801.59,1582.5557142857142,6,4,23,2023
2023-06-10,P006,Backpack,Accessories,54.43,No,0.0,28,1523.95,818.89,1352.61,1442.1699999999998,6,5,23,2023
2023-06-11,P006,Backpack,Accessories,54.25,No,0.0,33,1790.13,1523.95,1842.86,1466.6471428571429,6,6,23,2023
2023-06-12,P006,Backpack,Accessories,57.66,No,0.0,26,1499.23,1790.13,1505.37,1459.1142857142856,6,0,24,2023
2023-06-13,P006,Backpack,Accessories,52.93,No,0.0,21,1111.54,1499.23,1202.56,1458.2371428571428,6,1,24,2023
2023-06-14,P006,Backpack,Accessories,54.31,Yes,0.2,33,1433.12,1111.54,1525.15,1445.2342857142855,6,2,24,2023
2023-06-15,P006,Backpack,Accessories,53.53,No,0.0,30,1605.91,1433.12,1847.75,1432.087142857143,6,3,24,2023
2023-06-16,P006,Backpack,Accessories,55.32,No,0.0,23,1272.4,1605.91,818.89,1397.5385714285715,6,4,24,2023
2023-06-17,P006,Backpack,Accessories,53.65,No,0.0,36,1931.23,1272.4,1523.95,1462.3257142857144,6,5,24,2023
2023-06-18,P006,Backpack,Accessories,52.47,No,0.0,31,1626.61,1931.23,1790.13,1520.5085714285713,6,6,24,2023
2023-06-19,P006,Backpack,Accessories,55.03,No,0.0,21,1155.68,1626.61,1499.23,1497.1485714285716,6,0,25,2023
2023-06-20,P006,Backpack,Accessories,54.7,Yes,0.172,32,1449.58,1155.68,1111.54,1448.0700000000002,6,1,25,2023
2023-06-21,P006,Backpack,Accessories,56.35,Yes,0.107,33,1659.69,1449.58,1433.12,1496.3614285714286,6,2,25,2023
2023-06-22,P006,Backpack,Accessories,51.24,No,0.0,30,1537.21,1659.69,1605.91,1528.7285714285713,6,3,25,2023
2023-06-23,P006,Backpack,Accessories,56.82,No,0.0,31,1761.54,1537.21,1272.4,1518.9142857142856,6,4,25,2023
2023-06-24,P006,Backpack,Accessories,54.23,No,0.0,36,1952.39,1761.54,1931.23,1588.7914285714285,6,5,25,2023
2023-06-25,P006,Backpack,Accessories,54.23,No,0.0,31,1681.24,1952.39,1626.61,1591.814285714286,6,6,25,2023
2023-06-26,P006,Backpack,Accessories,54.0,Yes,0.096,33,1610.7,1681.24,1155.68,1599.6185714285714,6,0,26,2023
2023-06-27,P006,Backpack,Accessories,50.43,No,0.0,24,1210.42,1610.7,1449.58,1664.6214285714284,6,1,26,2023
2023-06-28,P006,Backpack,Accessories,52.58,No,0.0,22,1156.78,1210.42,1659.69,1630.455714285714,6,2,26,2023
2023-06-29,P006,Backpack,Accessories,54.09,No,0.0,25,1352.23,1156.78,1537.21,1558.6114285714286,6,3,26,2023
2023-06-30,P006,Backpack,Accessories,57.94,No,0.0,26,1506.38,1352.23,1761.54,1532.185714285714,6,4,26,2023
2023-07-01,P006,Backpack,Accessories,53.04,No,0.0,26,1379.1,1506.38,1952.39,1495.734285714286,7,5,26,2023
2023-07-02,P006,Backpack,Accessories,53.09,No,0.0,31,1645.67,1379.1,1681.24,1413.8357142857144,7,6,26,2023
2023-07-03,P006,Backpack,Accessories,56.31,No,0.0,22,1238.72,1645.67,1610.7,1408.7542857142857,7,0,27,2023
2023-07-04,P006,Backpack,Accessories,54.8,No,0.0,28,1534.46,1238.72,1210.42,1355.6142857142859,7,1,27,2023
2023-07-05,P006,Backpack,Accessories,54.04,No,0.0,33,1783.42,1534.46,1156.78,1401.9057142857143,7,2,27,2023
2023-07-06,P006,Backpack,Accessories,53.6,No,0.0,25,1340.01,1783.42,1352.23,1491.4257142857143,7,3,27,2023
2023-07-07,P006,Backpack,Accessories,57.78,Yes,0.05,29,1590.99,1340.01,1506.38,1489.68,7,4,27,2023
2023-07-08,P006,Backpack,Accessories,56.71,No,0.0,22,1247.52,1590.99,1379.1,1501.7671428571427,7,5,27,2023
2023-07-09,P006,Backpack,Accessories,56.53,No,0.0,35,1978.63,1247.52,1645.67,1482.9699999999998,7,6,27,2023
2023-07-10,P006,Backpack,Accessories,56.07,No,0.0,28,1570.1,1978.63,1238.72,1530.5357142857142,7,0,28,2023
2023-07-11,P006,Backpack,Accessories,53.91,Yes,0.075,39,1944.21,1570.1,1534.46,1577.8757142857144,7,1,28,2023
2023-07-12,P006,Backpack,Accessories,54.56,No,0.0,25,1364.07,1944.21,1783.42,1636.4114285714288,7,2,28,2023
2023-07-13,P006,Backpack,Accessories,54.3,No,0.0,22,1194.55,1364.07,1340.01,1576.5042857142855,7,3,28,2023
2023-07-14,P006,Backpack,Accessories,51.82,Yes,0.242,38,1493.08,1194.55,1590.99,1555.7242857142858,7,4,28,2023
2023-07-15,P006,Backpack,Accessories,56.44,No,0.0,28,1580.26,1493.08,1247.52,1541.7371428571428,7,5,28,2023
2023-07-16,P006,Backpack,Accessories,55.08,No,0.0,41,2258.13,1580.26,1978.63,1589.2714285714285,7,6,28,2023
2023-07-17,P006,Backpack,Accessories,57.83,Yes,0.122,43,2183.56,2258.13,1570.1,1629.2,7,0,29,2023
2023-07-18,P006,Backpack,Accessories,54.36,No,0.0,28,1522.18,2183.56,1944.21,1716.8371428571427,7,1,29,2023
2023-07-19,P006,Backpack,Accessories,53.96,No,0.0,23,1240.98,1522.18,1364.07,1656.547142857143,7,2,29,2023
2023-07-20,P006,Backpack,Accessories,55.83,No,0.0,23,1284.0,1240.98,1194.55,1638.962857142857,7,3,29,2023
2023-07-21,P006,Backpack,Accessories,55.26,Yes,0.07,33,1695.75,1284.0,1493.08,1651.7414285714283,7,4,29,2023
2023-07-22,P006,Backpack,Accessories,59.36,No,0.0,27,1602.8,1695.75,1580.26,1680.6942857142858,7,5,29,2023
2023-07-23,P006,Backpack,Accessories,56.04,No,0.0,26,1457.05,1602.8,2258.13,1683.9142857142858,7,6,29,2023
2023-07-24,P006,Backpack,Accessories,56.85,No,0.0,19,1080.15,1457.05,2183.56,1569.4742857142858,7,0,30,2023
2023-07-25,P006,Backpack,Accessories,54.94,No,0.0,27,1483.28,1080.15,1522.18,1411.8442857142857,7,1,30,2023
2023-07-26,P006,Backpack,Accessories,55.24,No,0.0,22,1215.21,1483.28,1240.98,1406.287142857143,7,2,30,2023
2023-07-27,P006,Backpack,Accessories,55.11,No,0.0,26,1432.81,1215.21,1284.0,1402.6057142857146,7,3,30,2023
2023-07-28,P006,Backpack,Accessories,54.35,No,0.0,26,1413.14,1432.81,1695.75,1423.8642857142859,7,4,30,2023
2023-07-29,P006,Backpack,Accessories,54.94,No,0.0,28,1538.3,1413.14,1602.8,1383.4914285714287,7,5,30,2023
2023-07-30,P006,Backpack,Accessories,59.2,No,0.0,32,1894.49,1538.3,1457.05,1374.2771428571427,7,6,30,2023
2023-07-31,P006,Backpack,Accessories,55.5,No,0.0,24,1331.95,1894.49,1080.15,1436.7685714285715,7,0,31,2023
2023-08-01,P006,Backpack,Accessories,53.67,No,0.0,21,1127.03,1331.95,1483.28,1472.74,8,1,31,2023
2023-08-02,P006,Backpack,Accessories,55.43,No,0.0,18,997.82,1127.03,1215.21,1421.847142857143,8,2,31,2023
2023-08-03,P006,Backpack,Accessories,56.0,No,0.0,25,1399.96,997.82,1432.81,1390.7914285714287,8,3,31,2023
2023-08-04,P006,Backpack,Accessories,55.13,No,0.0,25,1378.25,1399.96,1413.14,1386.0985714285712,8,4,31,2023
2023-08-05,P006,Backpack,Accessories,54.46,No,0.0,27,1470.35,1378.25,1538.3,1381.1142857142856,8,5,31,2023
2023-08-06,P006,Backpack,Accessories,55.39,No,0.0,20,1107.83,1470.35,1894.49,1371.4071428571428,8,6,31,2023
2023-08-07,P006,Backpack,Accessories,55.36,Yes,0.17,25,1148.99,1107.83,1331.95,1259.027142857143,8,0,32,2023
2023-08-08,P006,Backpack,Accessories,56.29,No,0.0,28,1576.15,1148.99,1127.03,1232.8899999999999,8,1,32,2023
2023-08-09,P006,Backpack,Accessories,54.55,No,0.0,30,1636.36,1576.15,997.82,1297.05,8,2,32,2023
2023-08-10,P006,Backpack,Accessories,58.69,Yes,0.087,32,1714.96,1636.36,1399.96,1388.27,8,3,32,2023
2023-08-11,P006,Backpack,Accessories,60.04,No,0.0,29,1741.02,1714.96,1378.25,1433.2700000000002,8,4,32,2023
2023-08-12,P006,Backpack,Accessories,50.69,No,0.0,25,1267.27,1741.02,1470.35,1485.0942857142857,8,5,32,2023
2023-08-13,P006,Backpack,Accessories,54.33,Yes,0.145,21,975.74,1267.27,1107.83,1456.0828571428572,8,6,32,2023
2023-08-14,P006,Backpack,Accessories,58.86,No,0.0,21,1235.98,975.74,1148.99,1437.212857142857,8,0,33,2023
2023-08-15,P006,Backpack,Accessories,54.76,Yes,0.092,30,1492.03,1235.98,1576.15,1449.64,8,1,33,2023
2023-08-16,P006,Backpack,Accessories,56.73,No,0.0,11,624.0,1492.03,1636.36,1437.622857142857,8,2,33,2023
2023-08-17,P006,Backpack,Accessories,56.04,No,0.0,29,1625.1,624.0,1714.96,1293.0,8,3,33,2023
2023-08-18,P006,Backpack,Accessories,54.14,No,0.0,32,1732.4,1625.1,1741.02,1280.162857142857,8,4,33,2023
2023-08-19,P006,Backpack,Accessories,57.32,No,0.0,41,2350.11,1732.4,1267.27,1278.9314285714286,8,5,33,2023
2023-08-20,P006,Backpack,Accessories,52.27,No,0.0,31,1620.37,2350.11,975.74,1433.6228571428571,8,6,33,2023
2023-08-21,P006,Backpack,Accessories,53.15,Yes,0.052,28,1410.99,1620.37,1235.98,1525.712857142857,8,0,34,2023
2023-08-22,P006,Backpack,Accessories,55.3,No,0.0,26,1437.86,1410.99,1492.03,1550.7142857142858,8,1,34,2023
2023-08-23,P006,Backpack,Accessories,52.97,No,0.0,22,1165.32,1437.86,624.0,1542.9757142857143,8,2,34,2023
2023-08-24,P006,Backpack,Accessories,56.65,No,0.0,22,1246.23,1165.32,1625.1,1620.3071428571427,8,3,34,2023
2023-08-25,P006,Backpack,Accessories,56.01,No,0.0,24,1344.2,1246.23,1732.4,1566.182857142857,8,4,34,2023
2023-08-26,P006,Backpack,Accessories,54.35,No,0.0,20,1087.03,1344.2,2350.11,1510.7257142857143,8,5,34,2023
2023-08-27,P006,Backpack,Accessories,53.76,No,0.0,21,1128.93,1087.03,1620.37,1330.2857142857142,8,6,34,2023
2023-08-28,P006,Backpack,Accessories,56.92,No,0.0,28,1593.74,1128.93,1410.99,1260.08,8,0,35,2023
2023-08-29,P006,Backpack,Accessories,55.06,Yes,0.163,35,1612.33,1593.74,1437.86,1286.1871428571428,8,1,35,2023
2023-08-30,P006,Backpack,Accessories,56.73,No,0.0,26,1475.07,1612.33,1165.32,1311.1114285714284,8,2,35,2023
2023-08-31,P006,Backpack,Accessories,54.6,Yes,0.133,36,1704.8,1475.07,1246.23,1355.3614285714284,8,3,35,2023
2023-09-01,P006,Backpack,Accessories,52.86,No,0.0,26,1374.29,1704.8,1344.2,1420.8714285714286,9,4,35,2023
2023-09-02,P006,Backpack,Accessories,55.9,No,0.0,23,1285.74,1374.29,1087.03,1425.1699999999998,9,5,35,2023
2023-09-03,P006,Backpack,Accessories,53.63,Yes,0.186,38,1659.06,1285.74,1128.93,1453.5571428571432,9,6,35,2023
2023-09-04,P006,Backpack,Accessories,54.71,Yes,0.21,30,1296.42,1659.06,1593.74,1529.2900000000002,9,0,36,2023
2023-09-05,P006,Backpack,Accessories,55.89,No,0.0,22,1229.53,1296.42,1612.33,1486.8157142857144,9,1,36,2023
2023-09-06,P006,Backpack,Accessories,53.78,No,0.0,22,1183.13,1229.53,1475.07,1432.1299999999999,9,2,36,2023
2023-09-07,P006,Backpack,Accessories,53.0,No,0.0,29,1537.03,1183.13,1704.8,1390.4242857142858,9,3,36,2023
2023-09-08,P006,Backpack,Accessories,56.31,No,0.0,19,1069.84,1537.03,1374.29,1366.457142857143,9,4,36,2023
2023-09-09,P006,Backpack,Accessories,55.54,No,0.0,23,1277.33,1069.84,1285.74,1322.9642857142858,9,5,36,2023
2023-09-10,P006,Backpack,Accessories,55.12,No,0.0,27,1488.25,1277.33,1659.06,1321.7628571428572,9,6,36,2023
2023-09-11,P006,Backpack,Accessories,53.95,No,0.0,17,917.08,1488.25,1296.42,1297.3614285714286,9,0,37,2023
2023-09-12,P006,Backpack,Accessories,48.27,No,0.0,23,1110.14,917.08,1229.53,1243.17,9,1,37,2023
2023-09-13,P006,Backpack,Accessories,53.05,No,0.0,18,954.93,1110.14,1183.13,1226.1142857142856,9,2,37,2023
2023-09-14,P006,Backpack,Accessories,53.85,No,0.0,25,1346.23,954.93,1537.03,1193.5142857142857,9,3,37,2023
2023-09-15,P006,Backpack,Accessories,54.21,No,0.0,23,1246.88,1346.23,1069.84,1166.2571428571428,9,4,37,2023
2023-09-16,P006,Backpack,Accessories,52.65,No,0.0,19,1000.29,1246.88,1277.33,1191.5485714285714,9,5,37,2023
2023-09-17,P006,Backpack,Accessories,51.53,No,0.0,23,1185.13,1000.29,1488.25,1151.9714285714285,9,6,37,2023
2023-09-18,P006,Backpack,Accessories,56.73,No,0.0,15,851.0,1185.13,917.08,1108.6685714285716,9,0,38,2023
2023-09-19,P006,Backpack,Accessories,57.67,No,0.0,20,1153.43,851.0,1110.14,1099.2285714285715,9,1,38,2023
2023-09-20,P006,Backpack,Accessories,56.71,No,0.0,30,1701.38,1153.43,954.93,1105.412857142857,9,2,38,2023
2023-09-21,P006,Backpack,Accessories,56.34,No,0.0,17,957.83,1701.38,1346.23,1212.0485714285714,9,3,38,2023
2023-09-22,P006,Backpack,Accessories,54.8,No,0.0,22,1205.63,957.83,1246.88,1156.5628571428572,9,4,38,2023
2023-09-23,P006,Backpack,Accessories,56.28,Yes,0.194,32,1451.47,1205.63,1000.29,1150.67,9,5,38,2023
2023-09-24,P006,Backpack,Accessories,54.99,No,0.0,20,1099.85,1451.47,1185.13,1215.1242857142859,9,6,38,2023
2023-09-25,P006,Backpack,Accessories,55.09,No,0.0,21,1156.96,1099.85,851.0,1202.9414285714286,9,0,39,2023
2023-09-26,P006,Backpack,Accessories,55.13,No,0.0,27,1488.43,1156.96,1153.43,1246.6499999999999,9,1,39,2023
2023-09-27,P006,Backpack,Accessories,55.47,Yes,0.11,29,1430.84,1488.43,1701.38,1294.507142857143,9,2,39,2023
2023-09-28,P006,Backpack,Accessories,51.85,Yes,0.213,35,1427.41,1430.84,957.83,1255.8585714285714,9,3,39,2023
2023-09-29,P006,Backpack,Accessories,54.61,Yes,0.199,24,1049.6,1427.41,1205.63,1322.9414285714286,9,4,39,2023
2023-09-30,P006,Backpack,Accessories,55.16,No,0.0,23,1268.7,1049.6,1451.47,1300.6514285714286,9,5,39,2023
2023-10-01,P006,Backpack,Accessories,55.43,Yes,0.143,33,1566.87,1268.7,1099.85,1274.5414285714287,10,6,39,2023
2023-10-02,P006,Backpack,Accessories,53.38,No,0.0,26,1387.88,1566.87,1156.96,1341.2585714285713,10,0,40,2023
2023-10-03,P006,Backpack,Accessories,53.16,Yes,0.177,31,1355.89,1387.88,1488.43,1374.247142857143,10,1,40,2023
2023-10-04,P006,Backpack,Accessories,56.56,No,0.0,35,1979.75,1355.89,1430.84,1355.3128571428572,10,2,40,2023
2023-10-05,P006,Backpack,Accessories,58.21,No,0.0,21,1222.33,1979.75,1427.41,1433.7285714285715,10,3,40,2023
2023-10-06,P006,Backpack,Accessories,57.09,No,0.0,22,1256.01,1222.33,1049.6,1404.4314285714286,10,4,40,2023
2023-10-07,P006,Backpack,Accessories,51.83,No,0.0,28,1451.36,1256.01,1268.7,1433.9185714285716,10,5,40,2023
2023-10-08,P006,Backpack,Accessories,54.52,No,0.0,30,1635.62,1451.36,1566.87,1460.0128571428572,10,6,40,2023
2023-10-09,P006,Backpack,Accessories,52.87,Yes,0.12,30,1395.84,1635.62,1387.88,1469.8342857142857,10,0,41,2023
2023-10-10,P006,Backpack,Accessories,54.94,No,0.0,28,1538.36,1395.84,1355.89,1470.9714285714285,10,1,41,2023
2023-10-11,P006,Backpack,Accessories,55.26,No,0.0,31,1713.17,1538.36,1979.75,1497.0385714285715,10,2,41,2023
2023-10-12,P006,Backpack,Accessories,56.32,No,0.0,24,1351.64,1713.17,1222.33,1458.955714285714,10,3,41,2023
2023-10-13,P006,Backpack,Accessories,57.35,No,0.0,30,1720.53,1351.64,1256.01,1477.4285714285713,10,4,41,2023
2023-10-14,P006,Backpack,Accessories,56.53,No,0.0,18,1017.56,1720.53,1451.36,1543.7885714285715,10,5,41,2023
2023-10-15,P006,Backpack,Accessories,55.34,No,0.0,27,1494.23,1017.56,1635.62,1481.8171428571427,10,6,41,2023
2023-10-16,P006,Backpack,Accessories,59.71,Yes,0.069,32,1778.43,1494.23,1395.84,1461.6185714285714,10,0,42,2023
2023-10-17,P006,Backpack,Accessories,54.24,Yes,0.104,22,1068.79,1778.43,1538.36,1516.2742857142857,10,1,42,2023
2023-10-18,P006,Backpack,Accessories,56.23,No,0.0,22,1237.07,1068.79,1713.17,1449.1928571428573,10,2,42,2023
2023-10-19,P006,Backpack,Accessories,51.85,No,0.0,26,1348.14,1237.07,1351.64,1381.1785714285713,10,3,42,2023
2023-10-20,P006,Backpack,Accessories,55.14,No,0.0,21,1157.89,1348.14,1720.53,1380.6785714285713,10,4,42,2023
2023-10-21,P006,Backpack,Accessories,55.18,No,0.0,23,1269.15,1157.89,1017.56,1300.3014285714287,10,5,42,2023
2023-10-22,P006,Backpack,Accessories,53.76,No,0.0,21,1129.01,1269.15,1494.23,1336.2428571428572,10,6,42,2023
2023-10-23,P006,Backpack,Accessories,51.15,Yes,0.249,41,1574.15,1129.01,1778.43,1284.0685714285714,10,0,43,2023
2023-10-24,P006,Backpack,Accessories,53.7,No,0.0,28,1503.52,1574.15,1068.79,1254.8857142857144,10,1,43,2023
2023-10-25,P006,Backpack,Accessories,54.97,Yes,0.106,22,1080.62,1503.52,1237.07,1316.99,10,2,43,2023
2023-10-26,P006,Backpack,Accessories,53.03,No,0.0,20,1060.57,1080.62,1348.14,1294.6399999999999,10,3,43,2023
2023-10-27,P006,Backpack,Accessories,52.91,No,0.0,29,1534.53,1060.57,1157.89,1253.5585714285714,10,4,43,2023
2023-10-28,P006,Backpack,Accessories,56.22,No,0.0,28,1574.11,1534.53,1269.15,1307.3642857142859,10,5,43,2023
2023-10-29,P006,Backpack,Accessories,55.06,No,0.0,26,1431.49,1574.11,1129.01,1350.93,10,6,43,2023
2023-10-30,P006,Backpack,Accessories,55.86,No,0.0,22,1228.84,1431.49,1574.15,1394.1414285714286,10,0,44,2023
2023-10-31,P006,Backpack,Accessories,58.55,No,0.0,22,1288.04,1228.84,1503.52,1344.8114285714287,10,1,44,2023
2023-11-01,P006,Backpack,Accessories,57.66,No,0.0,37,2133.52,1288.04,1080.62,1314.0285714285712,11,2,44,2023
2023-11-02,P006,Backpack,Accessories,54.12,No,0.0,30,1623.64,2133.52,1060.57,1464.4428571428568,11,3,44,2023
2023-11-03,P006,Backpack,Accessories,54.42,No,0.0,34,1850.43,1623.64,1534.53,1544.8814285714286,11,4,44,2023
2023-11-04,P006,Backpack,Accessories,57.77,No,0.0,30,1733.17,1850.43,1574.11,1590.01,11,5,44,2023
2023-11-05,P006,Backpack,Accessories,55.16,No,0.0,31,1709.81,1733.17,1431.49,1612.7328571428573,11,6,44,2023
2023-11-06,P006,Backpack,Accessories,54.8,Yes,0.208,32,1388.25,1709.81,1228.84,1652.4928571428572,11,0,45,2023
2023-11-07,P006,Backpack,Accessories,54.41,No,0.0,27,1469.08,1388.25,1288.04,1675.2657142857145,11,1,45,2023
2023-11-08,P006,Backpack,Accessories,55.79,No,0.0,33,1841.14,1469.08,2133.52,1701.1285714285714,11,2,45,2023
2023-11-09,P006,Backpack,Accessories,53.99,No,0.0,32,1727.6,1841.14,1623.64,1659.3600000000001,11,3,45,2023
2023-11-10,P006,Backpack,Accessories,55.98,Yes,0.218,23,1007.41,1727.6,1850.43,1674.2114285714285,11,4,45,2023
2023-11-11,P006,Backpack,Accessories,54.04,No,0.0,38,2053.61,1007.41,1733.17,1553.78,11,5,45,2023
2023-11-12,P006,Backpack,Accessories,57.13,No,0.0,19,1085.51,2053.61,1709.81,1599.5571428571427,11,6,45,2023
2023-11-13,P006,Backpack,Accessories,54.47,No,0.0,21,1143.85,1085.51,1388.25,1510.3714285714286,11,0,46,2023
2023-11-14,P006,Backpack,Accessories,56.67,No,0.0,38,2153.57,1143.85,1469.08,1475.457142857143,11,1,46,2023
2023-11-15,P006,Backpack,Accessories,56.52,No,0.0,19,1073.82,2153.57,1841.14,1573.2414285714287,11,2,46,2023
2023-11-16,P006,Backpack,Accessories,54.7,No,0.0,24,1312.83,1073.82,1727.6,1463.6242857142859,11,3,46,2023
2023-11-17,P006,Backpack,Accessories,56.02,Yes,0.074,33,1711.42,1312.83,1007.41,1404.3714285714286,11,4,46,2023
2023-11-18,P006,Backpack,Accessories,57.98,No,0.0,39,2261.28,1711.42,2053.61,1504.9442857142858,11,5,46,2023
2023-11-19,P006,Backpack,Accessories,57.23,No,0.0,32,1831.25,2261.28,1085.51,1534.6114285714286,11,6,46,2023
2023-11-20,P006,Backpack,Accessories,54.39,No,0.0,26,1414.17,1831.25,1143.85,1641.1457142857143,11,0,47,2023
2023-11-21,P006,Backpack,Accessories,53.68,No,0.0,22,1180.96,1414.17,2153.57,1679.7628571428572,11,1,47,2023
2023-11-22,P006,Backpack,Accessories,53.68,No,0.0,35,1878.64,1180.96,1073.82,1540.8185714285714,11,2,47,2023
2023-11-23,P006,Backpack,Accessories,53.0,No,0.0,21,1112.97,1878.64,1312.83,1655.7928571428572,11,3,47,2023
2023-11-24,P006,Backpack,Accessories,55.26,No,0.0,23,1270.94,1112.97,1711.42,1627.2414285714287,11,4,47,2023
2023-11-25,P006,Backpack,Accessories,55.69,No,0.0,37,2060.48,1270.94,2261.28,1564.3157142857144,11,5,47,2023
2023-11-26,P006,Backpack,Accessories,54.86,No,0.0,31,1700.54,2060.48,1831.25,1535.6299999999999,11,6,47,2023
2023-11-27,P006,Backpack,Accessories,58.56,No,0.0,30,1756.72,1700.54,1414.17,1516.957142857143,11,0,48,2023
2023-11-28,P006,Backpack,Accessories,53.3,No,0.0,29,1545.68,1756.72,1180.96,1565.892857142857,11,1,48,2023
2023-11-29,P006,Backpack,Accessories,58.15,No,0.0,30,1744.41,1545.68,1878.64,1617.9957142857145,11,2,48,2023
2023-11-30,P006,Backpack,Accessories,54.6,No,0.0,23,1255.84,1744.41,1112.97,1598.82,11,3,48,2023
2023-12-01,P006,Backpack,Accessories,58.08,No,0.0,27,1568.17,1255.84,1270.94,1619.23,12,4,48,2023
2023-12-02,P006,Backpack,Accessories,53.21,Yes,0.102,42,2007.78,1568.17,2060.48,1661.6914285714286,12,5,48,2023
2023-12-03,P006,Backpack,Accessories,51.71,No,0.0,38,1964.88,2007.78,1700.54,1654.1628571428573,12,6,48,2023
2023-12-04,P006,Backpack,Accessories,54.85,No,0.0,25,1371.2,1964.88,1756.72,1691.9257142857143,12,0,49,2023
2023-12-05,P006,Backpack,Accessories,54.7,Yes,0.209,31,1341.3,1371.2,1545.68,1636.8514285714286,12,1,49,2023
2023-12-06,P006,Backpack,Accessories,54.44,Yes,0.095,41,2020.14,1341.3,1744.41,1607.6542857142856,12,2,49,2023
2023-12-07,P006,Backpack,Accessories,54.34,Yes,0.099,37,1810.62,2020.14,1255.84,1647.044285714286,12,3,49,2023
2023-12-08,P006,Backpack,Accessories,52.68,No,0.0,33,1738.46,1810.62,1568.17,1726.2985714285714,12,4,49,2023
2023-12-09,P006,Backpack,Accessories,55.98,No,0.0,30,1679.29,1738.46,2007.78,1750.6257142857144,12,5,49,2023
2023-12-10,P006,Backpack,Accessories,56.78,No,0.0,23,1306.01,1679.29,1964.88,1703.6985714285713,12,6,49,2023
2023-12-11,P006,Backpack,Accessories,54.85,No,0.0,29,1590.58,1306.01,1371.2,1609.5742857142857,12,0,50,2023
2023-12-12,P006,Backpack,Accessories,57.02,No,0.0,23,1311.57,1590.58,1341.3,1640.9142857142856,12,1,50,2023
2023-12-13,P006,Backpack,Accessories,56.19,No,0.0,27,1517.0,1311.57,2020.14,1636.6671428571428,12,2,50,2023
2023-12-14,P006,Backpack,Accessories,56.75,No,0.0,39,2213.32,1517.0,1810.62,1564.7899999999997,12,3,50,2023
2023-12-15,P006,Backpack,Accessories,53.14,No,0.0,25,1328.58,2213.32,1738.46,1622.3185714285714,12,4,50,2023
2023-12-16,P006,Backpack,Accessories,55.64,No,0.0,25,1390.95,1328.58,1679.29,1563.7642857142857,12,5,50,2023
2023-12-17,P006,Backpack,Accessories,54.83,No,0.0,42,2302.77,1390.95,1306.01,1522.5728571428572,12,6,50,2023
2023-12-18,P006,Backpack,Accessories,52.54,No,0.0,25,1313.42,2302.77,1590.58,1664.967142857143,12,0,51,2023
2023-12-19,P006,Backpack,Accessories,59.21,No,0.0,29,1717.22,1313.42,1311.57,1625.3728571428571,12,1,51,2023
2023-12-20,P006,Backpack,Accessories,55.99,No,0.0,41,2295.45,1717.22,1517.0,1683.3228571428572,12,2,51,2023
2023-12-21,P006,Backpack,Accessories,58.57,Yes,0.134,49,2485.49,2295.45,2213.32,1794.53,12,3,51,2023
2023-12-22,P006,Backpack,Accessories,56.9,Yes,0.232,45,1965.96,2485.49,1328.58,1833.4114285714288,12,4,51,2023
2023-12-23,P006,Backpack,Accessories,57.3,No,0.0,40,2291.98,1965.96,1390.95,1924.4657142857143,12,5,51,2023
2023-12-24,P006,Backpack,Accessories,55.83,Yes,0.221,52,2261.88,2291.98,2302.77,2053.1842857142856,12,6,51,2023
2023-12-25,P006,Backpack,Accessories,54.43,No,0.0,44,2395.05,2261.88,1313.42,2047.3428571428574,12,0,52,2023
2023-12-26,P006,Backpack,Accessories,54.89,Yes,0.196,46,2030.81,2395.05,1717.22,2201.8614285714284,12,1,52,2023
2023-12-27,P006,Backpack,Accessories,52.87,No,0.0,36,1903.16,2030.81,2295.45,2246.66,12,2,52,2023
2023-12-28,P006,Backpack,Accessories,54.48,No,0.0,42,2288.04,1903.16,2485.49,2190.6185714285716,12,3,52,2023
2023-12-29,P006,Backpack,Accessories,56.56,Yes,0.095,49,2509.19,2288.04,1965.96,2162.4114285714286,12,4,52,2023
2023-12-30,P006,Backpack,Accessories,48.29,Yes,0.141,61,2529.39,2509.19,2291.98,2240.0157142857142,12,5,52,2023
2023-12-31,P006,Backpack,Accessories,56.85,No,0.0,53,3013.31,2529.39,2261.88,2273.9314285714286,12,6,52,2023
2024-01-01,P006,Backpack,Accessories,53.99,Yes,0.174,60,2675.47,3013.31,2395.05,2381.2785714285715,1,0,1,2024
2024-01-02,P006,Backpack,Accessories,54.51,No,0.0,30,1635.38,2675.47,2030.81,2421.3385714285714,1,1,1,2024
2024-01-03,P006,Backpack,Accessories,56.77,No,0.0,37,2100.36,1635.38,1903.16,2364.848571428571,1,2,1,2024
2024-01-04,P006,Backpack,Accessories,55.84,Yes,0.091,29,1471.4,2100.36,2288.04,2393.02,1,3,1,2024
2024-01-05,P006,Backpack,Accessories,55.75,No,0.0,31,1728.17,1471.4,2509.19,2276.3571428571427,1,4,1,2024
2024-01-06,P006,Backpack,Accessories,53.78,No,0.0,31,1667.15,1728.17,2529.39,2164.782857142857,1,5,1,2024
2024-01-07,P006,Backpack,Accessories,56.36,No,0.0,37,2085.32,1667.15,3013.31,2041.6057142857142,1,6,1,2024
2024-01-08,P006,Backpack,Accessories,55.38,No,0.0,26,1439.91,2085.32,2675.47,1909.0357142857142,1,0,2,2024
2024-01-09,P006,Backpack,Accessories,54.6,No,0.0,23,1255.77,1439.91,1635.38,1732.527142857143,1,1,2,2024
2024-01-10,P006,Backpack,Accessories,52.5,No,0.0,23,1207.51,1255.77,2100.36,1678.297142857143,1,2,2,2024
2024-01-11,P006,Backpack,Accessories,53.69,No,,23,1234.84,1207.51,1471.4,1550.7471428571428,1,3,2,2024
2024-01-12,P006,Backpack,Accessories,53.19,No,0.0,29,1542.65,1234.84,1728.17,1516.952857142857,1,4,2,2024
2024-01-13,P006,Backpack,Accessories,57.59,No,0.0,27,1554.83,1542.65,1667.15,1490.45,1,5,2,2024
2024-01-14,P006,Backpack,Accessories,51.71,No,0.0,25,1292.68,1554.83,2085.32,1474.4042857142856,1,6,2,2024
2024-01-15,P006,Backpack,Accessories,54.17,No,0.0,27,1462.69,1292.68,1439.91,1361.1699999999998,1,0,3,2024
2024-01-16,P006,Backpack,Accessories,53.03,Yes,0.151,34,1530.34,1462.69,1255.77,1364.4242857142858,1,1,3,2024
2024-01-17,P006,Backpack,Accessories,56.13,No,0.0,32,1796.3,1530.34,1207.51,1403.6485714285714,1,2,3,2024
2024-01-18,P006,Backpack,Accessories,55.66,No,0.0,24,1335.92,1796.3,1234.84,1487.7614285714285,1,3,3,2024
2024-01-19,P006,Backpack,Accessories,55.3,No,0.0,26,1437.78,1335.92,1542.65,1502.2014285714286,1,4,3,2024
2024-01-20,P006,Backpack,Accessories,55.18,Yes,0.169,29,1329.23,1437.78,1554.83,1487.2199999999998,1,5,3,2024
2024-01-21,P006,Backpack,Accessories,58.38,No,0.0,31,1809.88,1329.23,1292.68,1454.9914285714287,1,6,3,2024
2024-01-22,P006,Backpack,Accessories,54.61,No,0.0,38,2075.08,1809.88,1462.69,1528.8771428571429,1,0,4,2024
2024-01-23,P006,Backpack,Accessories,53.89,No,0.0,33,1778.38,2075.08,1530.34,1616.3614285714286,1,1,4,2024
2024-01-24,P006,Backpack,Accessories,55.25,No,0.0,30,1657.53,1778.38,1796.3,1651.7957142857142,1,2,4,2024
2024-01-25,P006,Backpack,Accessories,53.7,No,0.0,17,912.96,1657.53,1335.92,1631.9714285714285,1,3,4,2024
2024-01-26,P006,Backpack,Accessories,55.25,No,0.0,33,1823.23,912.96,1437.78,1571.5485714285714,1,4,4,2024
2024-01-27,P006,Backpack,Accessories,58.5,No,0.0,29,1696.55,1823.23,1329.23,1626.6128571428574,1,5,4,2024
2024-01-28,P006,Backpack,Accessories,57.26,No,0.0,30,1717.72,1696.55,1809.88,1679.0871428571427,1,6,4,2024
2024-01-29,P006,Backpack,Accessories,54.83,No,0.0,34,1864.2,1717.72,2075.08,1665.9214285714286,1,0,5,2024
2024-01-30,P006,Backpack,Accessories,52.7,No,0.0,26,1370.23,1864.2,1778.38,1635.7957142857142,1,1,5,2024
2024-01-31,P006,Backpack,Accessories,54.47,Yes,0.159,26,1190.61,1370.23,1657.53,1577.4885714285713,1,2,5,2024
2024-02-01,P006,Backpack,Accessories,56.43,No,0.0,33,1862.32,1190.61,912.96,1510.7857142857142,2,3,5,2024
2024-02-02,P006,Backpack,Accessories,57.58,No,0.0,22,1266.68,1862.32,1823.23,1646.4085714285713,2,4,5,2024
2024-02-03,P006,Backpack,Accessories,51.35,No,0.0,28,1437.69,1266.68,1696.55,1566.9014285714286,2,5,5,2024
2024-02-04,P006,Backpack,Accessories,55.43,Yes,0.113,40,1967.19,1437.69,1717.72,1529.9214285714286,2,6,5,2024
2024-02-05,P006,Backpack,Accessories,56.64,No,0.0,26,1472.73,1967.19,1864.2,1565.56,2,0,6,2024
2024-02-06,P006,Backpack,Accessories,59.32,No,0.0,37,2194.81,1472.73,1370.23,1509.6357142857144,2,1,6,2024
2024-02-07,P006,Backpack,Accessories,55.53,No,0.0,30,1665.86,2194.81,1190.61,1627.4328571428573,2,2,6,2024
2024-02-08,P006,Backpack,Accessories,55.47,Yes,0.077,23,1177.36,1665.86,1862.32,1695.3257142857144,2,3,6,2024
2024-02-09,P006,Backpack,Accessories,51.09,Yes,0.152,33,1429.97,1177.36,1266.68,1597.4742857142858,2,4,6,2024
2024-02-10,P006,Backpack,Accessories,58.37,No,0.0,37,2159.83,1429.97,1437.69,1620.8014285714287,2,5,6,2024
2024-02-11,P006,Backpack,Accessories,55.07,No,0.0,35,1927.55,2159.83,1967.19,1723.9642857142858,2,6,6,2024
2024-02-12,P006,Backpack,Accessories,52.57,No,0.0,21,1104.03,1927.55,1472.73,1718.3014285714285,2,0,7,2024
2024-02-13,P006,Backpack,Accessories,54.05,No,0.0,26,1405.36,1104.03,2194.81,1665.6299999999999,2,1,7,2024
2024-02-14,P006,Backpack,Accessories,57.25,Yes,0.238,38,1657.26,1405.36,1665.86,1552.8514285714284,2,2,7,2024
2024-02-15,P006,Backpack,Accessories,54.87,No,0.0,24,1316.99,1657.26,1177.36,1551.622857142857,2,3,7,2024
2024-02-16,P006,Backpack,Accessories,56.09,No,0.0,31,1738.66,1316.99,1429.97,1571.57,2,4,7,2024
2024-02-17,P006,Backpack,Accessories,55.38,No,0.0,31,1716.63,1738.66,2159.83,1615.668571428571,2,5,7,2024
2024-02-18,P006,Backpack,Accessories,54.32,Yes,0.06,36,1838.48,1716.63,1927.55,1552.3542857142857,2,6,7,2024
2024-02-19,P006,Backpack,Accessories,50.72,Yes,0.23,39,1522.57,1838.48,1104.03,1539.6299999999999,2,0,8,2024
2024-02-20,P006,Backpack,Accessories,55.27,No,0.0,31,1713.35,1522.57,1405.36,1599.4214285714286,2,1,8,2024
2024-02-21,P006,Backpack,Accessories,54.0,No,0.0,23,1241.96,1713.35,1657.26,1643.42,2,2,8,2024
2024-02-22,P006,Backpack,Accessories,52.28,No,0.0,32,1673.12,1241.96,1316.99,1584.0914285714284,2,3,8,2024
2024-02-23,P006,Backpack,Accessories,51.66,No,0.0,32,1653.04,1673.12,1738.66,1634.967142857143,2,4,8,2024
2024-02-24,P006,Backpack,Accessories,52.93,No,0.0,36,1905.63,1653.04,1716.63,1622.7357142857143,2,5,8,2024
2024-02-25,P006,Backpack,Accessories,56.46,No,0.0,33,1863.13,1905.63,1838.48,1649.7357142857143,2,6,8,2024
2024-02-26,P006,Backpack,Accessories,52.23,No,0.0,27,1410.15,1863.13,1522.57,1653.2571428571428,2,0,9,2024
2024-02-27,P006,Backpack,Accessories,54.26,Yes,0.228,42,1758.74,1410.15,1713.35,1637.197142857143,2,1,9,2024
2024-02-28,P006,Backpack,Accessories,56.41,No,0.0,31,1748.82,1758.74,1241.96,1643.6814285714286,2,2,9,2024
2024-02-29,P006,Backpack,Accessories,53.48,No,0.0,33,1764.95,1748.82,1673.12,1716.0900000000001,2,3,9,2024
2024-03-01,P006,Backpack,Accessories,54.77,No,0.0,24,1314.51,1764.95,1653.04,1729.2085714285713,3,4,9,2024
2024-03-02,P006,Backpack,Accessories,53.73,No,0.0,27,1450.71,1314.51,1905.63,1680.847142857143,3,5,9,2024
2024-03-03,P006,Backpack,Accessories,58.11,No,0.0,24,1394.63,1450.71,1863.13,1615.8585714285714,3,6,9,2024
2024-03-04,P006,Backpack,Accessories,53.31,Yes,0.206,51,2158.02,1394.63,1410.15,1548.93,3,0,10,2024
2024-03-05,P006,Backpack,Accessories,54.29,No,0.0,29,1574.48,2158.02,1758.74,1655.7685714285712,3,1,10,2024
2024-03-06,P006,Backpack,Accessories,53.96,No,0.0,31,1672.91,1574.48,1748.82,1629.445714285714,3,2,10,2024
2024-03-07,P006,Backpack,Accessories,55.71,No,0.0,42,2339.82,1672.91,1764.95,1618.6014285714284,3,3,10,2024
2024-03-08,P006,Backpack,Accessories,55.68,No,0.0,30,1670.34,2339.82,1314.51,1700.725714285714,3,4,10,2024
2024-03-09,P006,Backpack,Accessories,54.86,No,0.0,40,2194.36,1670.34,1450.71,1751.5585714285714,3,5,10,2024
2024-03-10,P006,Backpack,Accessories,55.43,No,0.0,35,1940.0,2194.36,1394.63,1857.7942857142857,3,6,10,2024
2024-03-11,P006,Backpack,Accessories,54.68,Yes,0.158,30,1381.87,1940.0,2158.02,1935.7042857142858,3,0,11,2024
2024-03-12,P006,Backpack,Accessories,55.83,No,0.0,28,1563.21,1381.87,1574.48,1824.8257142857142,3,1,11,2024
2024-03-13,P006,Backpack,Accessories,54.21,Yes,0.074,39,1957.88,1563.21,1672.91,1823.2157142857143,3,2,11,2024
2024-03-14,P006,Backpack,Accessories,54.47,No,0.0,33,1797.35,1957.88,2339.82,1863.9257142857143,3,3,11,2024
2024-03-15,P006,Backpack,Accessories,57.38,No,0.0,31,1778.88,1797.35,1670.34,1786.43,3,4,11,2024
2024-03-16,P006,Backpack,Accessories,54.76,No,0.0,43,2354.83,1778.88,2194.36,1801.9357142857145,3,5,11,2024
2024-03-17,P006,Backpack,Accessories,51.87,Yes,0.194,47,1964.44,2354.83,1940.0,1824.8600000000001,3,6,11,2024
2024-03-18,P006,Backpack,Accessories,54.8,No,0.0,35,1918.06,1964.44,1381.87,1828.3514285714284,3,0,12,2024
2024-03-19,P006,Backpack,Accessories,55.52,No,0.0,34,1887.7,1918.06,1563.21,1904.9500000000003,3,1,12,2024
2024-03-20,P006,Backpack,Accessories,54.35,Yes,0.089,35,1733.12,1887.7,1957.88,1951.3057142857142,3,2,12,2024
2024-03-21,P006,Backpack,Accessories,57.41,No,0.0,42,2411.4,1733.12,1797.35,1919.1971428571428,3,3,12,2024
2024-03-22,P006,Backpack,Accessories,54.5,No,0.0,31,1689.55,2411.4,1778.88,2006.9185714285716,3,4,12,2024
2024-03-23,P006,Backpack,Accessories,52.95,No,0.0,26,1376.81,1689.55,2354.83,1994.1571428571426,3,5,12,2024
2024-03-24,P006,Backpack,Accessories,54.4,No,0.0,35,1904.04,1376.81,1964.44,1854.44,3,6,12,2024
2024-03-25,P006,Backpack,Accessories,58.75,No,0.0,30,1762.44,1904.04,1918.06,1845.8114285714285,3,0,13,2024
2024-03-26,P006,Backpack,Accessories,55.7,No,0.0,29,1615.27,1762.44,1887.7,1823.58,3,1,13,2024
2024-03-27,P006,Backpack,Accessories,56.69,No,0.0,34,1927.42,1615.27,1733.12,1784.6614285714288,3,2,13,2024
2024-03-28,P006,Backpack,Accessories,52.72,No,0.0,17,896.32,1927.42,2411.4,1812.4185714285716,3,3,13,2024
2024-03-29,P006,Backpack,Accessories,56.18,No,0.0,30,1685.27,896.32,1689.55,1595.9785714285715,3,4,13,2024
2024-03-30,P006,Backpack,Accessories,53.32,No,0.0,44,2346.26,1685.27,1376.81,1595.3671428571429,3,5,13,2024
2024-03-31,P006,Backpack,Accessories,53.78,No,0.0,29,1559.62,2346.26,1904.04,1733.8600000000001,3,6,13,2024
2024-04-01,P006,Backpack,Accessories,49.92,No,0.0,21,1048.38,1559.62,1762.44,1684.6571428571428,4,0,14,2024
2024-04-02,P006,Backpack,Accessories,54.27,No,0.0,33,1790.82,1048.38,1615.27,1582.6485714285716,4,1,14,2024
2024-04-03,P006,Backpack,Accessories,52.12,No,0.0,33,1719.89,1790.82,1927.42,1607.7271428571428,4,2,14,2024
2024-04-04,P006,Backpack,Accessories,56.69,Yes,0.083,31,1612.19,1719.89,896.32,1578.08,4,3,14,2024
2024-04-05,P006,Backpack,Accessories,54.31,No,0.0,27,1466.45,1612.19,1685.27,1680.347142857143,4,4,14,2024
2024-04-06,P006,Backpack,Accessories,53.98,No,0.0,39,2105.13,1466.45,2346.26,1649.0871428571427,4,5,14,2024
2024-04-07,P006,Backpack,Accessories,53.02,No,0.0,36,1908.66,2105.13,1559.62,1614.6399999999999,4,6,14,2024
2024-04-08,P006,Backpack,Accessories,53.41,No,0.0,27,1442.16,1908.66,1048.38,1664.5028571428572,4,0,15,2024
2024-04-09,P006,Backpack,Accessories,54.59,No,0.0,35,1910.72,1442.16,1790.82,1720.7571428571428,4,1,15,2024
2024-04-10,P006,Backpack,Accessories,55.22,No,0.0,25,1380.62,1910.72,1719.89,1737.8857142857144,4,2,15,2024
2024-04-11,P006,Backpack,Accessories,54.49,No,0.0,32,1743.52,1380.62,1612.19,1689.4185714285716,4,3,15,2024
2024-04-12,P006,Backpack,Accessories,57.18,No,0.0,28,1601.16,1743.52,1466.45,1708.18,4,4,15,2024
2024-04-13,P006,Backpack,Accessories,57.51,No,0.0,36,2070.51,1601.16,2105.13,1727.4242857142858,4,5,15,2024
2024-04-14,P006,Backpack,Accessories,56.03,No,0.0,45,2521.55,2070.51,1908.66,1722.4785714285715,4,6,15,2024
2024-04-15,P006,Backpack,Accessories,53.04,Yes,0.133,48,2208.46,2521.55,1442.16,1810.034285714286,4,0,16,2024
2024-04-16,P006,Backpack,Accessories,59.18,No,0.0,27,1597.93,2208.46,1910.72,1919.5057142857145,4,1,16,2024
2024-04-17,P006,Backpack,Accessories,55.31,No,0.0,30,1659.34,1597.93,1380.62,1874.8214285714287,4,2,16,2024
2024-04-18,P006,Backpack,Accessories,55.95,No,0.0,33,1846.22,1659.34,1743.52,1914.6385714285716,4,3,16,2024
2024-04-19,P006,Backpack,Accessories,53.76,No,0.0,33,1774.03,1846.22,1601.16,1929.31,4,4,16,2024
2024-04-20,P006,Backpack,Accessories,54.04,No,0.0,33,1783.43,1774.03,2070.51,1954.0057142857145,4,5,16,2024
2024-04-21,P006,Backpack,Accessories,60.23,No,0.0,43,2589.8,1783.43,2521.55,1912.9942857142858,4,6,16,2024
2024-04-22,P006,Backpack,Accessories,54.17,Yes,0.119,45,2147.48,2589.8,2208.46,1922.7442857142855,4,0,17,2024
2024-04-23,P006,Backpack,Accessories,56.91,No,0.0,30,1707.4,2147.48,1597.93,1914.032857142857,4,1,17,2024
2024-04-24,P006,Backpack,Accessories,55.46,Yes,0.141,38,1810.94,1707.4,1659.34,1929.6714285714286,4,2,17,2024
2024-04-25,P006,Backpack,Accessories,54.61,Yes,0.2,38,1659.64,1810.94,1846.22,1951.3285714285714,4,3,17,2024
2024-04-26,P006,Backpack,Accessories,57.28,No,0.0,33,1890.26,1659.64,1774.03,1924.6742857142858,4,4,17,2024
2024-04-27,P006,Backpack,Accessories,55.15,No,0.0,33,1819.9,1890.26,1783.43,1941.2785714285715,4,5,17,2024
2024-04-28,P006,Backpack,Accessories,56.09,No,0.0,26,1458.35,1819.9,2589.8,1946.4885714285715,4,6,17,2024
2024-04-29,P006,Backpack,Accessories,56.71,No,0.0,32,1814.85,1458.35,2147.48,1784.8528571428574,4,0,18,2024
2024-04-30,P006,Backpack,Accessories,56.84,No,0.0,25,1420.99,1814.85,1707.4,1737.3342857142857,4,1,18,2024
2024-05-01,P006,Backpack,Accessories,53.47,Yes,0.158,47,2114.73,1420.99,1810.94,1696.418571428571,5,2,18,2024
2024-05-02,P006,Backpack,Accessories,54.56,Yes,0.127,41,1953.5,2114.73,1659.64,1739.817142857143,5,3,18,2024
2024-05-03,P006,Backpack,Accessories,53.29,No,0.0,29,1545.33,1953.5,1890.26,1781.7971428571425,5,4,18,2024
2024-05-04,P006,Backpack,Accessories,52.54,No,0.0,43,2259.27,1545.33,1819.9,1732.5214285714287,5,5,18,2024
2024-05-05,P006,Backpack,Accessories,53.37,No,0.0,38,2027.92,2259.27,1458.35,1795.2885714285712,5,6,18,2024
2024-05-06,P006,Backpack,Accessories,49.21,No,0.0,34,1673.03,2027.92,1814.85,1876.655714285714,5,0,19,2024
2024-05-07,P006,Backpack,Accessories,53.81,No,0.0,26,1398.97,1673.03,1420.99,1856.3957142857143,5,1,19,2024
2024-05-08,P006,Backpack,Accessories,54.95,No,0.0,24,1318.72,1398.97,2114.73,1853.25,5,2,19,2024
2024-05-09,P006,Backpack,Accessories,51.11,Yes,0.052,45,2180.5,1318.72,1953.5,1739.534285714286,5,3,19,2024
2024-05-10,P006,Backpack,Accessories,54.92,No,0.0,30,1647.71,2180.5,1545.33,1771.9628571428573,5,4,19,2024
2024-05-11,P006,Backpack,Accessories,53.84,No,0.0,47,2530.25,1647.71,2259.27,1786.5885714285712,5,5,19,2024
2024-05-12,P006,Backpack,Accessories,52.24,No,0.0,27,1410.35,2530.25,2027.92,1825.3,5,6,19,2024
2024-05-13,P006,Backpack,Accessories,57.02,No,0.0,29,1653.56,1410.35,1673.03,1737.0757142857144,5,0,20,2024
2024-05-14,P006,Backpack,Accessories,56.43,Yes,0.113,34,1702.67,1653.56,1398.97,1734.2942857142857,5,1,20,2024
2024-05-15,P006,Backpack,Accessories,56.86,No,0.0,37,2103.95,1702.67,1318.72,1777.68,5,2,20,2024
2024-05-16,P006,Backpack,Accessories,55.22,No,0.0,39,2153.41,2103.95,2180.5,1889.855714285714,5,3,20,2024
2024-05-17,P006,Backpack,Accessories,56.75,No,0.0,40,2269.92,2153.41,1647.71,1885.985714285714,5,4,20,2024
2024-05-18,P006,Backpack,Accessories,55.04,No,0.0,38,2091.48,2269.92,2530.25,1974.8728571428571,5,5,20,2024
2024-05-19,P006,Backpack,Accessories,55.97,Yes,0.082,56,2876.61,2091.48,1410.35,1912.1914285714286,5,6,20,2024
2024-05-20,P006,Backpack,Accessories,54.22,No,0.0,40,2168.99,2876.61,1653.56,2121.657142857143,5,0,21,2024
2024-05-21,P006,Backpack,Accessories,57.97,Yes,0.055,44,2410.33,2168.99,1702.67,2195.29,5,1,21,2024
2024-05-22,P006,Backpack,Accessories,56.27,No,0.0,36,2025.73,2410.33,2103.95,2296.3842857142854,5,2,21,2024
2024-05-23,P006,Backpack,Accessories,54.5,No,0.0,33,1798.59,2025.73,2153.41,2285.21,5,3,21,2024
2024-05-24,P006,Backpack,Accessories,55.79,Yes,0.099,26,1307.33,1798.59,2269.92,2234.5214285714287,5,4,21,2024
2024-05-25,P006,Backpack,Accessories,51.86,No,0.0,44,2281.66,1307.33,2091.48,2097.0085714285715,5,5,21,2024
2024-05-26,P006,Backpack,Accessories,56.48,Yes,0.181,43,1989.83,2281.66,2876.61,2124.1771428571424,5,6,21,2024
2024-05-27,P006,Backpack,Accessories,53.99,No,0.0,38,2051.64,1989.83,2168.99,1997.4942857142855,5,0,22,2024
2024-05-28,P006,Backpack,Accessories,55.84,No,0.0,32,1786.88,2051.64,2410.33,1980.73,5,1,22,2024
2024-05-29,P006,Backpack,Accessories,56.0,No,0.0,36,2015.9,1786.88,2025.73,1891.665714285714,5,2,22,2024
2024-05-30,P006,Backpack,Accessories,52.28,No,0.0,37,1934.35,2015.9,1798.59,1890.2614285714283,5,3,22,2024
2024-05-31,P006,Backpack,Accessories,53.66,No,0.0,25,1341.47,1934.35,1307.33,1909.655714285714,5,4,22,2024
2024-06-01,P006,Backpack,Accessories,50.86,No,0.0,31,1576.54,1341.47,2281.66,1914.532857142857,6,5,22,2024
2024-06-02,P006,Backpack,Accessories,54.38,No,0.0,41,2229.6,1576.54,1989.83,1813.8014285714285,6,6,22,2024
2024-06-03,P006,Backpack,Accessories,52.32,Yes,0.159,33,1451.72,2229.6,2051.64,1848.0542857142857,6,0,23,2024
2024-06-04,P006,Backpack,Accessories,54.57,Yes,0.05,33,1710.64,1451.72,1786.88,1762.3514285714284,6,1,23,2024
2024-06-05,P006,Backpack,Accessories,53.48,No,0.0,41,2192.6,1710.64,2015.9,1751.4600000000003,6,2,23,2024
2024-06-06,P006,Backpack,Accessories,53.82,No,0.0,29,1560.87,2192.6,1934.35,1776.7028571428568,6,3,23,2024
2024-06-07,P006,Backpack,Accessories,54.8,No,0.0,34,1863.28,1560.87,1341.47,1723.3485714285714,6,4,23,2024
2024-06-08,P006,Backpack,Accessories,52.35,No,0.0,34,1780.04,1863.28,1576.54,1797.892857142857,6,5,23,2024
2024-06-09,P006,Backpack,Accessories,53.84,No,0.0,44,2368.89,1780.04,2229.6,1826.9642857142858,6,6,23,2024
2024-06-10,P006,Backpack,Accessories,56.78,No,0.0,30,1703.32,2368.89,1451.72,1846.8628571428574,6,0,24,2024
2024-06-11,P006,Backpack,Accessories,53.92,No,0.0,32,1725.42,1703.32,1710.64,1882.8057142857144,6,1,24,2024
2024-06-12,P006,Backpack,Accessories,57.69,Yes,0.221,37,1663.5,1725.42,2192.6,1884.9171428571428,6,2,24,2024
2024-06-13,P006,Backpack,Accessories,51.99,Yes,0.199,37,1540.07,1663.5,1560.87,1809.3314285714284,6,3,24,2024
2024-06-14,P006,Backpack,Accessories,51.68,No,0.0,18,930.29,1540.07,1863.28,1806.3600000000001,6,4,24,2024
2024-06-15,P006,Backpack,Accessories,52.77,Yes,0.207,35,1465.47,930.29,1780.04,1673.0757142857142,6,5,24,2024
2024-06-16,P006,Backpack,Accessories,53.9,No,0.0,33,1778.59,1465.47,2368.89,1628.137142857143,6,6,24,2024
2024-06-17,P006,Backpack,Accessories,57.12,No,0.0,23,1313.67,1778.59,1703.32,1543.8085714285714,6,0,25,2024
2024-06-18,P006,Backpack,Accessories,57.34,No,0.0,37,2121.74,1313.67,1725.42,1488.1442857142854,6,1,25,2024
2024-06-19,P006,Backpack,Accessories,55.48,No,0.0,28,1553.42,2121.74,1663.5,1544.7614285714283,6,2,25,2024
2024-06-20,P006,Backpack,Accessories,54.41,No,0.0,32,1741.12,1553.42,1540.07,1529.0357142857142,6,3,25,2024
2024-06-21,P006,Backpack,Accessories,53.52,No,0.0,32,1712.75,1741.12,930.29,1557.7571428571428,6,4,25,2024
2024-06-22,P006,Backpack,Accessories,56.05,No,0.0,44,2466.38,1712.75,1465.47,1669.537142857143,6,5,25,2024
2024-06-23,P006,Backpack,Accessories,55.94,No,0.0,32,1790.1,2466.38,1778.59,1812.5242857142855,6,6,25,2024
2024-06-24,P006,Backpack,Accessories,55.7,No,0.0,29,1615.34,1790.1,1313.67,1814.168571428571,6,0,26,2024
2024-06-25,P006,Backpack,Accessories,54.55,Yes,0.06,43,2204.32,1615.34,2121.74,1857.2642857142855,6,1,26,2024
2024-06-26,P006,Backpack,Accessories,55.8,No,0.0,30,1673.97,2204.32,1553.42,1869.0614285714287,6,2,26,2024
2024-06-27,P006,Backpack,Accessories,55.4,No,0.0,34,1883.73,1673.97,1741.12,1886.282857142857,6,3,26,2024
2024-06-28,P006,Backpack,Accessories,58.48,No,0.0,39,2280.72,1883.73,1712.75,1906.6557142857143,6,4,26,2024
2024-06-29,P006,Backpack,Accessories,54.98,No,0.0,37,2034.16,2280.72,2466.38,1987.794285714286,6,5,26,2024
2024-06-30,P006,Backpack,Accessories,53.57,No,0.0,30,1607.21,2034.16,1790.1,1926.0485714285714,6,6,26,2024
2024-07-01,P006,Backpack,Accessories,55.04,No,0.0,23,1266.03,1607.21,1615.34,1899.9214285714286,7,0,27,2024
2024-07-02,P006,Backpack,Accessories,57.08,No,0.0,37,2112.02,1266.03,2204.32,1850.0200000000002,7,1,27,2024
2024-07-03,P006,Backpack,Accessories,56.65,No,0.0,30,1699.37,2112.02,1673.97,1836.8342857142857,7,2,27,2024
2024-07-04,P006,Backpack,Accessories,53.28,No,0.0,35,1864.91,1699.37,1883.73,1840.462857142857,7,3,27,2024
2024-07-05,P006,Backpack,Accessories,56.2,Yes,0.157,39,1848.17,1864.91,2280.72,1837.7742857142857,7,4,27,2024
2024-07-06,P006,Backpack,Accessories,53.15,Yes,0.241,53,2138.58,1848.17,2034.16,1775.9814285714288,7,5,27,2024
2024-07-07,P006,Backpack,Accessories,53.92,No,0.0,40,2156.62,2138.58,1607.21,1790.8985714285714,7,6,27,2024
2024-07-08,P006,Backpack,Accessories,55.9,No,0.0,40,2235.93,2156.62,1266.03,1869.3857142857144,7,0,28,2024
2024-07-09,P006,Backpack,Accessories,57.33,No,0.0,46,2637.06,2235.93,2112.02,2007.9428571428568,7,1,28,2024
2024-07-10,P006,Backpack,Accessories,55.53,No,0.0,21,1166.21,2637.06,1699.37,2082.9485714285715,7,2,28,2024
2024-07-11,P006,Backpack,Accessories,54.64,No,0.0,29,1584.7,1166.21,1864.91,2006.782857142857,7,3,28,2024
2024-07-12,P006,Backpack,Accessories,54.21,Yes,0.212,37,1579.76,1584.7,1848.17,1966.7528571428572,7,4,28,2024
2024-07-13,P006,Backpack,Accessories,55.66,Yes,0.133,39,1882.46,1579.76,2138.58,1928.4085714285716,7,5,28,2024
2024-07-14,P006,Backpack,Accessories,53.68,No,0.0,41,2200.91,1882.46,2156.62,1891.82,7,6,28,2024
2024-07-15,P006,Backpack,Accessories,54.93,No,0.0,22,1208.43,2200.91,2235.93,1898.1471428571426,7,0,29,2024
2024-07-16,P006,Backpack,Accessories,53.06,No,0.0,31,1644.93,1208.43,2637.06,1751.3614285714286,7,1,29,2024
2024-07-17,P006,Backpack,Accessories,53.39,No,0.0,37,1975.57,1644.93,1166.21,1609.6285714285716,7,2,29,2024
2024-07-18,P006,Backpack,Accessories,53.98,No,0.0,27,1457.51,1975.57,1584.7,1725.2514285714285,7,3,29,2024
2024-07-19,P006,Backpack,Accessories,54.64,No,0.0,22,1202.17,1457.51,1579.76,1707.0814285714284,7,4,29,2024
2024-07-20,P006,Backpack,Accessories,52.71,No,0.0,28,1475.92,1202.17,1882.46,1653.14,7,5,29,2024
2024-07-21,P006,Backpack,Accessories,51.19,No,0.0,40,2047.65,1475.92,2200.91,1595.0628571428572,7,6,29,2024
2024-07-22,P006,Backpack,Accessories,56.06,Yes,0.185,33,1507.97,2047.65,1208.43,1573.1685714285716,7,0,30,2024
2024-07-23,P006,Backpack,Accessories,56.21,No,0.0,33,1855.03,1507.97,1644.93,1615.9599999999998,7,1,30,2024
2024-07-24,P006,Backpack,Accessories,52.66,No,0.0,35,1843.14,1855.03,1975.57,1645.9742857142858,7,2,30,2024
2024-07-25,P006,Backpack,Accessories,54.33,Yes,0.113,38,1831.03,1843.14,1457.51,1627.0557142857142,7,3,30,2024
2024-07-26,P006,Backpack,Accessories,51.89,No,0.0,25,1297.16,1831.03,1202.17,1680.4157142857143,7,4,30,2024
2024-07-27,P006,Backpack,Accessories,57.86,Yes,0.222,33,1486.35,1297.16,1475.92,1693.9857142857143,7,5,30,2024
2024-07-28,P006,Backpack,Accessories,56.77,No,0.0,31,1759.73,1486.35,2047.65,1695.4757142857143,7,6,30,2024
2024-07-29,P006,Backpack,Accessories,56.89,No,0.0,28,1592.98,1759.73,1507.97,1654.3442857142857,7,0,31,2024
2024-07-30,P006,Backpack,Accessories,54.11,No,0.0,29,1569.1,1592.98,1855.03,1666.4885714285715,7,1,31,2024
2024-07-31,P006,Backpack,Accessories,55.25,No,0.0,33,1823.36,1569.1,1843.14,1625.6414285714286,7,2,31,2024
2024-08-01,P006,Backpack,Accessories,53.77,No,0.0,35,1882.05,1823.36,1831.03,1622.8157142857144,8,3,31,2024
2024-08-02,P006,Backpack,Accessories,58.14,No,0.0,26,1511.73,1882.05,1297.16,1630.1042857142857,8,4,31,2024
2024-08-03,P006,Backpack,Accessories,53.12,No,0.0,30,1593.72,1511.73,1486.35,1660.7571428571428,8,5,31,2024
2024-08-04,P006,Backpack,Accessories,56.63,No,0.0,24,1359.09,1593.72,1759.73,1676.0957142857144,8,6,31,2024
2024-08-05,P006,Backpack,Accessories,53.45,No,0.0,34,1817.41,1359.09,1592.98,1618.8614285714286,8,0,32,2024
2024-08-06,P006,Backpack,Accessories,53.12,No,0.0,26,1381.16,1817.41,1569.1,1650.9228571428573,8,1,32,2024
2024-08-07,P006,Backpack,Accessories,54.83,Yes,0.058,30,1548.87,1381.16,1823.36,1624.0742857142857,8,2,32,2024
2024-08-08,P006,Backpack,Accessories,57.11,Yes,0.179,48,2250.32,1548.87,1882.05,1584.8614285714284,8,3,32,2024
2024-08-09,P006,Backpack,Accessories,58.08,No,0.0,25,1451.98,2250.32,1511.73,1637.4714285714285,8,4,32,2024
2024-08-10,P006,Backpack,Accessories,54.97,No,0.0,34,1869.13,1451.98,1593.72,1628.9357142857145,8,5,32,2024
2024-08-11,P006,Backpack,Accessories,53.04,No,0.0,29,1538.12,1869.13,1359.09,1668.28,8,6,32,2024
2024-08-12,P006,Backpack,Accessories,54.08,Yes,0.192,34,1486.48,1538.12,1817.41,1693.8557142857142,8,0,33,2024
2024-08-13,P006,Backpack,Accessories,56.42,Yes,0.102,26,1317.04,1486.48,1381.16,1646.58,8,1,33,2024
2024-08-14,P006,Backpack,Accessories,53.96,Yes,0.067,21,1057.69,1317.04,1548.87,1637.4199999999998,8,2,33,2024
2024-08-15,P006,Backpack,Accessories,52.45,No,0.0,27,1416.18,1057.69,2250.32,1567.2514285714285,8,3,33,2024
2024-08-16,P006,Backpack,Accessories,56.05,No,0.0,22,1233.13,1416.18,1451.98,1448.0885714285712,8,4,33,2024
2024-08-17,P006,Backpack,Accessories,57.1,No,0.0,33,1884.16,1233.13,1869.13,1416.8242857142857,8,5,33,2024
2024-08-18,P006,Backpack,Accessories,54.69,No,0.0,34,1859.48,1884.16,1538.12,1418.9714285714288,8,6,33,2024
2024-08-19,P006,Backpack,Accessories,52.38,No,0.0,22,1152.33,1859.48,1486.48,1464.8799999999999,8,0,34,2024
2024-08-20,P006,Backpack,Accessories,52.2,Yes,0.234,34,1359.46,1152.33,1317.04,1417.1442857142858,8,1,34,2024
2024-08-21,P006,Backpack,Accessories,55.73,Yes,0.209,21,925.24,1359.46,1057.69,1423.2042857142858,8,2,34,2024
2024-08-22,P006,Backpack,Accessories,54.94,Yes,0.215,20,862.92,925.24,1416.18,1404.2828571428574,8,3,34,2024
2024-08-23,P006,Backpack,Accessories,54.77,No,0.0,20,1095.38,862.92,1233.13,1325.2457142857145,8,4,34,2024
2024-08-24,P006,Backpack,Accessories,53.15,No,0.0,31,1647.52,1095.38,1884.16,1305.567142857143,8,5,34,2024
2024-08-25,P006,Backpack,Accessories,51.98,No,0.0,34,1767.19,1647.52,1859.48,1271.7614285714285,8,6,34,2024
2024-08-26,P006,Backpack,Accessories,53.38,No,0.0,24,1281.21,1767.19,1152.33,1258.577142857143,8,0,35,2024
2024-08-27,P006,Backpack,Accessories,55.29,No,0.0,13,718.78,1281.21,1359.46,1276.9885714285715,8,1,35,2024
2024-08-28,P006,Backpack,Accessories,56.15,No,0.0,33,1852.97,718.78,925.24,1185.462857142857,8,2,35,2024
2024-08-29,P006,Backpack,Accessories,52.67,No,0.0,26,1369.52,1852.97,862.92,1317.9957142857145,8,3,35,2024
2024-08-30,P006,Backpack,Accessories,54.43,No,0.0,23,1251.79,1369.52,1095.38,1390.3671428571429,8,4,35,2024
2024-08-31,P006,Backpack,Accessories,53.05,No,0.0,37,1962.75,1251.79,1647.52,1412.7114285714285,8,5,35,2024
2024-09-01,P006,Backpack,Accessories,54.71,No,0.0,38,2078.96,1962.75,1767.19,1457.7442857142858,9,6,35,2024
2024-09-02,P006,Backpack,Accessories,58.05,No,0.0,34,1973.54,2078.96,1281.21,1502.282857142857,9,0,36,2024
2024-09-03,P006,Backpack,Accessories,57.94,No,0.0,27,1564.46,1973.54,718.78,1601.187142857143,9,1,36,2024
2024-09-04,P006,Backpack,Accessories,56.91,Yes,0.121,26,1300.18,1564.46,1852.97,1721.9985714285715,9,2,36,2024
2024-09-05,P006,Backpack,Accessories,56.56,No,0.0,25,1414.05,1300.18,1369.52,1643.0285714285715,9,3,36,2024
2024-09-06,P006,Backpack,Accessories,53.13,Yes,0.185,50,2163.73,1414.05,1251.79,1649.3899999999999,9,4,36,2024
2024-09-07,P006,Backpack,Accessories,53.9,No,0.0,27,1455.19,2163.73,1962.75,1779.6671428571428,9,5,36,2024
2024-09-08,P006,Backpack,Accessories,57.78,No,0.0,26,1502.36,1455.19,2078.96,1707.1585714285716,9,6,36,2024
2024-09-09,P006,Backpack,Accessories,54.54,No,0.0,28,1527.14,1502.36,1973.54,1624.787142857143,9,0,37,2024
2024-09-10,P006,Backpack,Accessories,52.18,No,0.0,22,1147.94,1527.14,1564.46,1561.0157142857145,9,1,37,2024
2024-09-11,P006,Backpack,Accessories,55.03,No,0.0,25,1375.69,1147.94,1300.18,1501.5128571428572,9,2,37,2024
2024-09-12,P006,Backpack,Accessories,52.84,No,0.0,29,1532.49,1375.69,1414.05,1512.3,9,3,37,2024
2024-09-13,P006,Backpack,Accessories,52.71,No,0.0,23,1212.43,1532.49,2163.73,1529.2199999999998,9,4,37,2024
2024-09-14,P006,Backpack,Accessories,56.43,No,0.0,29,1636.57,1212.43,1455.19,1393.32,9,5,37,2024
2024-09-15,P006,Backpack,Accessories,52.77,Yes,0.109,28,1315.94,1636.57,1502.36,1419.2314285714285,9,6,37,2024
2024-09-16,P006,Backpack,Accessories,55.96,No,0.0,27,1510.85,1315.94,1527.14,1392.6000000000001,9,0,38,2024
2024-09-17,P006,Backpack,Accessories,53.42,No,0.0,26,1388.9,1510.85,1147.94,1390.2728571428574,9,1,38,2024
2024-09-18,P006,Backpack,Accessories,52.88,No,0.0,22,1163.35,1388.9,1375.69,1424.6957142857143,9,2,38,2024
2024-09-19,P006,Backpack,Accessories,54.64,No,0.0,24,1311.43,1163.35,1532.49,1394.3614285714286,9,3,38,2024
2024-09-20,P006,Backpack,Accessories,55.88,No,0.0,21,1173.55,1311.43,1212.43,1362.7814285714287,9,4,38,2024
2024-09-21,P006,Backpack,Accessories,57.42,No,0.0,28,1607.66,1173.55,1636.57,1357.2271428571428,9,5,38,2024
2024-09-22,P006,Backpack,Accessories,56.17,No,0.0,26,1460.5,1607.66,1315.94,1353.097142857143,9,6,38,2024
2024-09-23,P006,Backpack,Accessories,53.4,No,0.0,39,2082.64,1460.5,1510.85,1373.7485714285715,9,0,39,2024
2024-09-24,P006,Backpack,Accessories,54.86,No,0.0,27,1481.18,2082.64,1388.9,1455.4328571428573,9,1,39,2024
2024-09-25,P006,Backpack,Accessories,52.95,Yes,0.086,29,1402.99,1481.18,1163.35,1468.6157142857144,9,2,39,2024
2024-09-26,P006,Backpack,Accessories,53.54,No,0.0,31,1659.81,1402.99,1311.43,1502.8500000000001,9,3,39,2024
2024-09-27,P006,Backpack,Accessories,53.91,No,0.0,29,1563.51,1659.81,1173.55,1552.6185714285714,9,4,39,2024
2024-09-28,P006,Backpack,Accessories,54.88,No,0.0,28,1536.7,1563.51,1607.66,1608.327142857143,9,5,39,2024
2024-09-29,P006,Backpack,Accessories,56.13,No,0.0,28,1571.69,1536.7,1460.5,1598.1900000000003,9,6,39,2024
2024-09-30,P006,Backpack,Accessories,57.35,No,0.0,21,1204.31,1571.69,2082.64,1614.0742857142857,9,0,40,2024
2024-10-01,P006,Backpack,Accessories,55.36,No,0.0,33,1826.94,1204.31,1481.18,1488.5985714285712,10,1,40,2024
2024-10-02,P006,Backpack,Accessories,59.47,No,0.0,23,1367.89,1826.94,1402.99,1537.992857142857,10,2,40,2024
2024-10-03,P006,Backpack,Accessories,58.58,No,0.0,26,1523.08,1367.89,1659.81,1532.9785714285715,10,3,40,2024
2024-10-04,P006,Backpack,Accessories,57.94,No,0.0,25,1448.52,1523.08,1563.51,1513.4457142857143,10,4,40,2024
2024-10-05,P006,Backpack,Accessories,54.97,No,0.0,18,989.49,1448.52,1536.7,1497.0185714285712,10,5,40,2024
2024-10-06,P006,Backpack,Accessories,53.45,No,0.0,28,1496.59,989.49,1571.69,1418.8457142857146,10,6,40,2024
2024-10-07,P006,Backpack,Accessories,51.48,No,0.0,30,1544.42,1496.59,1204.31,1408.1171428571429,10,0,41,2024
2024-10-08,P006,Backpack,Accessories,53.53,No,0.0,29,1552.39,1544.42,1826.94,1456.7042857142856,10,1,41,2024
2024-10-09,P006,Backpack,Accessories,51.45,No,0.0,30,1543.45,1552.39,1367.89,1417.4828571428573,10,2,41,2024
2024-10-10,P006,Backpack,Accessories,56.5,No,0.0,26,1469.08,1543.45,1523.08,1442.562857142857,10,3,41,2024
2024-10-11,P006,Backpack,Accessories,54.57,No,0.0,29,1582.44,1469.08,1448.52,1434.8485714285712,10,4,41,2024
2024-10-12,P006,Backpack,Accessories,54.04,No,0.0,37,1999.65,1582.44,989.49,1453.98,10,5,41,2024
2024-10-13,P006,Backpack,Accessories,53.08,No,0.0,42,2229.22,1999.65,1496.59,1598.2885714285712,10,6,41,2024
2024-10-14,P006,Backpack,Accessories,54.37,No,0.0,21,1141.81,2229.22,1544.42,1702.9500000000003,10,0,42,2024
2024-10-15,P006,Backpack,Accessories,52.78,No,0.0,23,1214.05,1141.81,1552.39,1645.4342857142858,10,1,42,2024
2024-10-16,P006,Backpack,Accessories,55.16,No,0.0,20,1103.24,1214.05,1543.45,1597.1,10,2,42,2024
2024-10-17,P006,Backpack,Accessories,54.01,Yes,0.062,32,1620.51,1103.24,1469.08,1534.212857142857,10,3,42,2024
2024-10-18,P006,Backpack,Accessories,58.34,No,0.0,28,1633.5,1620.51,1582.44,1555.8457142857144,10,4,42,2024
2024-10-19,P006,Backpack,Accessories,55.59,Yes,0.192,34,1528.22,1633.5,1999.65,1563.1399999999999,10,5,42,2024
2024-10-20,P006,Backpack,Accessories,53.42,No,,33,1762.81,1528.22,2229.22,1495.792857142857,10,6,42,2024
2024-10-21,P006,Backpack,Accessories,58.4,Yes,0.159,27,1325.39,1762.81,1141.81,1429.162857142857,10,0,43,2024
2024-10-22,P006,Backpack,Accessories,55.1,No,0.0,20,1102.04,1325.39,1214.05,1455.3885714285714,10,1,43,2024
2024-10-23,P006,Backpack,Accessories,58.03,No,0.0,25,1450.77,1102.04,1103.24,1439.387142857143,10,2,43,2024
2024-10-24,P006,Backpack,Accessories,53.04,No,0.0,30,1591.2,1450.77,1620.51,1489.0342857142857,10,3,43,2024
2024-10-25,P006,Backpack,Accessories,57.48,No,0.0,21,1206.98,1591.2,1633.5,1484.847142857143,10,4,43,2024
2024-10-26,P006,Backpack,Accessories,51.33,Yes,0.216,47,1891.22,1206.98,1528.22,1423.9157142857143,10,5,43,2024
2024-10-27,P006,Backpack,Accessories,51.61,Yes,0.126,39,1758.36,1891.22,1762.81,1475.7728571428572,10,6,43,2024
2024-10-28,P006,Backpack,Accessories,55.04,No,0.0,34,1871.51,1758.36,1325.39,1475.1371428571426,10,0,44,2024
2024-10-29,P006,Backpack,Accessories,53.39,No,0.0,24,1281.4,1871.51,1102.04,1553.1542857142856,10,1,44,2024
2024-10-30,P006,Backpack,Accessories,53.99,No,0.0,44,2375.75,1281.4,1450.77,1578.7771428571427,10,2,44,2024
2024-10-31,P006,Backpack,Accessories,55.22,No,0.0,23,1270.11,2375.75,1591.2,1710.917142857143,10,3,44,2024
2024-11-01,P006,Backpack,Accessories,51.64,No,0.0,27,1394.41,1270.11,1206.98,1665.047142857143,11,4,44,2024
2024-11-02,P006,Backpack,Accessories,53.92,No,0.0,35,1887.13,1394.41,1891.22,1691.8228571428572,11,5,44,2024
2024-11-03,P006,Backpack,Accessories,54.38,No,0.0,42,2284.02,1887.13,1758.36,1691.2385714285715,11,6,44,2024
2024-11-04,P006,Backpack,Accessories,54.91,No,0.0,35,1921.94,2284.02,1871.51,1766.3328571428574,11,0,45,2024
2024-11-05,P006,Backpack,Accessories,56.6,No,0.0,48,2716.75,1921.94,1281.4,1773.537142857143,11,1,45,2024
2024-11-06,P006,Backpack,Accessories,56.43,No,0.0,24,1354.42,2716.75,2375.75,1978.587142857143,11,2,45,2024
2024-11-07,P006,Backpack,Accessories,56.41,No,0.0,28,1579.44,1354.42,1270.11,1832.6828571428573,11,3,45,2024
2024-11-08,P006,Backpack,Accessories,56.23,No,0.0,37,2080.42,1579.44,1394.41,1876.8728571428571,11,4,45,2024
2024-11-09,P006,Backpack,Accessories,54.27,No,0.0,50,2713.46,2080.42,1887.13,1974.8742857142859,11,5,45,2024
2024-11-10,P006,Backpack,Accessories,52.98,No,0.0,28,1483.48,2713.46,2284.02,2092.921428571429,11,6,45,2024
2024-11-11,P006,Backpack,Accessories,55.67,No,0.0,33,1836.99,1483.48,1921.94,1978.5585714285714,11,0,46,2024
2024-11-12,P006,Backpack,Accessories,52.54,No,0.0,33,1733.87,1836.99,2716.75,1966.4228571428573,11,1,46,2024
2024-11-13,P006,Backpack,Accessories,58.41,No,0.0,36,2102.83,1733.87,1354.42,1826.0114285714285,11,2,46,2024
2024-11-14,P006,Backpack,Accessories,56.02,No,0.0,31,1736.5,2102.83,1579.44,1932.927142857143,11,3,46,2024
2024-11-15,P006,Backpack,Accessories,54.89,No,0.0,23,1262.36,1736.5,2080.42,1955.3642857142856,11,4,46,2024
2024-11-16,P006,Backpack,Accessories,58.69,No,0.0,43,2523.68,1262.36,2713.46,1838.4985714285715,11,5,46,2024
2024-11-17,P006,Backpack,Accessories,57.26,No,0.0,33,1889.69,2523.68,1483.48,1811.3871428571426,11,6,46,2024
2024-11-18,P006,Backpack,Accessories,57.02,Yes,0.14,31,1519.83,1889.69,1836.99,1869.4171428571428,11,0,47,2024
2024-11-19,P006,Backpack,Accessories,53.94,No,0.0,29,1564.3,1519.83,1733.87,1824.1085714285714,11,1,47,2024
2024-11-20,P006,Backpack,Accessories,55.5,No,0.0,39,2164.64,1564.3,2102.83,1799.8842857142859,11,2,47,2024
2024-11-21,P006,Backpack,Accessories,56.34,No,0.0,39,2197.45,2164.64,1736.5,1808.7142857142858,11,3,47,2024
2024-11-22,P006,Backpack,Accessories,53.07,Yes,0.179,52,2264.48,2197.45,1262.36,1874.564285714286,11,4,47,2024
2024-11-23,P006,Backpack,Accessories,52.27,No,0.0,29,1515.95,2264.48,2523.68,2017.7242857142858,11,5,47,2024
2024-11-24,P006,Backpack,Accessories,57.54,Yes,0.23,47,2082.05,1515.95,1889.69,1873.7628571428572,11,6,47,2024
2024-11-25,P006,Backpack,Accessories,57.5,No,0.0,43,2472.53,2082.05,1519.83,1901.2428571428572,11,0,48,2024
2024-11-26,P006,Backpack,Accessories,54.08,Yes,0.083,41,2032.35,2472.53,1564.3,2037.3428571428572,11,1,48,2024
2024-11-27,P006,Backpack,Accessories,52.98,No,0.0,35,1854.42,2032.35,2164.64,2104.207142857143,11,2,48,2024
2024-11-28,P006,Backpack,Accessories,54.04,No,0.0,39,2107.67,1854.42,2197.45,2059.8900000000003,11,3,48,2024
2024-11-29,P006,Backpack,Accessories,57.98,No,0.0,39,2261.15,2107.67,2264.48,2047.064285714286,11,4,48,2024
2024-11-30,P006,Backpack,Accessories,53.46,No,0.0,44,2352.2,2261.15,1515.95,2046.5885714285716,11,5,48,2024
2024-12-01,P006,Backpack,Accessories,52.88,No,0.0,34,1797.93,2352.2,2082.05,2166.052857142857,12,6,48,2024
2024-12-02,P006,Backpack,Accessories,54.0,No,0.0,40,2159.87,1797.93,2472.53,2125.464285714286,12,0,49,2024
2024-12-03,P006,Backpack,Accessories,54.08,No,0.0,31,1676.57,2159.87,2032.35,2080.7985714285714,12,1,49,2024
2024-12-04,P006,Backpack,Accessories,54.59,No,0.0,26,1419.45,1676.57,1854.42,2029.972857142857,12,2,49,2024
2024-12-05,P006,Backpack,Accessories,49.63,No,0.0,34,1687.5,1419.45,2107.67,1967.8342857142857,12,3,49,2024
2024-12-06,P006,Backpack,Accessories,56.58,Yes,0.079,40,2084.95,1687.5,2261.15,1907.81,12,4,49,2024
2024-12-07,P006,Backpack,Accessories,55.92,No,0.0,42,2348.44,2084.95,2352.2,1882.6385714285714,12,5,49,2024
2024-12-08,P006,Backpack,Accessories,55.32,No,0.0,44,2434.28,2348.44,1797.93,1882.1014285714284,12,6,49,2024
2024-12-09,P006,Backpack,Accessories,55.15,No,0.0,34,1875.19,2434.28,2159.87,1973.0085714285713,12,0,50,2024
2024-12-10,P006,Backpack,Accessories,55.43,No,0.0,28,1551.92,1875.19,1676.57,1932.3400000000001,12,1,50,2024
2024-12-11,P006,Backpack,Accessories,55.95,No,0.0,25,1398.77,1551.92,1419.45,1914.532857142857,12,2,50,2024
2024-12-12,P006,Backpack,Accessories,55.9,No,0.0,30,1677.14,1398.77,1687.5,1911.5785714285714,12,3,50,2024
2024-12-13,P006,Backpack,Accessories,56.23,No,0.0,42,2361.81,1677.14,2084.95,1910.0985714285714,12,4,50,2024
2024-12-14,P006,Backpack,Accessories,54.92,No,0.0,47,2581.1,2361.81,2348.44,1949.65,12,5,50,2024
2024-12-15,P006,Backpack,Accessories,52.46,Yes,0.129,36,1645.79,2581.1,2434.28,1982.887142857143,12,6,50,2024
2024-12-16,P006,Backpack,Accessories,51.27,No,0.0,37,1896.86,1645.79,1875.19,1870.2457142857143,12,0,51,2024
2024-12-17,P006,Backpack,Accessories,55.65,No,0.0,36,2003.35,1896.86,1551.92,1873.3414285714284,12,1,51,2024
2024-12-18,P006,Backpack,Accessories,50.97,Yes,0.189,43,1777.61,2003.35,1398.77,1937.831428571429,12,2,51,2024
2024-12-19,P006,Backpack,Accessories,53.36,No,0.0,34,1814.08,1777.61,1677.14,1991.9514285714286,12,3,51,2024
2024-12-20,P006,Backpack,Accessories,60.88,No,0.0,48,2922.48,1814.08,2361.81,2011.5142857142855,12,4,51,2024
2024-12-21,P006,Backpack,Accessories,53.72,No,0.0,43,2310.01,2922.48,2581.1,2091.61,12,5,51,2024
2024-12-22,P006,Backpack,Accessories,55.7,No,0.0,49,2729.44,2310.01,1645.79,2052.882857142857,12,6,51,2024
2024-12-23,P006,Backpack,Accessories,52.51,No,0.0,46,2415.68,2729.44,1896.86,2207.69,12,0,52,2024
2024-12-24,P006,Backpack,Accessories,56.17,No,0.0,44,2471.58,2415.68,2003.35,2281.807142857143,12,1,52,2024
2024-12-25,P006,Backpack,Accessories,54.12,Yes,0.155,54,2470.26,2471.58,1777.61,2348.6971428571424,12,2,52,2024
2024-12-26,P006,Backpack,Accessories,56.29,No,0.0,45,2533.21,2470.26,1814.08,2447.6471428571426,12,3,52,2024
2024-12-27,P006,Backpack,Accessories,55.42,No,0.0,41,2272.36,2533.21,2922.48,2550.38,12,4,52,2024
2024-12-28,P006,Backpack,Accessories,54.63,No,0.0,55,3004.64,2272.36,2310.01,2457.5057142857145,12,5,52,2024
2024-12-29,P006,Backpack,Accessories,57.29,No,0.0,37,2119.7,3004.64,2729.44,2556.738571428571,12,6,52,2024
2024-12-30,P006,Backpack,Accessories,54.01,No,0.0,41,2214.24,2119.7,2415.68,2469.632857142857,12,0,1,2024
2024-12-31,P006,Backpack,Accessories,56.85,No,0.0,36,2046.64,2214.24,2471.58,2440.855714285714,12,1,1,2024
2025-01-01,P006,Backpack,Accessories,53.49,Yes,0.087,41,2003.11,2046.64,2470.26,2380.15,1,2,1,2025
2025-01-02,P006,Backpack,Accessories,56.68,Yes,0.179,55,2560.03,2003.11,2533.21,2313.4142857142856,1,3,1,2025
2025-01-03,P006,Backpack,Accessories,53.66,No,0.0,28,1502.44,2560.03,2272.36,2317.2457142857143,1,4,1,2025
2025-01-04,P006,Backpack,Accessories,55.26,No,0.0,26,1436.79,1502.44,3004.64,2207.2571428571428,1,5,1,2025
2025-01-05,P006,Backpack,Accessories,53.85,Yes,0.14,39,1805.68,1436.79,2119.7,1983.2785714285715,1,6,1,2025
2025-01-06,P006,Backpack,Accessories,54.35,No,0.0,28,1521.67,1805.68,2214.24,1938.4185714285716,1,0,2,2025
2025-01-07,P006,Backpack,Accessories,53.46,No,0.0,30,1603.66,1521.67,2046.64,1839.48,1,1,2,2025
2025-01-08,P006,Backpack,Accessories,53.19,No,0.0,37,1967.93,1603.66,2003.11,1776.197142857143,1,2,2,2025
2025-01-09,P006,Backpack,Accessories,56.63,No,0.0,33,1868.84,1967.93,2560.03,1771.1714285714286,1,3,2,2025
2025-01-10,P006,Backpack,Accessories,50.69,No,0.0,31,1571.54,1868.84,1502.44,1672.43,1,4,2,2025
2025-01-11,P006,Backpack,Accessories,54.48,Yes,0.063,35,1787.18,1571.54,1436.79,1682.3014285714285,1,5,2,2025
2025-01-12,P006,Backpack,Accessories,55.4,No,0.0,37,2049.86,1787.18,1805.68,1732.357142857143,1,6,2,2025
2025-01-13,P006,Backpack,Accessories,51.71,No,0.0,33,1706.28,2049.86,1521.67,1767.24,1,0,3,2025
2025-01-14,P006,Backpack,Accessories,54.79,Yes,0.191,39,1729.2,1706.28,1603.66,1793.6128571428574,1,1,3,2025
2025-01-15,P006,Backpack,Accessories,55.32,No,0.0,30,1659.56,1729.2,1967.93,1811.547142857143,1,2,3,2025
2025-01-16,P006,Backpack,Accessories,52.22,Yes,0.111,33,1531.87,1659.56,1868.84,1767.4942857142855,1,3,3,2025
2025-01-17,P006,Backpack,Accessories,55.91,Yes,0.193,49,2210.87,1531.87,1571.54,1719.3557142857142,1,4,3,2025
2025-01-18,P006,Backpack,Accessories,53.74,No,0.0,32,1719.71,2210.87,1787.18,1810.6885714285713,1,5,3,2025
2025-01-19,P006,Backpack,Accessories,54.61,No,0.0,34,1856.74,1719.71,2049.86,1801.05,1,6,3,2025
2025-01-20,P006,Backpack,Accessories,51.82,No,0.0,44,2280.15,1856.74,1706.28,1773.4614285714285,1,0,4,2025
2025-01-21,P006,Backpack,Accessories,53.07,No,0.0,22,1167.61,2280.15,1729.2,1855.4428571428568,1,1,4,2025
2025-01-22,P006,Backpack,Accessories,53.58,No,0.0,20,1071.5,1167.61,1659.56,1775.2157142857143,1,2,4,2025
2025-01-23,P006,Backpack,Accessories,53.15,No,0.0,28,1488.28,1071.5,1531.87,1691.207142857143,1,3,4,2025
2025-01-24,P006,Backpack,Accessories,57.4,No,0.0,39,2238.49,1488.28,2210.87,1684.98,1,4,4,2025
2025-01-25,P006,Backpack,Accessories,55.6,No,0.0,27,1501.16,2238.49,1719.71,1688.9257142857145,1,5,4,2025
2025-01-26,P006,Backpack,Accessories,55.85,No,0.0,31,1731.46,1501.16,1856.74,1657.7042857142858,1,6,4,2025
2025-01-27,P006,Backpack,Accessories,57.01,Yes,0.188,38,1759.12,1731.46,2280.15,1639.8071428571427,1,0,5,2025
2025-01-28,P006,Backpack,Accessories,55.57,No,0.0,34,1889.34,1759.12,1167.61,1565.3742857142859,1,1,5,2025
2025-01-29,P006,Backpack,Accessories,55.53,No,0.0,37,2054.47,1889.34,1071.5,1668.4785714285715,1,2,5,2025
2025-01-30,P006,Backpack,Accessories,53.11,No,0.0,35,1858.92,2054.47,1488.28,1808.902857142857,1,3,5,2025
2025-01-31,P006,Backpack,Accessories,53.46,No,0.0,35,1871.23,1858.92,2238.49,1861.8514285714284,1,4,5,2025
2025-02-01,P006,Backpack,Accessories,54.72,No,0.0,33,1805.6,1871.23,1501.16,1809.3857142857141,2,5,5,2025
2025-02-02,P006,Backpack,Accessories,52.84,No,0.0,28,1479.41,1805.6,1731.46,1852.8771428571429,2,6,5,2025
2025-02-03,P006,Backpack,Accessories,55.34,No,0.0,34,1881.5,1479.41,1759.12,1816.8700000000001,2,0,6,2025
2025-02-04,P006,Backpack,Accessories,56.31,No,0.0,28,1576.6,1881.5,1889.34,1834.3528571428571,2,1,6,2025
2025-02-05,P006,Backpack,Accessories,53.92,Yes,0.146,37,1704.58,1576.6,2054.47,1789.6757142857143,2,2,6,2025
2025-02-06,P006,Backpack,Accessories,56.01,No,0.0,43,2408.49,1704.58,1858.92,1739.6914285714286,2,3,6,2025
2025-02-07,P006,Backpack,Accessories,56.26,No,0.0,36,2025.22,2408.49,1871.23,1818.2014285714286,2,4,6,2025
2025-02-08,P006,Backpack,Accessories,53.44,No,0.0,51,2725.25,2025.22,1805.6,1840.2,2,5,6,2025
2025-02-09,P006,Backpack,Accessories,59.13,No,0.0,30,1773.93,2725.25,1479.41,1971.5785714285714,2,6,6,2025
2025-02-10,P006,Backpack,Accessories,52.27,Yes,0.219,44,1795.89,1773.93,1881.5,2013.652857142857,2,0,7,2025
2025-02-11,P006,Backpack,Accessories,53.87,No,0.0,36,1939.36,1795.89,1576.6,2001.4228571428573,2,1,7,2025
2025-02-12,P006,Backpack,Accessories,55.13,No,0.0,30,1653.8,1939.36,1704.58,2053.2457142857143,2,2,7,2025
2025-02-13,P006,Backpack,Accessories,53.81,No,0.0,32,1721.83,1653.8,2408.49,2045.9914285714287,2,3,7,2025
2025-02-14,P006,Backpack,Accessories,53.3,No,0.0,23,1225.88,1721.83,2025.22,1947.8971428571429,2,4,7,2025
2025-02-15,P006,Backpack,Accessories,55.28,No,0.0,39,2155.78,1225.88,2725.25,1833.7057142857143,2,5,7,2025
2025-02-16,P006,Backpack,Accessories,54.34,No,0.0,31,1684.52,2155.78,1773.93,1752.3528571428571,2,6,7,2025
2025-02-17,P006,Backpack,Accessories,52.22,No,0.0,38,1984.45,1684.52,1795.89,1739.5800000000002,2,0,8,2025
2025-02-18,P006,Backpack,Accessories,57.6,No,0.0,32,1843.32,1984.45,1939.36,1766.5171428571427,2,1,8,2025
2025-02-19,P006,Backpack,Accessories,53.78,No,0.0,55,2957.98,1843.32,1653.8,1752.7971428571432,2,2,8,2025
2025-02-20,P006,Backpack,Accessories,53.89,No,0.0,37,1993.82,2957.98,1721.83,1939.1085714285714,2,3,8,2025
2025-02-21,P006,Backpack,Accessories,54.71,No,0.0,36,1969.58,1993.82,1225.88,1977.9642857142858,2,4,8,2025
2025-02-22,P006,Backpack,Accessories,54.24,Yes,0.107,47,2277.45,1969.58,2155.78,2084.207142857143,2,5,8,2025
2025-02-23,P006,Backpack,Accessories,56.43,No,0.0,36,2031.64,2277.45,1684.52,2101.5885714285714,2,6,8,2025
2025-02-24,P006,Backpack,Accessories,54.41,No,0.0,24,1305.96,2031.64,1984.45,2151.177142857143,2,0,9,2025
2025-02-25,P006,Backpack,Accessories,54.05,Yes,0.055,38,1941.42,1305.96,1843.32,2054.25,2,1,9,2025
2025-02-26,P006,Backpack,Accessories,55.49,Yes,0.089,40,2022.24,1941.42,2957.98,2068.264285714286,2,2,9,2025
2025-02-27,P006,Backpack,Accessories,54.35,No,0.0,39,2119.57,2022.24,1993.82,1934.587142857143,2,3,9,2025
2025-02-28,P006,Backpack,Accessories,54.83,No,0.0,42,2302.77,2119.57,1969.58,1952.5514285714287,2,4,9,2025
2025-03-01,P006,Backpack,Accessories,54.7,No,0.0,32,1750.33,2302.77,2277.45,2000.1499999999999,3,5,9,2025
2025-03-02,P006,Backpack,Accessories,56.33,No,0.0,39,2196.95,1750.33,2031.64,1924.847142857143,3,6,9,2025
2025-03-03,P006,Backpack,Accessories,54.46,No,0.0,29,1579.32,2196.95,1305.96,1948.462857142857,3,0,10,2025
2025-03-04,P006,Backpack,Accessories,53.6,No,0.0,30,1608.04,1579.32,1941.42,1987.5142857142857,3,1,10,2025
2025-03-05,P006,Backpack,Accessories,50.51,No,0.0,28,1414.35,1608.04,2022.24,1939.8885714285716,3,2,10,2025
2025-03-06,P006,Backpack,Accessories,54.69,No,0.0,36,1968.89,1414.35,2119.57,1853.0471428571425,3,3,10,2025
2025-03-07,P006,Backpack,Accessories,59.77,No,0.0,38,2271.31,1968.89,2302.77,1831.5214285714285,3,4,10,2025
2025-03-08,P006,Backpack,Accessories,56.08,No,0.0,34,1906.87,2271.31,1750.33,1827.027142857143,3,5,10,2025
2025-03-09,P006,Backpack,Accessories,55.77,No,0.0,42,2342.4,1906.87,2196.95,1849.3899999999999,3,6,10,2025
2025-03-10,P006,Backpack,Accessories,55.53,No,0.0,29,1610.28,2342.4,1579.32,1870.1685714285716,3,0,11,2025
2025-03-11,P006,Backpack,Accessories,54.17,No,0.0,41,2220.95,1610.28,1608.04,1874.5914285714284,3,1,11,2025
2025-03-12,P006,Backpack,Accessories,54.78,No,0.0,30,1643.27,2220.95,1414.35,1962.1499999999999,3,2,11,2025
2025-03-13,P006,Backpack,Accessories,55.53,No,0.0,38,2110.27,1643.27,1968.89,1994.8528571428574,3,3,11,2025
2025-03-14,P006,Backpack,Accessories,56.36,No,0.0,37,2085.2,2110.27,2271.31,2015.0499999999997,3,4,11,2025
2025-03-15,P006,Backpack,Accessories,55.4,No,0.0,38,2105.12,2085.2,1906.87,1988.462857142857,3,5,11,2025
2025-03-16,P006,Backpack,Accessories,52.65,No,0.0,41,2158.75,2105.12,2342.4,2016.7842857142855,3,6,11,2025
2025-03-17,P006,Backpack,Accessories,54.64,Yes,0.101,34,1669.74,2158.75,1610.28,1990.5485714285714,3,0,12,2025
2025-03-18,P006,Backpack,Accessories,57.0,No,0.0,35,1995.01,1669.74,2220.95,1999.0428571428572,3,1,12,2025
2025-03-19,P006,Backpack,Accessories,55.95,No,0.0,36,2014.18,1995.01,1643.27,1966.7657142857145,3,2,12,2025
2025-03-20,P006,Backpack,Accessories,52.6,No,0.0,36,1893.65,2014.18,2110.27,2019.752857142857,3,3,12,2025
2025-03-21,P006,Backpack,Accessories,54.91,No,0.0,30,1647.19,1893.65,2085.2,1988.8071428571432,3,4,12,2025
2025-03-22,P006,Backpack,Accessories,54.39,Yes,0.207,45,1941.19,1647.19,2105.12,1926.2342857142855,3,5,12,2025
2025-03-23,P006,Backpack,Accessories,59.78,No,0.0,24,1434.72,1941.19,2158.75,1902.8157142857144,3,6,12,2025
2025-03-24,P006,Backpack,Accessories,57.73,Yes,0.179,36,1707.21,1434.72,1669.74,1799.3828571428571,3,0,13,2025
2025-03-25,P006,Backpack,Accessories,55.47,No,0.0,33,1830.66,1707.21,1995.01,1804.7357142857143,3,1,13,2025
2025-03-26,P006,Backpack,Accessories,56.34,No,0.0,41,2310.12,1830.66,2014.18,1781.2571428571428,3,2,13,2025
2025-03-27,P006,Backpack,Accessories,48.98,No,0.0,32,1567.49,2310.12,1893.65,1823.534285714286,3,3,13,2025
2025-03-28,P006,Backpack,Accessories,51.01,No,0.0,46,2346.6,1567.49,1647.19,1776.94,3,4,13,2025
2025-03-29,P006,Backpack,Accessories,55.39,No,0.0,33,1827.74,2346.6,1941.19,1876.8557142857146,3,5,13,2025
2025-03-30,P006,Backpack,Accessories,54.5,No,0.0,36,1961.84,1827.74,1434.72,1860.6485714285716,3,6,13,2025
2025-03-31,P006,Backpack,Accessories,57.6,Yes,0.199,47,2168.64,1961.84,1707.21,1935.9514285714286,3,0,14,2025
2025-04-01,P006,Backpack,Accessories,56.86,Yes,0.244,49,2107.35,2168.64,1830.66,2001.8700000000001,4,1,14,2025
2025-04-02,P006,Backpack,Accessories,58.78,No,0.0,35,2057.17,2107.35,2310.12,2041.3971428571426,4,2,14,2025
2025-04-03,P006,Backpack,Accessories,56.61,No,0.0,37,2094.43,2057.17,1567.49,2005.2614285714287,4,3,14,2025
2025-04-04,P006,Backpack,Accessories,54.13,No,0.0,42,2273.53,2094.43,2346.6,2080.5385714285712,4,4,14,2025
2025-04-05,P006,Backpack,Accessories,57.74,No,0.0,39,2251.96,2273.53,1827.74,2070.1,4,5,14,2025
2025-04-06,P006,Backpack,Accessories,54.75,No,0.0,38,2080.45,2251.96,1961.84,2130.702857142857,4,6,14,2025
2025-04-07,P006,Backpack,Accessories,58.03,No,0.0,34,1972.97,2080.45,2168.64,2147.6471428571426,4,0,15,2025
2025-04-08,P006,Backpack,Accessories,54.83,No,0.0,32,1754.59,1972.97,2107.35,2119.6942857142853,4,1,15,2025
2025-04-09,P006,Backpack,Accessories,59.27,No,0.0,36,2133.83,1754.59,2057.17,2069.2999999999997,4,2,15,2025
2025-04-10,P006,Backpack,Accessories,57.11,Yes,0.055,38,2050.54,2133.83,2094.43,2080.2514285714287,4,3,15,2025
2025-04-11,P006,Backpack,Accessories,51.25,No,0.0,44,2254.98,2050.54,2273.53,2073.9814285714288,4,4,15,2025
2025-04-12,P006,Backpack,Accessories,55.88,No,0.0,44,2458.9,2254.98,2251.96,2071.3314285714287,4,5,15,2025
2025-04-13,P006,Backpack,Accessories,55.48,No,0.0,31,1719.89,2458.9,2080.45,2100.8942857142856,4,6,15,2025
2025-04-14,P006,Backpack,Accessories,56.31,No,0.0,39,2196.04,1719.89,1972.97,2049.3857142857146,4,0,16,2025
2025-04-15,P006,Backpack,Accessories,55.37,No,0.0,44,2436.48,2196.04,1754.59,2081.252857142857,4,1,16,2025
2025-04-16,P006,Backpack,Accessories,52.45,No,0.0,36,1888.36,2436.48,2133.83,2178.6657142857143,4,2,16,2025
2025-04-17,P006,Backpack,Accessories,52.75,No,0.0,38,2004.58,1888.36,2050.54,2143.5985714285716,4,3,16,2025
2025-04-18,P006,Backpack,Accessories,55.16,No,0.0,40,2206.21,2004.58,2254.98,2137.032857142857,4,4,16,2025
2025-04-19,P006,Backpack,Accessories,58.72,No,0.0,33,1937.76,2206.21,2458.9,2130.065714285714,4,5,16,2025
2025-04-20,P006,Backpack,Accessories,53.49,No,0.0,38,2032.81,1937.76,1719.89,2055.617142857143,4,6,16,2025
2025-04-21,P006,Backpack,Accessories,54.04,Yes,0.091,52,2555.46,2032.81,2196.04,2100.32,4,0,17,2025
2025-04-22,P006,Backpack,Accessories,54.26,No,0.0,44,2387.34,2555.46,2436.48,2151.6657142857143,4,1,17,2025
2025-04-23,P006,Backpack,Accessories,52.52,No,0.0,35,1838.13,2387.34,1888.36,2144.6457142857143,4,2,17,2025
2025-04-24,P006,Backpack,Accessories,56.59,No,0.0,45,2546.6,1838.13,2004.58,2137.4700000000003,4,3,17,2025
2025-04-25,P006,Backpack,Accessories,54.6,No,0.0,39,2129.21,2546.6,2206.21,2214.9014285714284,4,4,17,2025
2025-04-26,P006,Backpack,Accessories,57.74,No,0.0,29,1674.54,2129.21,1937.76,2203.9014285714284,4,5,17,2025
2025-04-27,P006,Backpack,Accessories,52.59,Yes,0.07,57,2787.93,1674.54,2032.81,2166.2985714285714,4,6,17,2025
2025-04-28,P006,Backpack,Accessories,58.25,No,0.0,34,1980.53,2787.93,2555.46,2274.172857142857,4,0,18,2025
2025-04-29,P006,Backpack,Accessories,54.58,No,0.0,35,1910.41,1980.53,2387.34,2192.04,4,1,18,2025
2025-04-30,P006,Backpack,Accessories,52.81,Yes,0.051,40,2004.43,1910.41,1838.13,2123.907142857143,4,2,18,2025
2025-05-01,P006,Backpack,Accessories,56.0,No,0.0,37,2072.07,2004.43,2546.6,2147.664285714286,5,3,18,2025
2025-05-02,P006,Backpack,Accessories,59.64,Yes,0.232,39,1785.45,2072.07,2129.21,2079.8742857142856,5,4,18,2025
2025-05-03,P006,Backpack,Accessories,56.79,No,0.0,34,1930.74,1785.45,1674.54,2030.7657142857145,5,5,18,2025
2025-05-04,P006,Backpack,Accessories,53.2,No,0.0,43,2287.45,1930.74,2787.93,2067.3657142857146,5,6,18,2025
2025-05-05,P006,Backpack,Accessories,55.93,No,0.0,25,1398.23,2287.45,1980.53,1995.8685714285714,5,0,19,2025
2025-05-06,P006,Backpack,Accessories,52.79,No,0.0,37,1953.11,1398.23,1910.41,1912.682857142857,5,1,19,2025
2025-05-07,P006,Backpack,Accessories,57.68,No,0.0,33,1903.44,1953.11,2004.43,1918.782857142857,5,2,19,2025
2025-05-08,P006,Backpack,Accessories,54.95,Yes,0.088,40,2005.57,1903.44,2072.07,1904.3557142857142,5,3,19,2025
2025-05-09,P006,Backpack,Accessories,54.27,No,0.0,27,1465.37,2005.57,1785.45,1894.8557142857142,5,4,19,2025
2025-05-10,P006,Backpack,Accessories,55.83,Yes,0.239,52,2209.59,1465.37,1930.74,1849.1299999999999,5,5,19,2025
2025-05-11,P006,Backpack,Accessories,51.72,No,0.0,42,2172.24,2209.59,2287.45,1888.965714285714,5,6,19,2025
2025-05-12,P006,Backpack,Accessories,53.95,Yes,0.187,46,2018.37,2172.24,1398.23,1872.5071428571428,5,0,20,2025
2025-05-13,P006,Backpack,Accessories,55.8,Yes,0.177,36,1652.57,2018.37,1953.11,1961.0985714285714,5,1,20,2025
2025-05-14,P006,Backpack,Accessories,52.77,No,0.0,35,1846.79,1652.57,1903.44,1918.1642857142856,5,2,20,2025
2025-05-15,P006,Backpack,Accessories,54.81,No,0.0,43,2356.65,1846.79,2005.57,1910.0714285714287,5,3,20,2025
2025-05-16,P006,Backpack,Accessories,56.38,Yes,0.106,45,2267.64,2356.65,1465.37,1960.2257142857143,5,4,20,2025
2025-05-17,P006,Backpack,Accessories,55.28,No,0.0,42,2321.85,2267.64,2209.59,2074.835714285714,5,5,20,2025
2025-05-18,P006,Backpack,Accessories,55.05,No,0.0,45,2477.19,2321.85,2172.24,2090.872857142857,5,6,20,2025
2025-05-19,P006,Backpack,Accessories,54.6,No,0.0,37,2020.14,2477.19,2018.37,2134.4371428571426,5,0,21,2025
2025-05-20,P006,Backpack,Accessories,51.99,No,0.0,27,1403.76,2020.14,1652.57,2134.69,5,1,21,2025
2025-05-21,P006,Backpack,Accessories,52.83,No,0.0,40,2113.28,1403.76,1846.79,2099.1457142857143,5,2,21,2025
2025-05-22,P006,Backpack,Accessories,55.85,No,0.0,40,2234.1,2113.28,2356.65,2137.2157142857145,5,3,21,2025
2025-05-23,P006,Backpack,Accessories,51.26,Yes,0.163,42,1801.92,2234.1,2267.64,2119.7085714285713,5,4,21,2025
2025-05-24,P006,Backpack,Accessories,55.23,No,0.0,39,2153.84,1801.92,2321.85,2053.1771428571433,5,5,21,2025
2025-05-25,P006,Backpack,Accessories,54.73,No,0.0,49,2682.01,2153.84,2477.19,2029.1757142857143,5,6,21,2025
2025-05-26,P006,Backpack,Accessories,51.42,No,0.0,38,1953.94,2682.01,2020.14,2058.4357142857143,5,0,22,2025
2025-05-27,P006,Backpack,Accessories,57.8,No,0.0,39,2254.23,1953.94,1403.76,2048.9785714285713,5,1,22,2025
2025-05-28,P006,Backpack,Accessories,57.02,Yes,0.22,53,2358.65,2254.23,2113.28,2170.4742857142855,5,2,22,2025
2025-05-29,P006,Backpack,Accessories,55.59,No,0.0,32,1778.94,2358.65,2234.1,2205.5271428571427,5,3,22,2025
2025-05-30,P006,Backpack,Accessories,54.82,No,0.0,42,2302.49,1778.94,1801.92,2140.5042857142857,5,4,22,2025
2025-05-31,P006,Backpack,Accessories,55.54,Yes,0.052,47,2475.53,2302.49,2153.84,2212.014285714286,5,5,22,2025
2025-06-01,P006,Backpack,Accessories,60.05,No,0.0,38,2281.79,2475.53,2682.01,2257.9700000000003,6,6,22,2025
2025-06-02,P006,Backpack,Accessories,55.87,No,0.0,41,2290.87,2281.79,1953.94,2200.7957142857144,6,0,23,2025
2025-06-03,P006,Backpack,Accessories,56.25,No,0.0,36,2025.06,2290.87,2254.23,2248.9285714285716,6,1,23,2025
2025-06-04,P006,Backpack,Accessories,54.46,Yes,0.175,50,2246.46,2025.06,2358.65,2216.19,6,2,23,2025
2025-06-05,P006,Backpack,Accessories,53.07,No,0.0,46,2441.04,2246.46,1778.94,2200.162857142857,6,3,23,2025
2025-06-06,P006,Backpack,Accessories,54.67,No,0.0,31,1694.87,2441.04,2302.49,2294.7485714285717,6,4,23,2025
2025-06-07,P006,Backpack,Accessories,58.24,Yes,0.235,51,2272.15,1694.87,2475.53,2207.945714285714,6,5,23,2025
2025-06-08,P006,Backpack,Accessories,53.0,No,0.0,34,1801.84,2272.15,2281.79,2178.8914285714286,6,6,23,2025
2025-06-09,P006,Backpack,Accessories,55.62,No,0.0,43,2391.58,1801.84,2290.87,2110.327142857143,6,0,24,2025
2025-06-10,P006,Backpack,Accessories,58.73,No,0.0,31,1820.68,2391.58,2025.06,2124.714285714286,6,1,24,2025
2025-06-11,P006,Backpack,Accessories,52.62,No,0.0,30,1578.65,1820.68,2246.46,2095.5171428571425,6,2,24,2025
2025-06-12,P006,Backpack,Accessories,56.29,Yes,0.203,50,2243.9,1578.65,2441.04,2000.1157142857141,6,3,24,2025
2025-06-13,P006,Backpack,Accessories,53.39,No,0.0,39,2082.29,2243.9,1694.87,1971.9528571428575,6,4,24,2025
2025-06-14,P006,Backpack,Accessories,57.5,No,0.0,38,2184.94,2082.29,2272.15,2027.2985714285714,6,5,24,2025
2025-06-15,P006,Backpack,Accessories,52.34,No,0.0,32,1674.88,2184.94,1801.84,2014.8400000000001,6,6,24,2025
2025-06-16,P006,Backpack,Accessories,54.04,No,0.0,33,1783.22,1674.88,2391.58,1996.702857142857,6,0,25,2025
2025-06-17,P006,Backpack,Accessories,52.97,Yes,0.222,40,1648.45,1783.22,1820.68,1909.794285714286,6,1,25,2025
2025-06-18,P006,Backpack,Accessories,52.33,No,0.0,42,2197.75,1648.45,1578.65,1885.19,6,2,25,2025
2025-06-19,P006,Backpack,Accessories,56.23,No,0.0,27,1518.2,2197.75,2243.9,1973.6328571428571,6,3,25,2025
2025-06-20,P006,Backpack,Accessories,55.26,No,0.0,35,1934.08,1518.2,2082.29,1869.9614285714285,6,4,25,2025
2025-06-21,P006,Backpack,Accessories,53.17,No,0.0,31,1648.34,1934.08,2184.94,1848.7885714285715,6,5,25,2025
2025-06-22,P006,Backpack,Accessories,52.42,No,0.0,42,2201.47,1648.34,1674.88,1772.1314285714286,6,6,25,2025
2025-06-23,P006,Backpack,Accessories,52.76,No,0.0,37,1952.26,2201.47,1783.22,1847.3585714285714,6,0,26,2025
2025-06-24,P006,Backpack,Accessories,55.54,Yes,0.238,59,2498.63,1952.26,1648.45,1871.5071428571428,6,1,26,2025
2025-06-25,P006,Backpack,Accessories,54.36,No,0.0,29,1576.49,2498.63,2197.75,1992.9614285714285,6,2,26,2025
2025-06-26,P006,Backpack,Accessories,52.75,Yes,0.104,49,2315.94,1576.49,1518.2,1904.2100000000003,6,3,26,2025
2025-06-27,P006,Backpack,Accessories,55.76,No,0.0,35,1951.72,2315.94,1934.08,2018.172857142857,6,4,26,2025
2025-06-28,P006,Backpack,Accessories,55.66,Yes,0.096,47,2364.39,1951.72,1648.34,2020.6928571428573,6,5,26,2025
2025-06-29,P006,Backpack,Accessories,54.97,No,0.0,36,1978.75,2364.39,2201.47,2122.985714285714,6,6,26,2025
2025-06-30,P006,Backpack,Accessories,56.07,No,0.0,41,2298.96,1978.75,1952.26,2091.1685714285713,6,0,27,2025
2025-07-01,P006,Backpack,Accessories,55.81,No,0.0,43,2399.83,2298.96,2498.63,2140.697142857143,7,1,27,2025
2025-07-02,P006,Backpack,Accessories,52.48,No,0.0,27,1417.02,2399.83,1576.49,2126.582857142857,7,2,27,2025
2025-07-03,P006,Backpack,Accessories,56.2,No,0.0,42,2360.52,1417.02,2315.94,2103.8014285714285,7,3,27,2025
2025-07-04,P006,Backpack,Accessories,55.93,Yes,0.181,54,2473.37,2360.52,1951.72,2110.1699999999996,7,4,27,2025
2025-07-05,P006,Backpack,Accessories,53.08,No,0.0,37,1963.82,2473.37,2364.39,2184.691428571429,7,5,27,2025
2025-07-06,P006,Backpack,Accessories,54.56,No,0.0,39,2127.76,1963.82,1978.75,2127.467142857143,7,6,27,2025
2025-07-07,P006,Backpack,Accessories,57.6,No,0.0,33,1900.93,2127.76,2298.96,2148.7542857142857,7,0,28,2025
2025-07-08,P006,Backpack,Accessories,56.37,Yes,0.066,49,2579.52,1900.93,2399.83,2091.8928571428573,7,1,28,2025
2025-07-09,P006,Backpack,Accessories,55.91,Yes,0.195,40,1799.62,2579.52,1417.02,2117.562857142857,7,2,28,2025
2025-07-10,P006,Backpack,Accessories,52.27,Yes,0.126,49,2237.47,1799.62,2360.52,2172.2200000000003,7,3,28,2025
2025-07-11,P006,Backpack,Accessories,57.06,No,0.0,34,1939.9,2237.47,2473.37,2154.6414285714286,7,4,28,2025
2025-07-12,P006,Backpack,Accessories,54.07,No,0.0,39,2108.68,1939.9,1963.82,2078.4314285714286,7,5,28,2025
2025-07-13,P006,Backpack,Accessories,53.95,No,0.0,38,2050.21,2108.68,2127.76,2099.1257142857144,7,6,28,2025
2025-07-14,P006,Backpack,Accessories,49.96,No,0.0,40,1998.34,2050.21,1900.93,2088.0471428571427,7,0,29,2025
2025-07-15,P006,Backpack,Accessories,58.01,Yes,0.181,42,1995.33,1998.34,2579.52,2101.962857142857,7,1,29,2025
2025-07-16,P006,Backpack,Accessories,53.79,No,0.0,29,1559.87,1995.33,1799.62,2018.5071428571428,7,2,29,2025
2025-07-17,P006,Backpack,Accessories,52.9,No,0.0,26,1375.28,1559.87,2237.47,1984.257142857143,7,3,29,2025
2025-07-18,P006,Backpack,Accessories,55.06,No,0.0,26,1431.63,1375.28,1939.9,1861.0871428571427,7,4,29,2025
2025-07-19,P006,Backpack,Accessories,52.96,No,0.0,45,2383.3,1431.63,2108.68,1788.4771428571428,7,5,29,2025
2025-07-20,P006,Backpack,Accessories,55.17,No,0.0,33,1820.53,2383.3,2050.21,1827.7085714285713,7,6,29,2025
2025-07-21,P006,Backpack,Accessories,55.24,Yes,0.124,47,2274.88,1820.53,1998.34,1794.8971428571429,7,0,30,2025
2025-07-22,P006,Backpack,Accessories,51.52,No,0.0,49,2524.44,2274.88,1995.33,1834.402857142857,7,1,30,2025
2025-07-23,P006,Backpack,Accessories,56.81,Yes,0.202,39,1768.81,2524.44,1559.87,1909.99,7,2,30,2025
2025-07-24,P006,Backpack,Accessories,52.43,No,0.0,26,1363.19,1768.81,1375.28,1939.8385714285712,7,3,30,2025
2025-07-25,P006,Backpack,Accessories,54.5,No,0.0,28,1526.01,1363.19,1431.63,1938.1114285714286,7,4,30,2025
2025-07-26,P006,Backpack,Accessories,57.4,No,0.0,45,2582.93,1526.01,2383.3,1951.5942857142857,7,5,30,2025
2025-07-27,P006,Backpack,Accessories,54.4,No,0.0,41,2230.51,2582.93,1820.53,1980.1128571428574,7,6,30,2025
2025-07-28,P006,Backpack,Accessories,52.38,No,0.0,43,2252.39,2230.51,2274.88,2038.6814285714286,7,0,31,2025
2025-07-29,P006,Backpack,Accessories,58.11,No,0.0,35,2034.01,2252.39,2524.44,2035.4685714285713,7,1,31,2025
2025-07-30,P006,Backpack,Accessories,56.06,No,0.0,40,2242.58,2034.01,1768.81,1965.4071428571428,7,2,31,2025
2025-07-31,P006,Backpack,Accessories,57.04,No,0.0,48,2737.87,2242.58,1363.19,2033.0885714285716,7,3,31,2025
2025-08-01,P006,Backpack,Accessories,54.08,No,0.0,31,1676.62,2737.87,1526.01,2229.4714285714285,8,4,31,2025
2025-08-02,P006,Backpack,Accessories,57.14,No,0.0,33,1885.58,1676.62,2582.93,2250.9871428571428,8,5,31,2025
2025-08-03,P006,Backpack,Accessories,52.81,No,0.0,41,2165.24,1885.58,2230.51,2151.365714285714,8,6,31,2025
2025-08-04,P006,Backpack,Accessories,56.44,Yes,0.149,46,2208.56,2165.24,2252.39,2142.0414285714282,8,0,32,2025
2025-08-05,P006,Backpack,Accessories,57.02,No,0.0,25,1425.44,2208.56,2034.01,2135.7799999999997,8,1,32,2025
2025-08-06,P006,Backpack,Accessories,54.24,No,0.0,32,1735.63,1425.44,2242.58,2048.8414285714284,8,2,32,2025
2025-08-07,P006,Backpack,Accessories,55.73,Yes,0.227,39,1679.55,1735.63,2737.87,1976.4199999999998,8,3,32,2025
2025-08-08,P006,Backpack,Accessories,59.02,No,0.0,26,1534.47,1679.55,1676.62,1825.2314285714288,8,4,32,2025
2025-08-09,P006,Backpack,Accessories,57.15,Yes,0.175,37,1745.65,1534.47,1885.58,1804.9242857142856,8,5,32,2025
2025-08-10,P006,Backpack,Accessories,54.97,Yes,0.114,43,2094.03,1745.65,2165.24,1784.9342857142858,8,6,32,2025
2025-08-11,P006,Backpack,Accessories,56.42,No,0.0,30,1692.7,2094.03,2208.56,1774.7614285714285,8,0,33,2025
2025-08-12,P006,Backpack,Accessories,57.48,Yes,0.059,25,1352.6,1692.7,1425.44,1701.067142857143,8,1,33,2025
2025-08-13,P006,Backpack,Accessories,58.11,Yes,0.242,31,1365.32,1352.6,1735.63,1690.6614285714288,8,2,33,2025
2025-08-14,P006,Backpack,Accessories,55.29,No,0.0,21,1161.1,1365.32,1679.55,1637.76,8,3,33,2025
2025-08-15,P006,Backpack,Accessories,54.1,No,0.0,32,1731.09,1161.1,1534.47,1563.695714285714,8,4,33,2025
2025-08-16,P006,Backpack,Accessories,54.94,No,0.0,30,1648.23,1731.09,1745.65,1591.7842857142857,8,5,33,2025
2025-08-17,P006,Backpack,Accessories,54.05,Yes,0.147,48,2213.54,1648.23,2094.03,1577.867142857143,8,6,33,2025
2025-08-18,P006,Backpack,Accessories,54.46,No,0.0,32,1742.66,2213.54,1692.7,1594.94,8,0,34,2025
2025-08-19,P006,Backpack,Accessories,52.55,Yes,0.088,41,1964.71,1742.66,1352.6,1602.0771428571427,8,1,34,2025
2025-08-20,P006,Backpack,Accessories,53.93,No,0.0,42,2265.13,1964.71,1365.32,1689.5214285714285,8,2,34,2025
2025-08-21,P006,Backpack,Accessories,55.44,Yes,0.144,41,1945.63,2265.13,1161.1,1818.0657142857142,8,3,34,2025
2025-08-22,P006,Backpack,Accessories,57.0,Yes,0.224,36,1591.8,1945.63,1731.09,1930.1414285714288,8,4,34,2025
2025-08-23,P006,Backpack,Accessories,52.8,No,0.0,37,1953.56,1591.8,1648.23,1910.2428571428572,8,5,34,2025
2025-08-24,P006,Backpack,Accessories,58.2,No,0.0,37,2153.24,1953.56,2213.54,1953.8614285714284,8,6,34,2025
2025-08-25,P006,Backpack,Accessories,54.97,No,0.0,45,2473.51,2153.24,1742.66,1945.2471428571428,8,0,35,2025
2025-08-26,P006,Backpack,Accessories,56.55,No,0.0,31,1753.13,2473.51,1964.71,2049.654285714286,8,1,35,2025
2025-08-27,P006,Backpack,Accessories,56.13,No,0.0,29,1627.69,1753.13,2265.13,2019.4285714285713,8,2,35,2025
2025-08-28,P006,Backpack,Accessories,57.31,No,0.0,34,1948.5,1627.69,1945.63,1928.3657142857141,8,3,35,2025
2025-08-29,P006,Backpack,Accessories,53.73,No,0.0,29,1558.24,1948.5,1591.8,1928.7757142857142,8,4,35,2025
2025-08-30,P006,Backpack,Accessories,54.84,Yes,0.231,38,1602.82,1558.24,1953.56,1923.9814285714285,8,5,35,2025
2025-08-31,P006,Backpack,Accessories,53.13,No,0.0,47,2497.34,1602.82,2153.24,1873.8757142857144,8,6,35,2025
2025-09-01,P006,Backpack,Accessories,53.13,Yes,0.129,38,1758.34,2497.34,2473.51,1923.032857142857,9,0,36,2025
2025-09-02,P006,Backpack,Accessories,54.39,No,0.0,34,1849.39,1758.34,1753.13,1820.8657142857141,9,1,36,2025
2025-09-03,P006,Backpack,Accessories,52.12,Yes,0.063,37,1807.84,1849.39,1627.69,1834.617142857143,9,2,36,2025
2025-09-04,P006,Backpack,Accessories,58.2,No,0.0,26,1513.27,1807.84,1948.5,1860.3528571428574,9,3,36,2025
2025-09-05,P006,Backpack,Accessories,55.92,Yes,0.206,35,1554.29,1513.27,1558.24,1798.1771428571428,9,4,36,2025
2025-09-06,P006,Backpack,Accessories,51.38,Yes,,28,1336.14,1554.29,1602.82,1797.6128571428574,9,5,36,2025
2025-09-07,P006,Backpack,Accessories,55.46,No,0.0,31,1719.18,1336.14,2497.34,1759.5157142857145,9,6,36,2025
2025-09-08,P006,Backpack,Accessories,49.0,Yes,0.194,36,1422.25,1719.18,1758.34,1648.3500000000001,9,0,37,2025
2025-09-09,P006,Backpack,Accessories,56.1,No,0.0,28,1570.69,1422.25,1849.39,1600.337142857143,9,1,37,2025
2025-09-10,P006,Backpack,Accessories,54.42,No,0.0,29,1578.32,1570.69,1807.84,1560.5228571428572,9,2,37,2025
2025-09-11,P006,Backpack,Accessories,52.97,No,0.0,37,1959.85,1578.32,1513.27,1527.7342857142855,9,3,37,2025
2025-09-12,P006,Backpack,Accessories,52.94,Yes,0.179,44,1911.75,1959.85,1554.29,1591.5314285714287,9,4,37,2025
2025-09-13,P006,Backpack,Accessories,55.77,No,0.0,37,2063.5,1911.75,1336.14,1642.597142857143,9,5,37,2025
2025-09-14,P006,Backpack,Accessories,55.76,No,0.0,39,2174.6,2063.5,1719.18,1746.5057142857145,9,6,37,2025
2025-09-15,P006,Backpack,Accessories,53.3,No,0.0,34,1812.14,2174.6,1422.25,1811.5657142857142,9,0,38,2025
2025-09-16,P006,Backpack,Accessories,52.28,No,0.0,29,1516.05,1812.14,1570.69,1867.2642857142857,9,1,38,2025
2025-09-17,P006,Backpack,Accessories,56.24,Yes,0.056,41,2176.4,1516.05,1578.32,1859.4585714285713,9,2,38,2025
2025-09-18,P006,Backpack,Accessories,55.08,No,0.0,27,1487.08,2176.4,1959.85,1944.8985714285716,9,3,38,2025
2025-09-19,P006,Backpack,Accessories,55.89,Yes,0.068,31,1614.07,1487.08,1911.75,1877.3600000000001,9,4,38,2025
2025-09-20,P006,Backpack,Accessories,53.96,Yes,0.214,36,1526.59,1614.07,2063.5,1834.8342857142857,9,5,38,2025
2025-09-21,P006,Backpack,Accessories,54.72,No,0.0,28,1532.14,1526.59,2174.6,1758.1328571428571,9,6,38,2025
2025-09-22,P006,Backpack,Accessories,54.03,No,0.0,33,1782.93,1532.14,1812.14,1666.3528571428574,9,0,39,2025
2025-09-23,P006,Backpack,Accessories,55.97,Yes,0.083,33,1693.72,1782.93,1516.05,1662.18,9,1,39,2025
2025-09-24,P006,Backpack,Accessories,54.8,No,0.0,20,1095.99,1693.72,2176.4,1687.5614285714287,9,2,39,2025
2025-09-25,P006,Backpack,Accessories,54.61,No,0.0,28,1529.03,1095.99,1487.08,1533.2171428571426,9,3,39,2025
2025-09-26,P006,Backpack,Accessories,55.19,No,0.0,36,1986.92,1529.03,1614.07,1539.2099999999998,9,4,39,2025
2025-09-27,P006,Backpack,Accessories,54.18,Yes,0.085,34,1685.37,1986.92,1526.59,1592.4742857142858,9,5,39,2025
2025-09-28,P006,Backpack,Accessories,55.52,No,0.0,39,2165.28,1685.37,1532.14,1615.1571428571426,9,6,39,2025
2025-09-29,P006,Backpack,Accessories,58.22,Yes,0.204,35,1622.59,2165.28,1782.93,1705.6057142857142,9,0,40,2025
2025-09-30,P006,Backpack,Accessories,53.32,No,0.0,30,1599.51,1622.59,1693.72,1682.7,9,1,40,2025
2025-10-01,P006,Backpack,Accessories,54.52,No,0.0,24,1308.55,1599.51,1095.99,1669.2414285714287,10,2,40,2025
2025-10-02,P006,Backpack,Accessories,51.66,No,0.0,34,1756.56,1308.55,1529.03,1699.607142857143,10,3,40,2025
2025-10-03,P006,Backpack,Accessories,57.88,No,0.0,30,1736.47,1756.56,1986.92,1732.1114285714284,10,4,40,2025
2025-10-04,P006,Backpack,Accessories,55.5,Yes,0.066,48,2488.83,1736.47,1685.37,1696.3328571428572,10,5,40,2025
2025-10-05,P006,Backpack,Accessories,56.25,Yes,0.1,37,1873.34,2488.83,2165.28,1811.1128571428574,10,6,40,2025
2025-10-06,P006,Backpack,Accessories,56.02,Yes,0.066,35,1831.32,1873.34,1622.59,1769.4071428571428,10,0,41,2025
2025-10-07,P006,Backpack,Accessories,53.91,No,0.0,28,1509.52,1831.32,1599.51,1799.2257142857143,10,1,41,2025
2025-10-08,P006,Backpack,Accessories,54.41,No,0.0,24,1305.89,1509.52,1308.55,1786.3700000000001,10,2,41,2025
2025-10-09,P006,Backpack,Accessories,56.68,No,0.0,21,1190.26,1305.89,1756.56,1785.99,10,3,41,2025
2025-10-10,P006,Backpack,Accessories,56.83,No,0.0,42,2387.0,1190.26,1736.47,1705.0900000000001,10,4,41,2025
2025-10-11,P006,Backpack,Accessories,50.96,No,0.0,32,1630.64,2387.0,2488.83,1798.0228571428572,10,5,41,2025
2025-10-12,P006,Backpack,Accessories,56.17,No,0.0,28,1572.85,1630.64,1873.34,1675.4242857142856,10,6,41,2025
2025-10-13,P006,Backpack,Accessories,53.35,No,0.0,25,1333.77,1572.85,1831.32,1632.4971428571428,10,0,42,2025
2025-10-14,P006,Backpack,Accessories,53.48,No,0.0,31,1657.77,1333.77,1509.52,1561.4185714285716,10,1,42,2025
2025-10-15,P006,Backpack,Accessories,52.06,Yes,0.081,36,1721.6,1657.77,1305.89,1582.5971428571427,10,2,42,2025
2025-10-16,P006,Backpack,Accessories,55.34,No,0.0,29,1604.96,1721.6,1190.26,1641.9842857142855,10,3,42,2025
2025-10-17,P006,Backpack,Accessories,56.11,No,0.0,36,2020.11,1604.96,2387.0,1701.2271428571428,10,4,42,2025
2025-10-18,P006,Backpack,Accessories,54.53,Yes,0.198,56,2447.48,2020.11,1630.64,1648.8142857142855,10,5,42,2025
2025-10-19,P006,Backpack,Accessories,55.4,No,0.0,30,1662.1,2447.48,1572.85,1765.5057142857145,10,6,42,2025
2025-10-20,P006,Backpack,Accessories,54.73,No,0.0,27,1477.84,1662.1,1333.77,1778.2557142857142,10,0,43,2025
2025-10-21,P006,Backpack,Accessories,56.71,Yes,0.217,28,1243.66,1477.84,1657.77,1798.8371428571427,10,1,43,2025
2025-10-22,P006,Backpack,Accessories,55.64,Yes,0.162,36,1678.4,1243.66,1721.6,1739.6785714285713,10,2,43,2025
2025-10-23,P006,Backpack,Accessories,51.71,No,0.0,29,1499.48,1678.4,1604.96,1733.5071428571428,10,3,43,2025
2025-10-24,P006,Backpack,Accessories,56.04,No,0.0,19,1064.75,1499.48,2020.11,1718.4385714285713,10,4,43,2025
2025-10-25,P006,Backpack,Accessories,54.95,No,0.0,43,2362.77,1064.75,2447.48,1581.9585714285715,10,5,43,2025
2025-10-26,P006,Backpack,Accessories,56.7,Yes,0.243,49,2101.96,2362.77,1662.1,1569.857142857143,10,6,43,2025
2025-10-27,P006,Backpack,Accessories,56.3,No,0.0,28,1576.43,2101.96,1477.84,1632.6942857142858,10,0,44,2025
2025-10-28,P006,Backpack,Accessories,55.64,No,0.0,38,2114.23,1576.43,1243.66,1646.7785714285715,10,1,44,2025
2025-10-29,P006,Backpack,Accessories,57.75,Yes,0.12,30,1525.25,2114.23,1678.4,1771.1457142857143,10,2,44,2025
2025-10-30,P006,Backpack,Accessories,55.42,Yes,0.22,34,1470.53,1525.25,1499.48,1749.2671428571427,10,3,44,2025
2025-10-31,P006,Backpack,Accessories,52.21,No,0.0,47,2453.93,1470.53,1064.75,1745.1314285714286,10,4,44,2025
2025-11-01,P006,Backpack,Accessories,53.87,No,0.0,32,1723.97,2453.93,2362.77,1943.5857142857142,11,5,44,2025
2025-11-02,P006,Backpack,Accessories,53.21,No,0.0,32,1702.62,1723.97,2101.96,1852.3285714285714,11,6,44,2025
2025-11-03,P006,Backpack,Accessories,55.22,Yes,0.228,49,2089.37,1702.62,1576.43,1795.28,11,0,45,2025
2025-11-04,P006,Backpack,Accessories,55.37,No,0.0,31,1716.46,2089.37,2114.23,1868.5571428571427,11,1,45,2025
2025-11-05,P006,Backpack,Accessories,56.65,No,0.0,35,1982.64,1716.46,1525.25,1811.7328571428573,11,2,45,2025
2025-11-06,P006,Backpack,Accessories,55.36,No,0.0,29,1605.35,1982.64,1470.53,1877.0742857142857,11,3,45,2025
2025-11-07,P006,Backpack,Accessories,52.8,No,0.0,32,1689.58,1605.35,2453.93,1896.3342857142857,11,4,45,2025
2025-11-08,P006,Backpack,Accessories,54.93,No,0.0,45,2472.0,1689.58,1723.97,1787.1414285714286,11,5,45,2025
2025-11-09,P006,Backpack,Accessories,58.51,No,0.0,40,2340.34,2472.0,1702.62,1894.0028571428572,11,6,45,2025
2025-11-10,P006,Backpack,Accessories,52.71,No,0.0,33,1739.45,2340.34,2089.37,1985.1057142857146,11,0,46,2025
2025-11-11,P006,Backpack,Accessories,55.35,Yes,0.063,32,1660.27,1739.45,1716.46,1935.1171428571429,11,1,46,2025
2025-11-12,P006,Backpack,Accessories,53.16,No,0.0,46,2445.33,1660.27,1982.64,1927.0900000000001,11,2,46,2025
2025-11-13,P006,Backpack,Accessories,57.46,No,0.0,41,2355.96,2445.33,1605.35,1993.1885714285713,11,3,46,2025
2025-11-14,P006,Backpack,Accessories,54.65,No,0.0,37,2021.99,2355.96,1689.58,2100.4185714285713,11,4,46,2025
2025-11-15,P006,Backpack,Accessories,55.45,No,0.0,51,2828.05,2021.99,2472.0,2147.905714285714,11,5,46,2025
2025-11-16,P006,Backpack,Accessories,54.92,Yes,0.147,50,2342.72,2828.05,2340.34,2198.77,11,6,46,2025
2025-11-17,P006,Backpack,Accessories,52.13,No,0.0,39,2033.12,2342.72,1739.45,2199.1099999999997,11,0,47,2025
2025-11-18,P006,Backpack,Accessories,56.7,No,0.0,43,2437.92,2033.12,1660.27,2241.0628571428574,11,1,47,2025
2025-11-19,P006,Backpack,Accessories,60.09,Yes,0.132,40,2086.86,2437.92,2445.33,2352.155714285714,11,2,47,2025
2025-11-20,P006,Backpack,Accessories,59.01,No,0.0,23,1357.16,2086.86,2355.96,2300.945714285714,11,3,47,2025
2025-11-21,P006,Backpack,Accessories,60.99,No,0.0,35,2134.68,1357.16,2021.99,2158.26,11,4,47,2025
2025-11-22,P006,Backpack,Accessories,56.74,No,0.0,53,3007.08,2134.68,2828.05,2174.3585714285714,11,5,47,2025
2025-11-23,P006,Backpack,Accessories,57.64,No,0.0,52,2997.47,3007.08,2342.72,2199.934285714286,11,6,47,2025
2025-11-24,P006,Backpack,Accessories,54.37,No,0.0,30,1631.05,2997.47,2033.12,2293.4700000000003,11,0,48,2025
2025-11-25,P006,Backpack,Accessories,58.34,No,0.0,38,2216.95,1631.05,2437.92,2236.0314285714285,11,1,48,2025
2025-11-26,P006,Backpack,Accessories,53.93,No,0.0,33,1779.83,2216.95,2086.86,2204.464285714286,11,2,48,2025
2025-11-27,P006,Backpack,Accessories,52.52,Yes,0.139,48,2169.66,1779.83,1357.16,2160.602857142857,11,3,48,2025
2025-11-28,P006,Backpack,Accessories,53.89,No,0.0,40,2155.78,2169.66,2134.68,2276.6742857142854,11,4,48,2025
2025-11-29,P006,Backpack,Accessories,55.2,No,0.0,32,1766.45,2155.78,3007.08,2279.6885714285713,11,5,48,2025
2025-11-30,P006,Backpack,Accessories,50.83,No,0.0,55,2795.71,1766.45,2997.47,2102.4557142857143,11,6,48,2025
2025-12-01,P006,Backpack,Accessories,52.86,No,0.0,43,2273.05,2795.71,1631.05,2073.632857142857,12,0,49,2025
2025-12-02,P006,Backpack,Accessories,57.64,No,0.0,37,2132.54,2273.05,2216.95,2165.347142857143,12,1,49,2025
2025-12-03,P006,Backpack,Accessories,53.01,No,0.0,45,2385.65,2132.54,1779.83,2153.2885714285717,12,2,49,2025
2025-12-04,P006,Backpack,Accessories,56.14,No,0.0,40,2245.45,2385.65,2169.66,2239.834285714286,12,3,49,2025
2025-12-05,P006,Backpack,Accessories,52.18,Yes,0.078,52,2501.83,2245.45,2155.78,2250.6614285714286,12,4,49,2025
2025-12-06,P006,Backpack,Accessories,54.61,No,0.0,45,2457.59,2501.83,1766.45,2300.097142857143,12,5,49,2025
2025-12-07,P006,Backpack,Accessories,52.24,No,0.0,46,2402.85,2457.59,2795.71,2398.8314285714287,12,6,49,2025
2025-12-08,P006,Backpack,Accessories,56.79,Yes,0.247,44,1882.03,2402.85,2273.05,2342.7085714285713,12,0,50,2025
2025-12-09,P006,Backpack,Accessories,56.45,No,0.0,29,1637.04,1882.03,2132.54,2286.8485714285716,12,1,50,2025
2025-12-10,P006,Backpack,Accessories,55.04,No,0.0,41,2256.44,1637.04,2385.65,2216.0628571428574,12,2,50,2025
2025-12-11,P006,Backpack,Accessories,55.8,Yes,0.131,50,2425.84,2256.44,2245.45,2197.6042857142857,12,3,50,2025
2025-12-12,P006,Backpack,Accessories,55.09,No,0.0,43,2368.91,2425.84,2501.83,2223.3742857142856,12,4,50,2025
2025-12-13,P006,Backpack,Accessories,56.65,No,0.0,51,2889.23,2368.91,2457.59,2204.3857142857146,12,5,50,2025
2025-12-14,P006,Backpack,Accessories,52.46,Yes,0.148,48,2146.57,2889.23,2402.85,2266.0485714285714,12,6,50,2025
2025-12-15,P006,Backpack,Accessories,53.89,No,0.0,41,2209.41,2146.57,1882.03,2229.437142857143,12,0,51,2025
2025-12-16,P006,Backpack,Accessories,55.85,Yes,0.158,38,1787.45,2209.41,1637.04,2276.2057142857143,12,1,51,2025
2025-12-17,P006,Backpack,Accessories,56.87,Yes,0.236,58,2521.49,1787.45,2256.44,2297.692857142857,12,2,51,2025
2025-12-18,P006,Backpack,Accessories,53.64,No,0.0,45,2413.71,2521.49,2425.84,2335.557142857143,12,3,51,2025
2025-12-19,P006,Backpack,Accessories,54.54,No,0.0,47,2563.16,2413.71,2368.91,2333.824285714286,12,4,51,2025
2025-12-20,P006,Backpack,Accessories,51.65,No,0.0,58,2995.71,2563.16,2889.23,2361.574285714286,12,5,51,2025
2025-12-21,P006,Backpack,Accessories,56.61,No,0.0,56,3169.94,2995.71,2146.57,2376.785714285714,12,6,51,2025
2025-12-22,P006,Backpack,Accessories,52.76,Yes,0.112,57,2672.02,3169.94,2209.41,2522.9814285714283,12,0,52,2025
2025-12-23,P006,Backpack,Accessories,55.65,No,0.0,48,2671.23,2672.02,1787.45,2589.0685714285714,12,1,52,2025
2025-12-24,P006,Backpack,Accessories,56.64,No,0.0,50,2832.04,2671.23,2521.49,2715.3228571428567,12,2,52,2025
2025-12-25,P006,Backpack,Accessories,52.01,Yes,0.123,44,2008.07,2832.04,2413.71,2759.6871428571426,12,3,52,2025
2025-12-26,P006,Backpack,Accessories,57.93,No,0.0,45,2606.76,2008.07,2563.16,2701.738571428571,12,4,52,2025
2025-12-27,P006,Backpack,Accessories,52.63,No,0.0,58,3052.51,2606.76,2995.71,2707.967142857143,12,5,52,2025
2025-12-28,P006,Backpack,Accessories,55.01,No,0.0,61,3355.53,3052.51,3169.94,2716.0814285714287,12,6,52,2025
2025-12-29,P006,Backpack,Accessories,55.92,No,0.0,40,2236.75,3355.53,2672.02,2742.594285714286,12,0,1,2025
2025-12-30,P006,Backpack,Accessories,55.91,Yes,0.065,62,3241.58,2236.75,2671.23,2680.412857142857,12,1,1,2025
2025-12-31,P006,Backpack,Accessories,55.31,No,0.0,50,2765.38,3241.58,2832.04,2761.8914285714286,12,2,1,2025
2023-01-08,P007,Running Shoes,Sports,102.01,No,0.0,22,2244.2,1711.17,2577.01,1995.4657142857143,1,6,1,2023
2023-01-09,P007,Running Shoes,Sports,95.31,Yes,0.152,19,1535.57,2244.2,1882.28,1947.9214285714286,1,0,2,2023
2023-01-10,P007,Running Shoes,Sports,94.45,No,0.0,18,1700.12,1535.57,2586.32,1898.3914285714286,1,1,2,2023
2023-01-11,P007,Running Shoes,Sports,87.84,No,0.0,20,1756.89,1700.12,1952.54,1771.7914285714285,1,2,2,2023
2023-01-12,P007,Running Shoes,Sports,98.93,No,0.0,24,2374.39,1756.89,1507.28,1743.8414285714287,1,3,2,2023
2023-01-13,P007,Running Shoes,Sports,93.68,Yes,0.235,31,2221.75,2374.39,1751.66,1867.7142857142858,1,4,2,2023
2023-01-14,P007,Running Shoes,Sports,90.68,No,0.0,17,1541.52,2221.75,1711.17,1934.8700000000001,1,5,2,2023
2023-01-15,P007,Running Shoes,Sports,91.37,No,0.0,18,1644.75,1541.52,2244.2,1910.6342857142859,1,6,2,2023
2023-01-16,P007,Running Shoes,Sports,93.27,No,0.0,22,2052.05,1644.75,1535.57,1824.9985714285715,1,0,3,2023
2023-01-17,P007,Running Shoes,Sports,98.4,Yes,0.23,30,2273.83,2052.05,1700.12,1898.7814285714285,1,1,3,2023
2023-01-18,P007,Running Shoes,Sports,91.54,No,0.0,20,1830.85,2273.83,1756.89,1980.74,1,2,3,2023
2023-01-19,P007,Running Shoes,Sports,89.29,No,0.0,25,2232.33,1830.85,2374.39,1991.3057142857142,1,3,3,2023
2023-01-20,P007,Running Shoes,Sports,91.3,No,0.0,19,1734.77,2232.33,2221.75,1971.0114285714285,1,4,3,2023
2023-01-21,P007,Running Shoes,Sports,90.4,No,0.0,22,1988.78,1734.77,1541.52,1901.4428571428573,1,5,3,2023
2023-01-22,P007,Running Shoes,Sports,97.89,No,0.0,27,2643.09,1988.78,1644.75,1965.3371428571427,1,6,3,2023
2023-01-23,P007,Running Shoes,Sports,93.51,Yes,0.191,35,2649.0,2643.09,2052.05,2107.957142857143,1,0,4,2023
2023-01-24,P007,Running Shoes,Sports,96.34,Yes,0.107,28,2409.51,2649.0,2273.83,2193.2357142857145,1,1,4,2023
2023-01-25,P007,Running Shoes,Sports,99.27,No,0.0,12,1191.24,2409.51,1830.85,2212.6185714285716,1,2,4,2023
2023-01-26,P007,Running Shoes,Sports,91.36,No,0.0,18,1644.49,1191.24,2232.33,2121.2457142857143,1,3,4,2023
2023-01-27,P007,Running Shoes,Sports,92.15,No,0.0,13,1197.9,1644.49,1734.77,2037.2685714285715,1,4,4,2023
2023-01-28,P007,Running Shoes,Sports,91.0,Yes,0.201,29,2109.34,1197.9,1988.78,1960.5728571428572,1,5,4,2023
2023-01-29,P007,Running Shoes,Sports,94.17,No,0.0,26,2448.38,2109.34,2643.09,1977.7957142857144,1,6,4,2023
2023-01-30,P007,Running Shoes,Sports,95.42,No,0.0,19,1813.05,2448.38,2649.0,1949.98,1,0,5,2023
2023-01-31,P007,Running Shoes,Sports,97.51,No,0.0,16,1560.12,1813.05,2409.51,1830.5585714285714,1,1,5,2023
2023-02-01,P007,Running Shoes,Sports,93.57,No,0.0,22,2058.54,1560.12,1191.24,1709.217142857143,2,2,5,2023
2023-02-02,P007,Running Shoes,Sports,97.43,Yes,0.187,22,1742.13,2058.54,1644.49,1833.1171428571429,2,3,5,2023
2023-02-03,P007,Running Shoes,Sports,97.33,No,0.0,23,2238.68,1742.13,1197.9,1847.0657142857142,2,4,5,2023
2023-02-04,P007,Running Shoes,Sports,94.27,No,0.0,21,1979.77,2238.68,2109.34,1995.7485714285715,2,5,5,2023
2023-02-05,P007,Running Shoes,Sports,96.09,No,0.0,18,1729.55,1979.77,2448.38,1977.2385714285715,2,6,5,2023
2023-02-06,P007,Running Shoes,Sports,88.9,Yes,0.215,29,2023.12,1729.55,1813.05,1874.5485714285714,2,0,6,2023
2023-02-07,P007,Running Shoes,Sports,91.35,Yes,0.196,22,1616.1,2023.12,1560.12,1904.5585714285714,2,1,6,2023
2023-02-08,P007,Running Shoes,Sports,96.98,Yes,0.153,20,1643.37,1616.1,2058.54,1912.5557142857144,2,2,6,2023
2023-02-09,P007,Running Shoes,Sports,91.87,Yes,0.109,30,2456.67,1643.37,1742.13,1853.2457142857143,2,3,6,2023
2023-02-10,P007,Running Shoes,Sports,100.83,No,0.0,25,2520.8,2456.67,2238.68,1955.3228571428572,2,4,6,2023
2023-02-11,P007,Running Shoes,Sports,92.31,No,0.0,28,2584.65,2520.8,1979.77,1995.6257142857144,2,5,6,2023
2023-02-12,P007,Running Shoes,Sports,93.96,No,0.0,25,2349.0,2584.65,1729.55,2082.037142857143,2,6,6,2023
2023-02-13,P007,Running Shoes,Sports,93.3,No,0.0,21,1959.29,2349.0,2023.12,2170.53,2,0,7,2023
2023-02-14,P007,Running Shoes,Sports,93.12,Yes,0.078,26,2231.73,1959.29,1616.1,2161.4114285714286,2,1,7,2023
2023-02-15,P007,Running Shoes,Sports,96.69,No,0.0,25,2417.37,2231.73,1643.37,2249.3585714285714,2,2,7,2023
2023-02-16,P007,Running Shoes,Sports,90.34,No,0.0,26,2348.88,2417.37,2456.67,2359.9300000000003,2,3,7,2023
2023-02-17,P007,Running Shoes,Sports,92.89,No,0.0,13,1207.58,2348.88,2520.8,2344.531428571429,2,4,7,2023
2023-02-18,P007,Running Shoes,Sports,93.13,No,0.0,17,1583.26,1207.58,2584.65,2156.9285714285716,2,5,7,2023
2023-02-19,P007,Running Shoes,Sports,97.42,Yes,0.088,36,3199.69,1583.26,2349.0,2013.872857142857,2,6,7,2023
2023-02-20,P007,Running Shoes,Sports,88.99,No,0.0,24,2135.79,3199.69,1959.29,2135.4,2,0,8,2023
2023-02-21,P007,Running Shoes,Sports,99.3,No,0.0,25,2482.48,2135.79,2231.73,2160.6142857142854,2,1,8,2023
2023-02-22,P007,Running Shoes,Sports,92.3,No,0.0,13,1199.9,2482.48,2417.37,2196.4357142857143,2,2,8,2023
2023-02-23,P007,Running Shoes,Sports,91.2,No,0.0,13,1185.59,1199.9,2348.88,2022.5114285714285,2,3,8,2023
2023-02-24,P007,Running Shoes,Sports,96.82,Yes,0.067,40,3612.39,1185.59,1207.58,1856.327142857143,2,4,8,2023
2023-02-25,P007,Running Shoes,Sports,90.36,No,0.0,23,2078.33,3612.39,1583.26,2199.871428571428,2,5,8,2023
2023-02-26,P007,Running Shoes,Sports,97.67,No,0.0,21,2051.16,2078.33,3199.69,2270.595714285714,2,6,8,2023
2023-02-27,P007,Running Shoes,Sports,95.59,No,0.0,20,1911.89,2051.16,2135.79,2106.52,2,0,9,2023
2023-02-28,P007,Running Shoes,Sports,97.56,No,0.0,22,2146.34,1911.89,2482.48,2074.5342857142855,2,1,9,2023
2023-03-01,P007,Running Shoes,Sports,92.94,No,0.0,30,2788.23,2146.34,1199.9,2026.5142857142855,3,2,9,2023
2023-03-02,P007,Running Shoes,Sports,85.14,No,0.0,18,1532.57,2788.23,1185.59,2253.4185714285713,3,3,9,2023
2023-03-03,P007,Running Shoes,Sports,93.44,No,0.0,26,2429.34,1532.57,3612.39,2302.9871428571428,3,4,9,2023
2023-03-04,P007,Running Shoes,Sports,95.98,Yes,0.196,22,1697.14,2429.34,2078.33,2133.98,3,5,9,2023
2023-03-05,P007,Running Shoes,Sports,96.15,No,0.0,31,2980.73,1697.14,2051.16,2079.5242857142857,3,6,9,2023
2023-03-06,P007,Running Shoes,Sports,91.21,No,0.0,21,1915.38,2980.73,1911.89,2212.32,3,0,10,2023
2023-03-07,P007,Running Shoes,Sports,94.23,Yes,0.061,25,2211.57,1915.38,2146.34,2212.8185714285714,3,1,10,2023
2023-03-08,P007,Running Shoes,Sports,93.77,No,0.0,19,1781.57,2211.57,2788.23,2222.137142857143,3,2,10,2023
2023-03-09,P007,Running Shoes,Sports,93.9,No,0.0,29,2723.02,1781.57,1532.57,2078.328571428571,3,3,10,2023
2023-03-10,P007,Running Shoes,Sports,93.7,No,0.0,23,2155.2,2723.02,2429.34,2248.3928571428573,3,4,10,2023
2023-03-11,P007,Running Shoes,Sports,97.19,No,0.0,37,3596.03,2155.2,1697.14,2209.23,3,5,10,2023
2023-03-12,P007,Running Shoes,Sports,98.96,No,0.0,26,2572.98,3596.03,2980.73,2480.5,3,6,10,2023
2023-03-13,P007,Running Shoes,Sports,91.21,No,0.0,32,2918.6,2572.98,1915.38,2422.25,3,0,11,2023
2023-03-14,P007,Running Shoes,Sports,97.03,Yes,0.123,27,2298.47,2918.6,2211.57,2565.567142857143,3,1,11,2023
2023-03-15,P007,Running Shoes,Sports,99.31,No,0.0,25,2482.78,2298.47,1781.57,2577.9814285714283,3,2,11,2023
2023-03-16,P007,Running Shoes,Sports,94.59,No,0.0,25,2364.66,2482.78,2723.02,2678.154285714286,3,3,11,2023
2023-03-17,P007,Running Shoes,Sports,97.92,Yes,0.249,39,2867.76,2364.66,2155.2,2626.96,3,4,11,2023
2023-03-18,P007,Running Shoes,Sports,95.27,No,0.0,22,2095.83,2867.76,3596.03,2728.7542857142857,3,5,11,2023
2023-03-19,P007,Running Shoes,Sports,93.0,No,0.0,29,2697.14,2095.83,2572.98,2514.44,3,6,11,2023
2023-03-20,P007,Running Shoes,Sports,95.49,No,0.0,25,2387.24,2697.14,2918.6,2532.1771428571433,3,0,12,2023
2023-03-21,P007,Running Shoes,Sports,93.55,No,0.0,29,2712.82,2387.24,2298.47,2456.2685714285717,3,1,12,2023
2023-03-22,P007,Running Shoes,Sports,98.64,No,0.0,23,2268.77,2712.82,2482.78,2515.4614285714283,3,2,12,2023
2023-03-23,P007,Running Shoes,Sports,99.47,No,0.0,16,1591.52,2268.77,2364.66,2484.8885714285716,3,3,12,2023
2023-03-24,P007,Running Shoes,Sports,97.96,Yes,0.103,30,2637.38,1591.52,2867.76,2374.44,3,4,12,2023
2023-03-25,P007,Running Shoes,Sports,97.2,No,0.0,34,3304.66,2637.38,2095.83,2341.5285714285715,3,5,12,2023
2023-03-26,P007,Running Shoes,Sports,89.09,No,0.0,27,2405.42,3304.66,2697.14,2514.218571428571,3,6,12,2023
2023-03-27,P007,Running Shoes,Sports,92.03,No,0.0,29,2668.85,2405.42,2387.24,2472.5442857142857,3,0,13,2023
2023-03-28,P007,Running Shoes,Sports,92.3,No,0.0,26,2399.87,2668.85,2712.82,2512.7742857142853,3,1,13,2023
2023-03-29,P007,Running Shoes,Sports,94.09,No,0.0,21,1975.94,2399.87,2268.77,2468.067142857143,3,2,13,2023
2023-03-30,P007,Running Shoes,Sports,96.21,Yes,0.138,22,1824.96,1975.94,1591.52,2426.2342857142858,3,3,13,2023
2023-03-31,P007,Running Shoes,Sports,94.75,Yes,0.194,30,2292.25,1824.96,2637.38,2459.5828571428574,3,4,13,2023
2023-04-01,P007,Running Shoes,Sports,92.13,Yes,0.073,31,2646.41,2292.25,3304.66,2410.2785714285715,4,5,13,2023
2023-04-02,P007,Running Shoes,Sports,103.94,No,0.0,38,3949.6,2646.41,2405.42,2316.242857142857,4,6,13,2023
2023-04-03,P007,Running Shoes,Sports,92.44,No,0.0,27,2495.84,3949.6,2668.85,2536.8399999999997,4,0,14,2023
2023-04-04,P007,Running Shoes,Sports,93.88,Yes,0.179,34,2620.84,2495.84,2399.87,2512.124285714286,4,1,14,2023
2023-04-05,P007,Running Shoes,Sports,90.08,No,0.0,15,1351.16,2620.84,1975.94,2543.691428571429,4,2,14,2023
2023-04-06,P007,Running Shoes,Sports,90.32,Yes,0.211,30,2137.85,1351.16,1824.96,2454.437142857143,4,3,14,2023
2023-04-07,P007,Running Shoes,Sports,89.13,No,0.0,25,2228.32,2137.85,2292.25,2499.1357142857146,4,4,14,2023
2023-04-08,P007,Running Shoes,Sports,89.13,Yes,0.138,42,3226.24,2228.32,2646.41,2490.002857142857,4,5,14,2023
2023-04-09,P007,Running Shoes,Sports,99.26,No,0.0,28,2779.23,3226.24,3949.6,2572.8357142857144,4,6,14,2023
2023-04-10,P007,Running Shoes,Sports,95.04,Yes,0.138,33,2703.24,2779.23,2495.84,2405.64,4,0,15,2023
2023-04-11,P007,Running Shoes,Sports,95.78,No,0.0,20,1915.56,2703.24,2620.84,2435.2685714285717,4,1,15,2023
2023-04-12,P007,Running Shoes,Sports,95.75,No,0.0,22,2106.39,1915.56,1351.16,2334.514285714286,4,2,15,2023
2023-04-13,P007,Running Shoes,Sports,91.41,No,0.0,24,2193.78,2106.39,2137.85,2442.404285714286,4,3,15,2023
2023-04-14,P007,Running Shoes,Sports,99.37,No,0.0,21,2086.83,2193.78,2228.32,2450.3942857142856,4,4,15,2023
2023-04-15,P007,Running Shoes,Sports,98.33,No,0.0,26,2556.6,2086.83,3226.24,2430.1814285714286,4,5,15,2023
2023-04-16,P007,Running Shoes,Sports,95.13,No,0.0,29,2758.9,2556.6,2779.23,2334.5185714285717,4,6,15,2023
2023-04-17,P007,Running Shoes,Sports,97.12,No,0.0,20,1942.34,2758.9,2703.24,2331.614285714286,4,0,16,2023
2023-04-18,P007,Running Shoes,Sports,94.88,Yes,0.232,29,2113.26,1942.34,1915.56,2222.914285714286,4,1,16,2023
2023-04-19,P007,Running Shoes,Sports,94.99,Yes,0.164,30,2382.62,2113.26,2106.39,2251.157142857143,4,2,16,2023
2023-04-20,P007,Running Shoes,Sports,92.01,No,0.0,28,2576.35,2382.62,2193.78,2290.6185714285716,4,3,16,2023
2023-04-21,P007,Running Shoes,Sports,91.07,No,0.0,27,2458.88,2576.35,2086.83,2345.2714285714283,4,4,16,2023
2023-04-22,P007,Running Shoes,Sports,90.37,No,0.0,27,2440.12,2458.88,2556.6,2398.421428571429,4,5,16,2023
2023-04-23,P007,Running Shoes,Sports,96.16,No,0.0,23,2211.61,2440.12,2758.9,2381.781428571429,4,6,16,2023
2023-04-24,P007,Running Shoes,Sports,96.6,No,0.0,25,2414.92,2211.61,1942.34,2303.597142857143,4,0,17,2023
2023-04-25,P007,Running Shoes,Sports,96.98,No,0.0,16,1551.63,2414.92,2113.26,2371.1085714285714,4,1,17,2023
2023-04-26,P007,Running Shoes,Sports,95.4,No,0.0,17,1621.78,1551.63,2382.62,2290.8757142857144,4,2,17,2023
2023-04-27,P007,Running Shoes,Sports,99.24,No,0.0,20,1984.74,1621.78,2576.35,2182.184285714286,4,3,17,2023
2023-04-28,P007,Running Shoes,Sports,94.39,No,0.0,22,2076.49,1984.74,2458.88,2097.6685714285713,4,4,17,2023
2023-04-29,P007,Running Shoes,Sports,101.58,No,0.0,33,3352.24,2076.49,2440.12,2043.0414285714287,4,5,17,2023
2023-04-30,P007,Running Shoes,Sports,101.95,Yes,0.159,21,1801.28,3352.24,2211.61,2173.344285714286,4,6,17,2023
2023-05-01,P007,Running Shoes,Sports,94.96,Yes,0.153,22,1768.76,1801.28,2414.92,2114.725714285714,5,0,18,2023
2023-05-02,P007,Running Shoes,Sports,91.71,No,0.0,29,2659.69,1768.76,1551.63,2022.4171428571428,5,1,18,2023
2023-05-03,P007,Running Shoes,Sports,95.12,No,0.0,26,2473.24,2659.69,1621.78,2180.7114285714283,5,2,18,2023
2023-05-04,P007,Running Shoes,Sports,96.8,Yes,0.067,31,2800.0,2473.24,1984.74,2302.348571428571,5,3,18,2023
2023-05-05,P007,Running Shoes,Sports,96.19,No,0.0,19,1827.54,2800.0,2076.49,2418.8142857142852,5,4,18,2023
2023-05-06,P007,Running Shoes,Sports,90.8,Yes,0.222,37,2613.97,1827.54,3352.24,2383.25,5,5,18,2023
2023-05-07,P007,Running Shoes,Sports,97.86,No,0.0,31,3033.67,2613.97,1801.28,2277.782857142857,5,6,18,2023
2023-05-08,P007,Running Shoes,Sports,94.71,Yes,0.181,25,1938.64,3033.67,1768.76,2453.8385714285714,5,0,19,2023
2023-05-09,P007,Running Shoes,Sports,102.2,Yes,0.16,34,2919.04,1938.64,2659.69,2478.1071428571427,5,1,19,2023
2023-05-10,P007,Running Shoes,Sports,85.65,No,0.0,26,2227.01,2919.04,2473.24,2515.157142857143,5,2,19,2023
2023-05-11,P007,Running Shoes,Sports,93.02,No,0.0,28,2604.62,2227.01,2800.0,2479.9814285714283,5,3,19,2023
2023-05-12,P007,Running Shoes,Sports,94.78,No,0.0,28,2653.91,2604.62,1827.54,2452.0699999999997,5,4,19,2023
2023-05-13,P007,Running Shoes,Sports,92.5,Yes,0.236,35,2472.45,2653.91,2613.97,2570.1228571428574,5,5,19,2023
2023-05-14,P007,Running Shoes,Sports,100.97,No,0.0,25,2524.19,2472.45,3033.67,2549.905714285714,5,6,19,2023
2023-05-15,P007,Running Shoes,Sports,96.74,No,0.0,23,2224.94,2524.19,1938.64,2477.1228571428574,5,0,20,2023
2023-05-16,P007,Running Shoes,Sports,91.52,Yes,0.242,42,2913.66,2224.94,2919.04,2518.022857142857,5,1,20,2023
2023-05-17,P007,Running Shoes,Sports,93.69,Yes,0.094,35,2969.57,2913.66,2227.01,2517.2542857142857,5,2,20,2023
2023-05-18,P007,Running Shoes,Sports,93.81,Yes,0.104,28,2353.86,2969.57,2604.62,2623.3342857142857,5,3,20,2023
2023-05-19,P007,Running Shoes,Sports,91.89,No,0.0,21,1929.68,2353.86,2653.91,2587.511428571429,5,4,20,2023
2023-05-20,P007,Running Shoes,Sports,91.53,No,0.0,28,2562.91,1929.68,2472.45,2484.0499999999997,5,5,20,2023
2023-05-21,P007,Running Shoes,Sports,104.03,No,0.0,31,3224.9,2562.91,2524.19,2496.972857142857,5,6,20,2023
2023-05-22,P007,Running Shoes,Sports,95.52,No,0.0,25,2387.91,3224.9,2224.94,2597.074285714286,5,0,21,2023
2023-05-23,P007,Running Shoes,Sports,93.89,No,0.0,27,2535.15,2387.91,2913.66,2620.3557142857144,5,1,21,2023
2023-05-24,P007,Running Shoes,Sports,96.37,Yes,0.243,31,2260.92,2535.15,2969.57,2566.282857142857,5,2,21,2023
2023-05-25,P007,Running Shoes,Sports,98.88,No,0.0,30,2966.49,2260.92,2353.86,2465.047142857143,5,3,21,2023
2023-05-26,P007,Running Shoes,Sports,95.3,No,0.0,23,2191.87,2966.49,1929.68,2552.565714285714,5,4,21,2023
2023-05-27,P007,Running Shoes,Sports,93.64,No,0.0,27,2528.15,2191.87,2562.91,2590.0214285714287,5,5,21,2023
2023-05-28,P007,Running Shoes,Sports,90.43,No,0.0,31,2803.33,2528.15,3224.9,2585.055714285714,5,6,21,2023
2023-05-29,P007,Running Shoes,Sports,92.46,No,0.0,23,2126.56,2803.33,2387.91,2524.8314285714287,5,0,22,2023
2023-05-30,P007,Running Shoes,Sports,95.43,Yes,0.138,29,2385.71,2126.56,2535.15,2487.4957142857143,5,1,22,2023
2023-05-31,P007,Running Shoes,Sports,87.63,Yes,0.122,36,2769.31,2385.71,2260.92,2466.1471428571426,5,2,22,2023
2023-06-01,P007,Running Shoes,Sports,96.96,No,0.0,18,1745.24,2769.31,2966.49,2538.774285714286,6,3,22,2023
2023-06-02,P007,Running Shoes,Sports,95.28,No,0.0,24,2286.69,1745.24,2191.87,2364.31,6,4,22,2023
2023-06-03,P007,Running Shoes,Sports,91.68,No,0.0,30,2750.43,2286.69,2528.15,2377.855714285714,6,5,22,2023
2023-06-04,P007,Running Shoes,Sports,89.67,No,0.0,19,1703.64,2750.43,2803.33,2409.61,6,6,22,2023
2023-06-05,P007,Running Shoes,Sports,98.68,No,0.0,23,2269.62,1703.64,2126.56,2252.5114285714285,6,0,23,2023
2023-06-06,P007,Running Shoes,Sports,101.73,No,0.0,18,1831.19,2269.62,2385.71,2272.9485714285715,6,1,23,2023
2023-06-07,P007,Running Shoes,Sports,95.17,No,0.0,21,1998.48,1831.19,2769.31,2193.7314285714283,6,2,23,2023
2023-06-08,P007,Running Shoes,Sports,93.63,No,0.0,19,1778.93,1998.48,1745.24,2083.612857142857,6,3,23,2023
2023-06-09,P007,Running Shoes,Sports,94.23,Yes,0.081,23,1992.58,1778.93,2286.69,2088.425714285714,6,4,23,2023
2023-06-10,P007,Running Shoes,Sports,90.81,No,0.0,26,2361.16,1992.58,2750.43,2046.4099999999999,6,5,23,2023
2023-06-11,P007,Running Shoes,Sports,96.67,No,0.0,25,2416.82,2361.16,1703.64,1990.7999999999997,6,6,23,2023
2023-06-12,P007,Running Shoes,Sports,92.86,No,0.0,24,2228.76,2416.82,2269.62,2092.6828571428573,6,0,24,2023
2023-06-13,P007,Running Shoes,Sports,97.07,No,0.0,34,3300.55,2228.76,1831.19,2086.845714285714,6,1,24,2023
2023-06-14,P007,Running Shoes,Sports,101.47,No,0.0,30,3044.2,3300.55,1998.48,2296.7542857142857,6,2,24,2023
2023-06-15,P007,Running Shoes,Sports,92.97,Yes,0.184,47,3564.94,3044.2,1778.93,2446.1428571428573,6,3,24,2023
2023-06-16,P007,Running Shoes,Sports,99.34,No,0.0,29,2880.97,3564.94,1992.58,2701.287142857143,6,4,24,2023
2023-06-17,P007,Running Shoes,Sports,99.18,No,0.0,23,2281.06,2880.97,2361.16,2828.2,6,5,24,2023
2023-06-18,P007,Running Shoes,Sports,96.67,No,0.0,17,1643.38,2281.06,2416.82,2816.7571428571428,6,6,24,2023
2023-06-19,P007,Running Shoes,Sports,97.65,No,0.0,26,2538.82,1643.38,2228.76,2706.2657142857142,6,0,25,2023
2023-06-20,P007,Running Shoes,Sports,96.32,No,0.0,20,1926.32,2538.82,3300.55,2750.5600000000004,6,1,25,2023
2023-06-21,P007,Running Shoes,Sports,99.68,No,0.0,23,2292.68,1926.32,3044.2,2554.2414285714285,6,2,25,2023
2023-06-22,P007,Running Shoes,Sports,96.47,No,0.0,19,1832.84,2292.68,3564.94,2446.8814285714284,6,3,25,2023
2023-06-23,P007,Running Shoes,Sports,91.59,Yes,0.238,30,2093.22,1832.84,2880.97,2199.4385714285713,6,4,25,2023
2023-06-24,P007,Running Shoes,Sports,91.84,No,0.0,32,2938.8,2093.22,2281.06,2086.902857142857,6,5,25,2023
2023-06-25,P007,Running Shoes,Sports,95.91,No,0.0,33,3165.15,2938.8,1643.38,2180.865714285714,6,6,25,2023
2023-06-26,P007,Running Shoes,Sports,98.2,No,0.0,29,2847.84,3165.15,2538.82,2398.261428571429,6,0,26,2023
2023-06-27,P007,Running Shoes,Sports,100.34,No,0.0,20,2006.72,2847.84,1926.32,2442.407142857143,6,1,26,2023
2023-06-28,P007,Running Shoes,Sports,93.57,No,0.0,15,1403.49,2006.72,2292.68,2453.8928571428573,6,2,26,2023
2023-06-29,P007,Running Shoes,Sports,101.23,No,0.0,22,2227.14,1403.49,1832.84,2326.865714285714,6,3,26,2023
2023-06-30,P007,Running Shoes,Sports,90.6,No,0.0,26,2355.59,2227.14,2093.22,2383.194285714286,6,4,26,2023
2023-07-01,P007,Running Shoes,Sports,97.19,No,0.0,31,3012.74,2355.59,2938.8,2420.675714285714,7,5,26,2023
2023-07-02,P007,Running Shoes,Sports,89.92,Yes,0.14,30,2319.64,3012.74,3165.15,2431.238571428571,7,6,26,2023
2023-07-03,P007,Running Shoes,Sports,94.36,No,0.0,16,1509.76,2319.64,2847.84,2310.4514285714286,7,0,27,2023
2023-07-04,P007,Running Shoes,Sports,91.97,Yes,0.243,29,2018.39,1509.76,2006.72,2119.2971428571427,7,1,27,2023
2023-07-05,P007,Running Shoes,Sports,92.83,No,0.0,22,2042.31,2018.39,1403.49,2120.964285714286,7,2,27,2023
2023-07-06,P007,Running Shoes,Sports,101.07,No,0.0,22,2223.61,2042.31,2227.14,2212.2242857142855,7,3,27,2023
2023-07-07,P007,Running Shoes,Sports,98.74,Yes,0.224,43,3296.7,2223.61,2355.59,2211.7200000000003,7,4,27,2023
2023-07-08,P007,Running Shoes,Sports,96.75,No,0.0,27,2612.2,3296.7,3012.74,2346.164285714286,7,5,27,2023
2023-07-09,P007,Running Shoes,Sports,97.12,No,0.0,28,2719.27,2612.2,2319.64,2288.944285714286,7,6,27,2023
2023-07-10,P007,Running Shoes,Sports,92.05,No,0.0,15,1380.7,2719.27,1509.76,2346.034285714286,7,0,28,2023
2023-07-11,P007,Running Shoes,Sports,93.77,Yes,0.066,31,2715.44,1380.7,2018.39,2327.597142857143,7,1,28,2023
2023-07-12,P007,Running Shoes,Sports,91.49,Yes,0.066,33,2818.82,2715.44,2042.31,2427.175714285714,7,2,28,2023
2023-07-13,P007,Running Shoes,Sports,95.33,No,0.0,24,2287.83,2818.82,2223.61,2538.105714285714,7,3,28,2023
2023-07-14,P007,Running Shoes,Sports,101.29,No,0.0,24,2430.89,2287.83,3296.7,2547.2799999999997,7,4,28,2023
2023-07-15,P007,Running Shoes,Sports,92.39,Yes,0.206,29,2127.16,2430.89,2612.2,2423.592857142857,7,5,28,2023
2023-07-16,P007,Running Shoes,Sports,90.89,No,0.0,33,2999.53,2127.16,2719.27,2354.3014285714285,7,6,28,2023
2023-07-17,P007,Running Shoes,Sports,91.32,No,0.0,39,3561.39,2999.53,1380.7,2394.3385714285714,7,0,29,2023
2023-07-18,P007,Running Shoes,Sports,98.22,No,0.0,28,2750.1,3561.39,2715.44,2705.865714285714,7,1,29,2023
2023-07-19,P007,Running Shoes,Sports,93.89,No,0.0,31,2910.71,2750.1,2818.82,2710.817142857143,7,2,29,2023
2023-07-20,P007,Running Shoes,Sports,100.08,Yes,0.09,27,2458.59,2910.71,2287.83,2723.944285714286,7,3,29,2023
2023-07-21,P007,Running Shoes,Sports,86.89,Yes,0.226,30,2018.34,2458.59,2430.89,2748.338571428572,7,4,29,2023
2023-07-22,P007,Running Shoes,Sports,96.54,No,0.0,30,2896.2,2018.34,2127.16,2689.4028571428576,7,5,29,2023
2023-07-23,P007,Running Shoes,Sports,96.31,No,0.0,27,2600.35,2896.2,2999.53,2799.2657142857142,7,6,29,2023
2023-07-24,P007,Running Shoes,Sports,96.2,Yes,0.227,37,2751.91,2600.35,3561.39,2742.2400000000002,7,0,30,2023
2023-07-25,P007,Running Shoes,Sports,95.11,No,0.0,28,2663.05,2751.91,2750.1,2626.6,7,1,30,2023
2023-07-26,P007,Running Shoes,Sports,92.83,No,0.0,27,2506.29,2663.05,2910.71,2614.1642857142856,7,2,30,2023
2023-07-27,P007,Running Shoes,Sports,95.86,No,0.0,26,2492.41,2506.29,2458.59,2556.39,7,3,30,2023
2023-07-28,P007,Running Shoes,Sports,93.59,No,0.0,25,2339.81,2492.41,2018.34,2561.2214285714285,7,4,30,2023
2023-07-29,P007,Running Shoes,Sports,89.65,No,0.0,28,2510.06,2339.81,2896.2,2607.1457142857143,7,5,30,2023
2023-07-30,P007,Running Shoes,Sports,87.57,No,0.0,27,2364.39,2510.06,2600.35,2551.9828571428566,7,6,30,2023
2023-07-31,P007,Running Shoes,Sports,93.22,Yes,0.087,37,3149.17,2364.39,2751.91,2518.2742857142853,7,0,31,2023
2023-08-01,P007,Running Shoes,Sports,92.23,Yes,0.179,23,1742.58,3149.17,2663.05,2575.0257142857145,8,1,31,2023
2023-08-02,P007,Running Shoes,Sports,91.81,No,0.0,22,2019.85,1742.58,2506.29,2443.5299999999997,8,2,31,2023
2023-08-03,P007,Running Shoes,Sports,93.55,No,0.0,26,2432.29,2019.85,2492.41,2374.0385714285717,8,3,31,2023
2023-08-04,P007,Running Shoes,Sports,89.17,No,0.0,20,1783.47,2432.29,2339.81,2365.4500000000003,8,4,31,2023
2023-08-05,P007,Running Shoes,Sports,94.49,No,0.0,28,2645.78,1783.47,2510.06,2285.9728571428573,8,5,31,2023
2023-08-06,P007,Running Shoes,Sports,95.26,No,0.0,26,2476.86,2645.78,2364.39,2305.3614285714284,8,6,31,2023
2023-08-07,P007,Running Shoes,Sports,94.8,No,0.0,25,2369.91,2476.86,3149.17,2321.4285714285716,8,0,32,2023
2023-08-08,P007,Running Shoes,Sports,89.45,No,0.0,24,2146.79,2369.91,1742.58,2210.1057142857144,8,1,32,2023
2023-08-09,P007,Running Shoes,Sports,93.41,No,0.0,22,2055.07,2146.79,2019.85,2267.85,8,2,32,2023
2023-08-10,P007,Running Shoes,Sports,94.6,No,0.0,24,2270.32,2055.07,2432.29,2272.8814285714284,8,3,32,2023
2023-08-11,P007,Running Shoes,Sports,97.19,No,0.0,18,1749.4,2270.32,1783.47,2249.7428571428572,8,4,32,2023
2023-08-12,P007,Running Shoes,Sports,89.48,Yes,0.066,32,2674.29,1749.4,2645.78,2244.8757142857144,8,5,32,2023
2023-08-13,P007,Running Shoes,Sports,100.25,No,0.0,12,1203.01,2674.29,2476.86,2248.9485714285715,8,6,32,2023
2023-08-14,P007,Running Shoes,Sports,95.16,No,0.0,18,1712.89,1203.01,2369.91,2066.9700000000003,8,0,33,2023
2023-08-15,P007,Running Shoes,Sports,92.59,No,0.0,21,1944.31,1712.89,2146.79,1973.1100000000001,8,1,33,2023
2023-08-16,P007,Running Shoes,Sports,96.28,No,0.0,14,1347.97,1944.31,2055.07,1944.1842857142858,8,2,33,2023
2023-08-17,P007,Running Shoes,Sports,96.36,No,0.0,20,1927.27,1347.97,2270.32,1843.17,8,3,33,2023
2023-08-18,P007,Running Shoes,Sports,95.21,No,0.0,20,1904.24,1927.27,1749.4,1794.1628571428573,8,4,33,2023
2023-08-19,P007,Running Shoes,Sports,92.41,Yes,0.221,29,2088.18,1904.24,2674.29,1816.2828571428574,8,5,33,2023
2023-08-20,P007,Running Shoes,Sports,95.0,Yes,0.236,27,1959.21,2088.18,1203.01,1732.552857142857,8,6,33,2023
2023-08-21,P007,Running Shoes,Sports,97.16,No,0.0,23,2234.74,1959.21,1712.89,1840.5814285714284,8,0,34,2023
2023-08-22,P007,Running Shoes,Sports,88.76,No,0.0,15,1331.42,2234.74,1944.31,1915.1314285714286,8,1,34,2023
2023-08-23,P007,Running Shoes,Sports,91.57,No,0.0,18,1648.23,1331.42,1347.97,1827.5757142857144,8,2,34,2023
2023-08-24,P007,Running Shoes,Sports,95.03,No,0.0,19,1805.61,1648.23,1927.27,1870.4699999999998,8,3,34,2023
2023-08-25,P007,Running Shoes,Sports,92.85,Yes,0.149,35,2765.68,1805.61,1904.24,1853.09,8,4,34,2023
2023-08-26,P007,Running Shoes,Sports,98.98,No,0.0,28,2771.51,2765.68,2088.18,1976.152857142857,8,5,34,2023
2023-08-27,P007,Running Shoes,Sports,96.99,Yes,0.07,30,2705.49,2771.51,1959.21,2073.7714285714283,8,6,34,2023
2023-08-28,P007,Running Shoes,Sports,94.19,Yes,,19,1553.18,2705.49,2234.74,2180.382857142857,8,0,35,2023
2023-08-29,P007,Running Shoes,Sports,90.12,No,0.0,18,1622.12,1553.18,1331.42,2083.0171428571425,8,1,35,2023
2023-08-30,P007,Running Shoes,Sports,94.29,No,0.0,18,1697.14,1622.12,1648.23,2124.5457142857144,8,2,35,2023
2023-08-31,P007,Running Shoes,Sports,92.34,No,0.0,18,1662.18,1697.14,1805.61,2131.532857142857,8,3,35,2023
2023-09-01,P007,Running Shoes,Sports,91.65,Yes,0.232,26,1829.76,1662.18,2765.68,2111.042857142857,9,4,35,2023
2023-09-02,P007,Running Shoes,Sports,98.73,Yes,0.168,31,2546.47,1829.76,2771.51,1977.34,9,5,35,2023
2023-09-03,P007,Running Shoes,Sports,100.26,No,0.0,19,1904.98,2546.47,2705.49,1945.1914285714283,9,6,35,2023
2023-09-04,P007,Running Shoes,Sports,93.19,No,0.0,23,2143.43,1904.98,1553.18,1830.832857142857,9,0,36,2023
2023-09-05,P007,Running Shoes,Sports,94.27,No,0.0,14,1319.73,2143.43,1622.12,1915.1542857142856,9,1,36,2023
2023-09-06,P007,Running Shoes,Sports,97.03,No,0.0,23,2231.65,1319.73,1697.14,1871.955714285714,9,2,36,2023
2023-09-07,P007,Running Shoes,Sports,94.23,No,0.0,20,1884.53,2231.65,1662.18,1948.314285714286,9,3,36,2023
2023-09-08,P007,Running Shoes,Sports,98.51,No,0.0,20,1970.15,1884.53,1829.76,1980.0785714285714,9,4,36,2023
2023-09-09,P007,Running Shoes,Sports,93.16,No,0.0,24,2235.83,1970.15,2546.47,2000.1342857142859,9,5,36,2023
2023-09-10,P007,Running Shoes,Sports,96.32,No,0.0,23,2215.36,2235.83,1904.98,1955.7571428571428,9,6,36,2023
2023-09-11,P007,Running Shoes,Sports,95.97,No,0.0,18,1727.41,2215.36,2143.43,2000.097142857143,9,0,37,2023
2023-09-12,P007,Running Shoes,Sports,96.75,No,0.0,18,1741.54,1727.41,1319.73,1940.6657142857143,9,1,37,2023
2023-09-13,P007,Running Shoes,Sports,92.53,No,0.0,17,1573.07,1741.54,2231.65,2000.9242857142858,9,2,37,2023
2023-09-14,P007,Running Shoes,Sports,93.22,No,0.0,27,2517.07,1573.07,1884.53,1906.8414285714284,9,3,37,2023
2023-09-15,P007,Running Shoes,Sports,90.43,No,0.0,18,1627.78,2517.07,1970.15,1997.2042857142858,9,4,37,2023
2023-09-16,P007,Running Shoes,Sports,97.23,No,0.0,18,1750.2,1627.78,2235.83,1948.2942857142857,9,5,37,2023
2023-09-17,P007,Running Shoes,Sports,96.43,No,0.0,23,2217.86,1750.2,2215.36,1878.9185714285716,9,6,37,2023
2023-09-18,P007,Running Shoes,Sports,95.28,No,0.0,24,2286.68,2217.86,1727.41,1879.2757142857142,9,0,38,2023
2023-09-19,P007,Running Shoes,Sports,94.04,Yes,0.247,23,1627.81,2286.68,1741.54,1959.1714285714286,9,1,38,2023
2023-09-20,P007,Running Shoes,Sports,91.46,No,0.0,21,1920.68,1627.81,1573.07,1942.9242857142856,9,2,38,2023
2023-09-21,P007,Running Shoes,Sports,98.7,Yes,0.15,19,1593.79,1920.68,2517.07,1992.5828571428572,9,3,38,2023
2023-09-22,P007,Running Shoes,Sports,97.96,No,0.0,28,2742.83,1593.79,1627.78,1860.6857142857145,9,4,38,2023
2023-09-23,P007,Running Shoes,Sports,86.65,No,0.0,14,1213.16,2742.83,1750.2,2019.9785714285713,9,5,38,2023
2023-09-24,P007,Running Shoes,Sports,95.47,No,0.0,26,2482.23,1213.16,2217.86,1943.2585714285713,9,6,38,2023
2023-09-25,P007,Running Shoes,Sports,100.9,No,0.0,19,1917.01,2482.23,2286.68,1981.0257142857142,9,0,39,2023
2023-09-26,P007,Running Shoes,Sports,92.12,No,0.0,14,1289.71,1917.01,1627.81,1928.2157142857143,9,1,39,2023
2023-09-27,P007,Running Shoes,Sports,94.61,Yes,0.245,27,1928.98,1289.71,1920.68,1879.9157142857143,9,2,39,2023
2023-09-28,P007,Running Shoes,Sports,95.09,Yes,0.065,22,1955.86,1928.98,1593.79,1881.1014285714286,9,3,39,2023
2023-09-29,P007,Running Shoes,Sports,92.61,No,0.0,18,1667.02,1955.86,2742.83,1932.8257142857142,9,4,39,2023
2023-09-30,P007,Running Shoes,Sports,94.77,No,0.0,21,1990.26,1667.02,1213.16,1779.1385714285716,9,5,39,2023
2023-10-01,P007,Running Shoes,Sports,91.88,No,0.0,19,1745.63,1990.26,2482.23,1890.152857142857,10,6,39,2023
2023-10-02,P007,Running Shoes,Sports,101.21,No,0.0,24,2429.15,1745.63,1917.01,1784.9242857142856,10,0,40,2023
2023-10-03,P007,Running Shoes,Sports,96.88,No,0.0,19,1840.73,2429.15,1289.71,1858.087142857143,10,1,40,2023
2023-10-04,P007,Running Shoes,Sports,88.01,No,0.0,27,2376.17,1840.73,1928.98,1936.804285714286,10,2,40,2023
2023-10-05,P007,Running Shoes,Sports,93.19,No,0.0,15,1397.91,2376.17,1955.86,2000.6885714285713,10,3,40,2023
2023-10-06,P007,Running Shoes,Sports,99.18,Yes,0.137,26,2226.07,1397.91,1667.02,1920.9814285714288,10,4,40,2023
2023-10-07,P007,Running Shoes,Sports,94.06,No,0.0,9,846.52,2226.07,1990.26,2000.8457142857144,10,5,40,2023
2023-10-08,P007,Running Shoes,Sports,96.48,No,0.0,25,2412.07,846.52,1745.63,1837.4542857142858,10,6,40,2023
2023-10-09,P007,Running Shoes,Sports,99.58,No,0.0,17,1692.92,2412.07,2429.15,1932.66,10,0,41,2023
2023-10-10,P007,Running Shoes,Sports,92.21,No,0.0,23,2120.85,1692.92,1840.73,1827.484285714286,10,1,41,2023
2023-10-11,P007,Running Shoes,Sports,89.84,No,0.0,17,1527.29,2120.85,2376.17,1867.5014285714285,10,2,41,2023
2023-10-12,P007,Running Shoes,Sports,90.12,No,0.0,19,1712.29,1527.29,1397.91,1746.232857142857,10,3,41,2023
2023-10-13,P007,Running Shoes,Sports,95.02,No,0.0,22,2090.38,1712.29,2226.07,1791.1442857142858,10,4,41,2023
2023-10-14,P007,Running Shoes,Sports,91.85,Yes,0.07,24,2049.12,2090.38,846.52,1771.76,10,5,41,2023
2023-10-15,P007,Running Shoes,Sports,95.29,No,0.0,13,1238.73,2049.12,2412.07,1943.56,10,6,41,2023
2023-10-16,P007,Running Shoes,Sports,97.25,No,0.0,19,1847.67,1238.73,1692.92,1775.94,10,0,42,2023
2023-10-17,P007,Running Shoes,Sports,95.97,No,0.0,24,2303.38,1847.67,2120.85,1798.047142857143,10,1,42,2023
2023-10-18,P007,Running Shoes,Sports,93.51,No,0.0,20,1870.12,2303.38,1527.29,1824.1228571428571,10,2,42,2023
2023-10-19,P007,Running Shoes,Sports,88.73,No,0.0,22,1952.12,1870.12,1712.29,1873.0985714285714,10,3,42,2023
2023-10-20,P007,Running Shoes,Sports,90.77,No,0.0,12,1089.23,1952.12,2090.38,1907.3600000000001,10,4,42,2023
2023-10-21,P007,Running Shoes,Sports,91.91,Yes,0.095,26,2162.28,1089.23,2049.12,1764.3385714285716,10,5,42,2023
2023-10-22,P007,Running Shoes,Sports,95.0,No,0.0,27,2565.0,2162.28,1238.73,1780.5042857142855,10,6,42,2023
2023-10-23,P007,Running Shoes,Sports,97.02,No,0.0,20,1940.45,2565.0,1847.67,1969.9714285714285,10,0,43,2023
2023-10-24,P007,Running Shoes,Sports,99.52,No,0.0,23,2288.96,1940.45,2303.38,1983.2257142857143,10,1,43,2023
2023-10-25,P007,Running Shoes,Sports,89.18,Yes,0.165,23,1712.51,2288.96,1870.12,1981.1657142857143,10,2,43,2023
2023-10-26,P007,Running Shoes,Sports,93.76,No,0.0,14,1312.6,1712.51,1952.12,1958.6499999999999,10,3,43,2023
2023-10-27,P007,Running Shoes,Sports,93.95,No,0.0,10,939.52,1312.6,1089.23,1867.2900000000002,10,4,43,2023
2023-10-28,P007,Running Shoes,Sports,98.71,Yes,0.168,16,1313.81,939.52,2162.28,1845.902857142857,10,5,43,2023
2023-10-29,P007,Running Shoes,Sports,92.18,No,0.0,21,1935.77,1313.81,2565.0,1724.6928571428573,10,6,43,2023
2023-10-30,P007,Running Shoes,Sports,91.71,Yes,0.102,24,1976.01,1935.77,1940.45,1634.802857142857,10,0,44,2023
2023-10-31,P007,Running Shoes,Sports,94.42,No,0.0,19,1793.91,1976.01,2288.96,1639.8828571428571,10,1,44,2023
2023-11-01,P007,Running Shoes,Sports,92.99,No,0.0,30,2789.81,1793.91,1712.51,1569.1614285714288,11,2,44,2023
2023-11-02,P007,Running Shoes,Sports,96.83,No,0.0,19,1839.72,2789.81,1312.6,1723.0614285714287,11,3,44,2023
2023-11-03,P007,Running Shoes,Sports,98.15,Yes,0.184,19,1522.13,1839.72,939.52,1798.3642857142856,11,4,44,2023
2023-11-04,P007,Running Shoes,Sports,95.49,No,0.0,27,2578.19,1522.13,1313.81,1881.5942857142857,11,5,44,2023
2023-11-05,P007,Running Shoes,Sports,90.17,Yes,0.241,37,2533.03,2578.19,1935.77,2062.2200000000003,11,6,44,2023
2023-11-06,P007,Running Shoes,Sports,93.42,Yes,0.22,34,2476.59,2533.03,1976.01,2147.542857142857,11,0,45,2023
2023-11-07,P007,Running Shoes,Sports,97.14,Yes,0.168,33,2668.48,2476.59,1793.91,2219.0542857142855,11,1,45,2023
2023-11-08,P007,Running Shoes,Sports,95.35,Yes,0.243,29,2093.98,2668.48,2789.81,2343.9928571428572,11,2,45,2023
2023-11-09,P007,Running Shoes,Sports,96.3,Yes,0.146,25,2055.78,2093.98,1839.72,2244.5885714285714,11,3,45,2023
2023-11-10,P007,Running Shoes,Sports,96.59,No,0.0,24,2318.25,2055.78,1522.13,2275.4542857142856,11,4,45,2023
2023-11-11,P007,Running Shoes,Sports,91.73,No,0.0,19,1742.83,2318.25,2578.19,2389.1857142857143,11,5,45,2023
2023-11-12,P007,Running Shoes,Sports,89.2,No,0.0,33,2943.68,1742.83,2533.03,2269.8485714285716,11,6,45,2023
2023-11-13,P007,Running Shoes,Sports,92.34,No,0.0,24,2216.15,2943.68,2476.59,2328.5128571428572,11,0,46,2023
2023-11-14,P007,Running Shoes,Sports,99.5,No,0.0,20,1989.96,2216.15,2668.48,2291.307142857143,11,1,46,2023
2023-11-15,P007,Running Shoes,Sports,97.69,No,0.0,29,2833.0,1989.96,2093.98,2194.3757142857144,11,2,46,2023
2023-11-16,P007,Running Shoes,Sports,95.8,No,0.0,21,2011.83,2833.0,2055.78,2299.95,11,3,46,2023
2023-11-17,P007,Running Shoes,Sports,93.35,No,0.0,22,2053.61,2011.83,2318.25,2293.6714285714284,11,4,46,2023
2023-11-18,P007,Running Shoes,Sports,99.04,No,0.0,25,2476.06,2053.61,1742.83,2255.8657142857146,11,5,46,2023
2023-11-19,P007,Running Shoes,Sports,95.41,Yes,0.213,39,2930.21,2476.06,2943.68,2360.612857142857,11,6,46,2023
2023-11-20,P007,Running Shoes,Sports,96.88,No,0.0,31,3003.4,2930.21,2216.15,2358.6885714285713,11,0,47,2023
2023-11-21,P007,Running Shoes,Sports,93.4,No,0.0,25,2335.12,3003.4,1989.96,2471.152857142857,11,1,47,2023
2023-11-22,P007,Running Shoes,Sports,94.93,No,0.0,25,2373.17,2335.12,2833.0,2520.4614285714283,11,2,47,2023
2023-11-23,P007,Running Shoes,Sports,90.68,No,0.0,28,2539.15,2373.17,2011.83,2454.7714285714287,11,3,47,2023
2023-11-24,P007,Running Shoes,Sports,93.95,No,0.0,21,1973.03,2539.15,2053.61,2530.1028571428574,11,4,47,2023
2023-11-25,P007,Running Shoes,Sports,96.51,No,0.0,23,2219.66,1973.03,2476.06,2518.5914285714284,11,5,47,2023
2023-11-26,P007,Running Shoes,Sports,90.31,No,0.0,42,3793.06,2219.66,2930.21,2481.962857142857,11,6,47,2023
2023-11-27,P007,Running Shoes,Sports,103.02,No,0.0,23,2369.36,3793.06,3003.4,2605.227142857143,11,0,48,2023
2023-11-28,P007,Running Shoes,Sports,100.89,No,0.0,22,2219.64,2369.36,2335.12,2514.65,11,1,48,2023
2023-11-29,P007,Running Shoes,Sports,94.83,No,0.0,29,2750.18,2219.64,2373.17,2498.152857142857,11,2,48,2023
2023-11-30,P007,Running Shoes,Sports,96.98,No,0.0,19,1842.58,2750.18,2539.15,2552.011428571429,11,3,48,2023
2023-12-01,P007,Running Shoes,Sports,97.32,No,0.0,34,3308.98,1842.58,1973.03,2452.5014285714283,12,4,48,2023
2023-12-02,P007,Running Shoes,Sports,92.28,No,0.0,28,2583.95,3308.98,2219.66,2643.3514285714286,12,5,48,2023
2023-12-03,P007,Running Shoes,Sports,95.62,No,0.0,25,2390.46,2583.95,3793.06,2695.3928571428573,12,6,48,2023
2023-12-04,P007,Running Shoes,Sports,95.02,Yes,0.177,28,2188.72,2390.46,2369.36,2495.0214285714287,12,0,49,2023
2023-12-05,P007,Running Shoes,Sports,96.61,No,0.0,22,2125.45,2188.72,2219.64,2469.215714285714,12,1,49,2023
2023-12-06,P007,Running Shoes,Sports,92.87,No,0.0,28,2600.4,2125.45,2750.18,2455.7599999999998,12,2,49,2023
2023-12-07,P007,Running Shoes,Sports,96.6,No,0.0,30,2897.9,2600.4,1842.58,2434.362857142857,12,3,49,2023
2023-12-08,P007,Running Shoes,Sports,98.02,No,0.0,26,2548.58,2897.9,3308.98,2585.1228571428574,12,4,49,2023
2023-12-09,P007,Running Shoes,Sports,92.91,Yes,0.076,39,3348.81,2548.58,2583.95,2476.4942857142855,12,5,49,2023
2023-12-10,P007,Running Shoes,Sports,96.08,Yes,0.217,42,3161.11,3348.81,2390.46,2585.7599999999998,12,6,49,2023
2023-12-11,P007,Running Shoes,Sports,83.09,No,0.0,32,2659.0,3161.11,2188.72,2695.8528571428574,12,0,50,2023
2023-12-12,P007,Running Shoes,Sports,97.15,No,0.0,30,2914.47,2659.0,2125.45,2763.035714285714,12,1,50,2023
2023-12-13,P007,Running Shoes,Sports,94.96,No,0.0,24,2278.96,2914.47,2600.4,2875.752857142857,12,2,50,2023
2023-12-14,P007,Running Shoes,Sports,93.02,No,0.0,22,2046.36,2278.96,2897.9,2829.8328571428574,12,3,50,2023
2023-12-15,P007,Running Shoes,Sports,93.29,No,0.0,33,3078.69,2046.36,2548.58,2708.184285714285,12,4,50,2023
2023-12-16,P007,Running Shoes,Sports,97.48,No,0.0,38,3704.06,3078.69,3348.81,2783.914285714286,12,5,50,2023
2023-12-17,P007,Running Shoes,Sports,90.31,Yes,0.099,36,2929.07,3704.06,3161.11,2834.6642857142856,12,6,50,2023
2023-12-18,P007,Running Shoes,Sports,91.21,No,0.0,24,2189.12,2929.07,2659.0,2801.5157142857142,12,0,51,2023
2023-12-19,P007,Running Shoes,Sports,95.18,Yes,0.168,30,2375.01,2189.12,2914.47,2734.39,12,1,51,2023
2023-12-20,P007,Running Shoes,Sports,98.88,No,0.0,41,4054.1,2375.01,2278.96,2657.324285714286,12,2,51,2023
2023-12-21,P007,Running Shoes,Sports,94.77,No,0.0,33,3127.32,4054.1,2046.36,2910.9157142857143,12,3,51,2023
2023-12-22,P007,Running Shoes,Sports,95.98,No,0.0,45,4319.3,3127.32,3078.69,3065.3385714285714,12,4,51,2023
2023-12-23,P007,Running Shoes,Sports,97.44,Yes,0.2,42,3273.08,4319.3,3704.06,3242.568571428572,12,5,51,2023
2023-12-24,P007,Running Shoes,Sports,98.24,Yes,0.085,50,4496.24,3273.08,2929.07,3181.0,12,6,51,2023
2023-12-25,P007,Running Shoes,Sports,93.54,Yes,0.215,38,2791.71,4496.24,2189.12,3404.8814285714284,12,0,52,2023
2023-12-26,P007,Running Shoes,Sports,88.55,No,0.0,36,3187.94,2791.71,2375.01,3490.9657142857145,12,1,52,2023
2023-12-27,P007,Running Shoes,Sports,95.06,Yes,0.077,48,4211.89,3187.94,4054.1,3607.098571428571,12,2,52,2023
2023-12-28,P007,Running Shoes,Sports,96.49,No,0.0,36,3473.6,4211.89,3127.32,3629.6400000000003,12,3,52,2023
2023-12-29,P007,Running Shoes,Sports,98.92,No,0.0,36,3561.24,3473.6,4319.3,3679.108571428572,12,4,52,2023
2023-12-30,P007,Running Shoes,Sports,95.01,No,0.0,14,1330.15,3561.24,3273.08,3570.8142857142852,12,5,52,2023
2023-12-31,P007,Running Shoes,Sports,94.82,Yes,0.204,35,2640.57,1330.15,4496.24,3293.252857142857,12,6,52,2023
2024-01-01,P007,Running Shoes,Sports,85.73,Yes,0.077,50,3956.01,2640.57,2791.71,3028.157142857143,1,0,1,2024
2024-01-02,P007,Running Shoes,Sports,96.64,Yes,0.087,39,3439.94,3956.01,3187.94,3194.4857142857145,1,1,1,2024
2024-01-03,P007,Running Shoes,Sports,92.5,No,0.0,30,2775.09,3439.94,4211.89,3230.4857142857145,1,2,1,2024
2024-01-04,P007,Running Shoes,Sports,93.97,No,0.0,24,2255.29,2775.09,3473.6,3025.2285714285717,1,3,1,2024
2024-01-05,P007,Running Shoes,Sports,92.23,Yes,0.228,27,1922.66,2255.29,3561.24,2851.184285714286,1,4,1,2024
2024-01-06,P007,Running Shoes,Sports,99.03,No,0.0,17,1683.57,1922.66,1330.15,2617.101428571429,1,5,1,2024
2024-01-07,P007,Running Shoes,Sports,92.5,Yes,0.162,30,2324.34,1683.57,2640.57,2667.59,1,6,1,2024
2024-01-08,P007,Running Shoes,Sports,93.55,No,0.0,21,1964.61,2324.34,3956.01,2622.414285714286,1,0,2,2024
2024-01-09,P007,Running Shoes,Sports,94.23,No,0.0,16,1507.69,1964.61,3439.94,2337.9285714285716,1,1,2,2024
2024-01-10,P007,Running Shoes,Sports,98.05,Yes,0.22,36,2753.12,1507.69,2775.09,2061.8928571428573,1,2,2,2024
2024-01-11,P007,Running Shoes,Sports,96.27,Yes,0.12,35,2963.95,2753.12,2255.29,2058.7542857142857,1,3,2,2024
2024-01-12,P007,Running Shoes,Sports,98.59,No,0.0,12,1183.04,2963.95,1922.66,2159.9914285714285,1,4,2,2024
2024-01-13,P007,Running Shoes,Sports,90.09,No,0.0,26,2342.43,1183.04,1683.57,2054.3314285714287,1,5,2,2024
2024-01-14,P007,Running Shoes,Sports,92.91,No,0.0,20,1858.17,2342.43,2324.34,2148.4542857142856,1,6,2,2024
2024-01-15,P007,Running Shoes,Sports,97.09,Yes,0.232,29,2161.63,1858.17,1964.61,2081.8585714285714,1,0,3,2024
2024-01-16,P007,Running Shoes,Sports,96.93,Yes,0.244,24,1759.18,2161.63,1507.69,2110.0042857142857,1,1,3,2024
2024-01-17,P007,Running Shoes,Sports,95.04,No,0.0,15,1425.59,1759.18,2753.12,2145.9314285714286,1,2,3,2024
2024-01-18,P007,Running Shoes,Sports,91.67,No,0.0,23,2108.52,1425.59,2963.95,1956.284285714286,1,3,3,2024
2024-01-19,P007,Running Shoes,Sports,94.84,No,0.0,19,1801.87,2108.52,1183.04,1834.08,1,4,3,2024
2024-01-20,P007,Running Shoes,Sports,101.54,No,0.0,30,3046.19,1801.87,2342.43,1922.484285714286,1,5,3,2024
2024-01-21,P007,Running Shoes,Sports,94.03,No,0.0,23,2162.58,3046.19,1858.17,2023.0214285714287,1,6,3,2024
2024-01-22,P007,Running Shoes,Sports,92.92,Yes,0.179,41,3128.76,2162.58,2161.63,2066.5085714285715,1,0,4,2024
2024-01-23,P007,Running Shoes,Sports,98.01,No,0.0,29,2842.17,3128.76,1759.18,2204.6699999999996,1,1,4,2024
2024-01-24,P007,Running Shoes,Sports,95.34,No,0.0,29,2764.91,2842.17,1425.59,2359.382857142857,1,2,4,2024
2024-01-25,P007,Running Shoes,Sports,89.32,No,0.0,24,2143.79,2764.91,2108.52,2550.714285714286,1,3,4,2024
2024-01-26,P007,Running Shoes,Sports,93.15,No,,18,1676.74,2143.79,1801.87,2555.752857142857,1,4,4,2024
2024-01-27,P007,Running Shoes,Sports,101.34,No,0.0,28,2837.51,1676.74,3046.19,2537.8771428571426,1,5,4,2024
2024-01-28,P007,Running Shoes,Sports,94.88,No,0.0,31,2941.42,2837.51,2162.58,2508.065714285714,1,6,4,2024
2024-01-29,P007,Running Shoes,Sports,93.09,No,0.0,19,1768.75,2941.42,3128.76,2619.328571428571,1,0,5,2024
2024-01-30,P007,Running Shoes,Sports,94.06,No,0.0,28,2633.59,1768.75,2842.17,2425.0414285714287,1,1,5,2024
2024-01-31,P007,Running Shoes,Sports,97.48,No,0.0,20,1949.51,2633.59,2764.91,2395.2442857142855,1,2,5,2024
2024-02-01,P007,Running Shoes,Sports,91.6,No,0.0,25,2290.0,1949.51,2143.79,2278.7585714285715,2,3,5,2024
2024-02-02,P007,Running Shoes,Sports,89.86,No,0.0,28,2516.07,2290.0,1676.74,2299.6457142857143,2,4,5,2024
2024-02-03,P007,Running Shoes,Sports,96.92,No,0.0,26,2519.9,2516.07,2837.51,2419.55,2,5,5,2024
2024-02-04,P007,Running Shoes,Sports,96.56,No,0.0,26,2510.49,2519.9,2941.42,2374.1771428571433,2,6,5,2024
2024-02-05,P007,Running Shoes,Sports,93.09,Yes,0.097,26,2186.64,2510.49,1768.75,2312.6157142857146,2,0,6,2024
2024-02-06,P007,Running Shoes,Sports,96.18,No,0.0,26,2500.69,2186.64,2633.59,2372.3142857142857,2,1,6,2024
2024-02-07,P007,Running Shoes,Sports,95.14,Yes,0.124,37,3085.04,2500.69,1949.51,2353.328571428571,2,2,6,2024
2024-02-08,P007,Running Shoes,Sports,99.4,Yes,0.132,31,2673.79,3085.04,2290.0,2515.547142857143,2,3,6,2024
2024-02-09,P007,Running Shoes,Sports,96.08,Yes,0.114,41,3488.89,2673.79,2516.07,2570.3742857142856,2,4,6,2024
2024-02-10,P007,Running Shoes,Sports,95.02,No,0.0,26,2470.45,3488.89,2519.9,2709.348571428571,2,5,6,2024
2024-02-11,P007,Running Shoes,Sports,92.52,No,0.0,30,2775.45,2470.45,2510.49,2702.2842857142855,2,6,6,2024
2024-02-12,P007,Running Shoes,Sports,94.93,No,0.0,25,2373.18,2775.45,2186.64,2740.1357142857146,2,0,7,2024
2024-02-13,P007,Running Shoes,Sports,93.72,No,0.0,31,2905.21,2373.18,2500.69,2766.784285714286,2,1,7,2024
2024-02-14,P007,Running Shoes,Sports,93.87,Yes,0.154,26,2063.51,2905.21,3085.04,2824.5728571428567,2,2,7,2024
2024-02-15,P007,Running Shoes,Sports,97.14,No,0.0,31,3011.26,2063.51,2673.79,2678.6400000000003,2,3,7,2024
2024-02-16,P007,Running Shoes,Sports,93.58,Yes,0.093,35,2971.62,3011.26,3488.89,2726.85,2,4,7,2024
2024-02-17,P007,Running Shoes,Sports,97.23,No,0.0,33,3208.56,2971.62,2470.45,2652.9542857142856,2,5,7,2024
2024-02-18,P007,Running Shoes,Sports,96.03,No,0.0,26,2496.79,3208.56,2775.45,2758.3985714285714,2,6,7,2024
2024-02-19,P007,Running Shoes,Sports,91.47,No,0.0,24,2195.24,2496.79,2373.18,2718.59,2,0,8,2024
2024-02-20,P007,Running Shoes,Sports,88.89,Yes,0.141,26,1986.23,2195.24,2905.21,2693.1699999999996,2,1,8,2024
2024-02-21,P007,Running Shoes,Sports,95.24,Yes,0.214,32,2394.9,1986.23,2063.51,2561.887142857143,2,2,8,2024
2024-02-22,P007,Running Shoes,Sports,92.11,No,0.0,24,2210.65,2394.9,3011.26,2609.2285714285713,2,3,8,2024
2024-02-23,P007,Running Shoes,Sports,98.88,No,0.0,31,3065.2,2210.65,2971.62,2494.855714285714,2,4,8,2024
2024-02-24,P007,Running Shoes,Sports,95.74,Yes,0.246,37,2669.6,3065.2,3208.56,2508.2242857142855,2,5,8,2024
2024-02-25,P007,Running Shoes,Sports,90.63,No,0.0,39,3534.69,2669.6,2496.79,2431.23,2,6,8,2024
2024-02-26,P007,Running Shoes,Sports,96.1,Yes,0.241,33,2406.72,3534.69,2195.24,2579.5014285714287,2,0,9,2024
2024-02-27,P007,Running Shoes,Sports,89.39,Yes,0.175,27,1990.33,2406.72,1986.23,2609.7128571428575,2,1,9,2024
2024-02-28,P007,Running Shoes,Sports,92.9,No,0.0,23,2136.62,1990.33,2394.9,2610.2985714285714,2,2,9,2024
2024-02-29,P007,Running Shoes,Sports,95.56,No,0.0,27,2580.21,2136.62,2210.65,2573.4014285714284,2,3,9,2024
2024-03-01,P007,Running Shoes,Sports,97.58,No,0.0,28,2732.29,2580.21,3065.2,2626.195714285714,3,4,9,2024
2024-03-02,P007,Running Shoes,Sports,98.98,No,0.0,21,2078.5,2732.29,2669.6,2578.637142857143,3,5,9,2024
2024-03-03,P007,Running Shoes,Sports,91.03,Yes,0.221,32,2269.26,2078.5,3534.69,2494.194285714286,3,6,9,2024
2024-03-04,P007,Running Shoes,Sports,96.5,No,0.0,25,2412.54,2269.26,2406.72,2313.4185714285713,3,0,10,2024
2024-03-05,P007,Running Shoes,Sports,98.76,No,0.0,28,2765.42,2412.54,1990.33,2314.25,3,1,10,2024
2024-03-06,P007,Running Shoes,Sports,98.49,No,0.0,27,2659.15,2765.42,2136.62,2424.977142857143,3,2,10,2024
2024-03-07,P007,Running Shoes,Sports,100.08,No,0.0,28,2802.21,2659.15,2580.21,2499.6242857142856,3,3,10,2024
2024-03-08,P007,Running Shoes,Sports,94.78,Yes,0.063,27,2396.88,2802.21,2732.29,2531.338571428572,3,4,10,2024
2024-03-09,P007,Running Shoes,Sports,91.42,No,0.0,28,2559.69,2396.88,2078.5,2483.422857142857,3,5,10,2024
2024-03-10,P007,Running Shoes,Sports,96.53,No,0.0,23,2220.2,2559.69,2269.26,2552.164285714286,3,6,10,2024
2024-03-11,P007,Running Shoes,Sports,99.89,No,0.0,22,2197.61,2220.2,2412.54,2545.155714285714,3,0,11,2024
2024-03-12,P007,Running Shoes,Sports,93.54,No,0.0,24,2245.03,2197.61,2765.42,2514.4514285714286,3,1,11,2024
2024-03-13,P007,Running Shoes,Sports,95.3,Yes,0.244,34,2449.09,2245.03,2659.15,2440.11,3,2,11,2024
2024-03-14,P007,Running Shoes,Sports,87.81,No,0.0,21,1844.08,2449.09,2802.21,2410.1014285714286,3,3,11,2024
2024-03-15,P007,Running Shoes,Sports,92.0,Yes,0.214,39,2820.31,1844.08,2396.88,2273.2257142857143,3,4,11,2024
2024-03-16,P007,Running Shoes,Sports,94.39,Yes,0.193,46,3503.08,2820.31,2559.69,2333.7157142857145,3,5,11,2024
2024-03-17,P007,Running Shoes,Sports,95.66,No,0.0,29,2774.23,3503.08,2220.2,2468.4857142857145,3,6,11,2024
2024-03-18,P007,Running Shoes,Sports,97.67,No,0.0,20,1953.36,2774.23,2197.61,2547.632857142857,3,0,12,2024
2024-03-19,P007,Running Shoes,Sports,95.83,No,0.0,23,2204.1,1953.36,2245.03,2512.7400000000002,3,1,12,2024
2024-03-20,P007,Running Shoes,Sports,98.64,No,0.0,35,3452.28,2204.1,2449.09,2506.8928571428573,3,2,12,2024
2024-03-21,P007,Running Shoes,Sports,98.5,Yes,0.167,23,1887.4,3452.28,1844.08,2650.2057142857143,3,3,12,2024
2024-03-22,P007,Running Shoes,Sports,94.09,Yes,0.148,44,3525.42,1887.4,2820.31,2656.3942857142856,3,4,12,2024
2024-03-23,P007,Running Shoes,Sports,96.31,No,0.0,31,2985.46,3525.42,3503.08,2757.124285714286,3,5,12,2024
2024-03-24,P007,Running Shoes,Sports,88.1,No,0.0,36,3171.5,2985.46,2774.23,2683.1785714285716,3,6,12,2024
2024-03-25,P007,Running Shoes,Sports,94.19,No,0.0,20,1883.81,3171.5,1953.36,2739.9314285714286,3,0,13,2024
2024-03-26,P007,Running Shoes,Sports,85.27,No,0.0,28,2387.66,1883.81,2204.1,2729.995714285714,3,1,13,2024
2024-03-27,P007,Running Shoes,Sports,101.09,No,0.0,26,2628.33,2387.66,3452.28,2756.218571428571,3,2,13,2024
2024-03-28,P007,Running Shoes,Sports,89.53,No,0.0,19,1701.14,2628.33,1887.4,2638.5114285714285,3,3,13,2024
2024-03-29,P007,Running Shoes,Sports,100.93,No,0.0,18,1816.75,1701.14,3525.42,2611.9028571428576,3,4,13,2024
2024-03-30,P007,Running Shoes,Sports,91.46,Yes,0.106,45,3679.61,1816.75,2985.46,2367.807142857143,3,5,13,2024
2024-03-31,P007,Running Shoes,Sports,92.17,No,0.0,17,1566.84,3679.61,3171.5,2466.971428571429,3,6,13,2024
2024-04-01,P007,Running Shoes,Sports,89.92,Yes,0.074,29,2415.91,1566.84,1883.81,2237.7342857142858,4,0,14,2024
2024-04-02,P007,Running Shoes,Sports,96.91,Yes,0.211,26,1987.68,2415.91,2387.66,2313.7485714285713,4,1,14,2024
2024-04-03,P007,Running Shoes,Sports,98.62,No,,26,2563.99,1987.68,2628.33,2256.6085714285714,4,2,14,2024
2024-04-04,P007,Running Shoes,Sports,93.44,No,0.0,33,3083.68,2563.99,1701.14,2247.417142857143,4,3,14,2024
2024-04-05,P007,Running Shoes,Sports,89.52,No,0.0,26,2327.5,3083.68,1816.75,2444.922857142857,4,4,14,2024
2024-04-06,P007,Running Shoes,Sports,96.95,No,0.0,32,3102.55,2327.5,3679.61,2517.887142857143,4,5,14,2024
2024-04-07,P007,Running Shoes,Sports,97.48,No,0.0,39,3801.88,3102.55,1566.84,2435.4500000000003,4,6,14,2024
2024-04-08,P007,Running Shoes,Sports,101.84,No,0.0,27,2749.67,3801.88,2415.91,2754.7414285714285,4,0,15,2024
2024-04-09,P007,Running Shoes,Sports,92.36,No,0.0,31,2863.15,2749.67,1987.68,2802.421428571429,4,1,15,2024
2024-04-10,P007,Running Shoes,Sports,98.45,No,0.0,26,2559.8,2863.15,2563.99,2927.488571428571,4,2,15,2024
2024-04-11,P007,Running Shoes,Sports,94.26,Yes,0.112,46,3849.99,2559.8,3083.68,2926.8900000000003,4,3,15,2024
2024-04-12,P007,Running Shoes,Sports,96.13,No,0.0,24,2307.07,3849.99,2327.5,3036.362857142857,4,4,15,2024
2024-04-13,P007,Running Shoes,Sports,96.47,No,0.0,32,3087.12,2307.07,3102.55,3033.444285714286,4,5,15,2024
2024-04-14,P007,Running Shoes,Sports,98.1,Yes,0.21,34,2634.42,3087.12,3801.88,3031.2400000000002,4,6,15,2024
2024-04-15,P007,Running Shoes,Sports,91.9,Yes,0.096,32,2658.52,2634.42,2749.67,2864.46,4,0,16,2024
2024-04-16,P007,Running Shoes,Sports,95.2,No,0.0,34,3236.82,2658.52,2863.15,2851.4385714285713,4,1,16,2024
2024-04-17,P007,Running Shoes,Sports,92.64,No,0.0,32,2964.6,3236.82,2559.8,2904.8199999999997,4,2,16,2024
2024-04-18,P007,Running Shoes,Sports,98.83,No,0.0,34,3360.19,2964.6,3849.99,2962.6485714285714,4,3,16,2024
2024-04-19,P007,Running Shoes,Sports,98.27,Yes,0.072,37,3374.81,3360.19,2307.07,2892.6771428571433,4,4,16,2024
2024-04-20,P007,Running Shoes,Sports,96.39,No,0.0,34,3277.16,3374.81,3087.12,3045.211428571429,4,5,16,2024
2024-04-21,P007,Running Shoes,Sports,94.19,No,0.0,28,2637.42,3277.16,2634.42,3072.3599999999997,4,6,16,2024
2024-04-22,P007,Running Shoes,Sports,97.19,No,0.0,24,2332.64,2637.42,2658.52,3072.7885714285717,4,0,17,2024
2024-04-23,P007,Running Shoes,Sports,97.69,No,0.0,37,3614.67,2332.64,3236.82,3026.2342857142858,4,1,17,2024
2024-04-24,P007,Running Shoes,Sports,92.23,No,0.0,28,2582.55,3614.67,2964.6,3080.2128571428575,4,2,17,2024
2024-04-25,P007,Running Shoes,Sports,93.91,Yes,0.082,27,2326.9,2582.55,3360.19,3025.6342857142854,4,3,17,2024
2024-04-26,P007,Running Shoes,Sports,91.08,No,0.0,25,2276.89,2326.9,3374.81,2878.0214285714287,4,4,17,2024
2024-04-27,P007,Running Shoes,Sports,93.57,Yes,0.233,40,2869.94,2276.89,3277.16,2721.1757142857145,4,5,17,2024
2024-04-28,P007,Running Shoes,Sports,97.44,Yes,0.096,44,3876.1,2869.94,2637.42,2663.0014285714287,4,6,17,2024
2024-04-29,P007,Running Shoes,Sports,94.06,No,0.0,33,3104.03,3876.1,2332.64,2839.9557142857143,4,0,18,2024
2024-04-30,P007,Running Shoes,Sports,96.15,Yes,0.101,37,3196.56,3104.03,3614.67,2950.154285714286,4,1,18,2024
2024-05-01,P007,Running Shoes,Sports,97.7,No,0.0,32,3126.49,3196.56,2582.55,2890.4242857142854,5,2,18,2024
2024-05-02,P007,Running Shoes,Sports,94.37,No,0.0,27,2547.92,3126.49,2326.9,2968.13,5,3,18,2024
2024-05-03,P007,Running Shoes,Sports,92.68,No,0.0,22,2039.05,2547.92,2276.89,2999.7042857142856,5,4,18,2024
2024-05-04,P007,Running Shoes,Sports,95.14,No,0.0,25,2378.6,2039.05,2869.94,2965.727142857143,5,5,18,2024
2024-05-05,P007,Running Shoes,Sports,99.99,Yes,0.067,38,3546.21,2378.6,3876.1,2895.535714285714,5,6,18,2024
2024-05-06,P007,Running Shoes,Sports,92.62,No,0.0,30,2778.55,3546.21,3104.03,2848.4085714285716,5,0,19,2024
2024-05-07,P007,Running Shoes,Sports,93.15,No,0.0,40,3726.09,2778.55,3196.56,2801.911428571428,5,1,19,2024
2024-05-08,P007,Running Shoes,Sports,96.96,No,0.0,30,2908.77,3726.09,3126.49,2877.558571428572,5,2,19,2024
2024-05-09,P007,Running Shoes,Sports,96.96,No,0.0,21,2036.25,2908.77,2547.92,2846.4557142857143,5,3,19,2024
2024-05-10,P007,Running Shoes,Sports,99.82,No,0.0,20,1996.39,2036.25,2039.05,2773.36,5,4,19,2024
2024-05-11,P007,Running Shoes,Sports,97.53,No,0.0,23,2243.22,1996.39,2378.6,2767.2657142857142,5,5,19,2024
2024-05-12,P007,Running Shoes,Sports,94.22,No,0.0,33,3109.41,2243.22,3546.21,2747.925714285714,5,6,19,2024
2024-05-13,P007,Running Shoes,Sports,92.38,No,0.0,27,2494.35,3109.41,2778.55,2685.5257142857145,5,0,20,2024
2024-05-14,P007,Running Shoes,Sports,86.98,Yes,0.094,32,2522.76,2494.35,3726.09,2644.925714285714,5,1,20,2024
2024-05-15,P007,Running Shoes,Sports,90.4,No,0.0,31,2802.29,2522.76,2908.77,2473.0214285714287,5,2,20,2024
2024-05-16,P007,Running Shoes,Sports,95.09,No,0.0,32,3042.82,2802.29,2036.25,2457.81,5,3,20,2024
2024-05-17,P007,Running Shoes,Sports,86.01,No,0.0,24,2064.17,3042.82,1996.39,2601.605714285714,5,4,20,2024
2024-05-18,P007,Running Shoes,Sports,100.22,No,0.0,39,3908.69,2064.17,2243.22,2611.2885714285717,5,5,20,2024
2024-05-19,P007,Running Shoes,Sports,91.27,No,0.0,25,2281.67,3908.69,3109.41,2849.212857142857,5,6,20,2024
2024-05-20,P007,Running Shoes,Sports,95.22,No,0.0,21,1999.65,2281.67,2494.35,2730.964285714286,5,0,21,2024
2024-05-21,P007,Running Shoes,Sports,94.85,No,0.0,34,3225.01,1999.65,2522.76,2660.2928571428574,5,1,21,2024
2024-05-22,P007,Running Shoes,Sports,89.25,No,0.0,20,1785.0,3225.01,2802.29,2760.6142857142863,5,2,21,2024
2024-05-23,P007,Running Shoes,Sports,99.09,No,0.0,26,2576.35,1785.0,3042.82,2615.287142857143,5,3,21,2024
2024-05-24,P007,Running Shoes,Sports,90.86,Yes,0.121,32,2556.21,2576.35,2064.17,2548.6485714285714,5,4,21,2024
2024-05-25,P007,Running Shoes,Sports,97.35,No,0.0,35,3407.37,2556.21,3908.69,2618.94,5,5,21,2024
2024-05-26,P007,Running Shoes,Sports,96.04,No,0.0,24,2304.85,3407.37,2281.67,2547.3228571428567,5,6,21,2024
2024-05-27,P007,Running Shoes,Sports,100.5,No,0.0,25,2512.39,2304.85,1999.65,2550.6342857142854,5,0,22,2024
2024-05-28,P007,Running Shoes,Sports,96.13,No,0.0,27,2595.58,2512.39,3225.01,2623.882857142857,5,1,22,2024
2024-05-29,P007,Running Shoes,Sports,97.29,No,0.0,32,3113.16,2595.58,1785.0,2533.964285714286,5,2,22,2024
2024-05-30,P007,Running Shoes,Sports,96.83,No,0.0,37,3582.64,3113.16,2576.35,2723.7014285714286,5,3,22,2024
2024-05-31,P007,Running Shoes,Sports,87.14,No,0.0,24,2091.38,3582.64,2556.21,2867.457142857143,5,4,22,2024
2024-06-01,P007,Running Shoes,Sports,98.95,No,0.0,31,3067.41,2091.38,3407.37,2801.052857142857,6,5,22,2024
2024-06-02,P007,Running Shoes,Sports,94.08,No,0.0,22,2069.75,3067.41,2304.85,2752.4871428571428,6,6,22,2024
2024-06-03,P007,Running Shoes,Sports,98.33,No,0.0,21,2064.87,2069.75,2512.39,2718.901428571429,6,0,23,2024
2024-06-04,P007,Running Shoes,Sports,96.7,No,0.0,33,3191.18,2064.87,2595.58,2654.9700000000003,6,1,23,2024
2024-06-05,P007,Running Shoes,Sports,90.98,No,0.0,23,2092.51,3191.18,3113.16,2740.055714285714,6,2,23,2024
2024-06-06,P007,Running Shoes,Sports,98.78,No,0.0,26,2568.22,2092.51,3582.64,2594.2485714285713,6,3,23,2024
2024-06-07,P007,Running Shoes,Sports,97.95,Yes,0.202,30,2346.25,2568.22,2091.38,2449.3314285714287,6,4,23,2024
2024-06-08,P007,Running Shoes,Sports,97.71,No,0.0,41,4006.04,2346.25,3067.41,2485.7414285714285,6,5,23,2024
2024-06-09,P007,Running Shoes,Sports,97.01,No,0.0,24,2328.2,4006.04,2069.75,2619.8314285714287,6,6,23,2024
2024-06-10,P007,Running Shoes,Sports,90.93,No,0.0,29,2636.88,2328.2,2064.87,2656.7528571428566,6,0,24,2024
2024-06-11,P007,Running Shoes,Sports,100.81,No,0.0,32,3225.85,2636.88,3191.18,2738.468571428571,6,1,24,2024
2024-06-12,P007,Running Shoes,Sports,93.31,No,0.0,29,2705.86,3225.85,2092.51,2743.421428571429,6,2,24,2024
2024-06-13,P007,Running Shoes,Sports,94.89,No,0.0,25,2372.32,2705.86,2568.22,2831.0428571428574,6,3,24,2024
2024-06-14,P007,Running Shoes,Sports,97.78,No,0.0,29,2835.57,2372.32,2346.25,2803.057142857143,6,4,24,2024
2024-06-15,P007,Running Shoes,Sports,95.08,No,0.0,33,3137.56,2835.57,4006.04,2872.96,6,5,24,2024
2024-06-16,P007,Running Shoes,Sports,92.01,No,0.0,34,3128.5,3137.56,2328.2,2748.891428571428,6,6,24,2024
2024-06-17,P007,Running Shoes,Sports,99.58,Yes,0.183,41,3337.41,3128.5,2636.88,2863.2200000000003,6,0,25,2024
2024-06-18,P007,Running Shoes,Sports,94.65,No,0.0,25,2366.31,3337.41,3225.85,2963.2957142857144,6,1,25,2024
2024-06-19,P007,Running Shoes,Sports,90.71,No,0.0,23,2086.44,2366.31,2705.86,2840.5042857142857,6,2,25,2024
2024-06-20,P007,Running Shoes,Sports,102.25,Yes,0.142,32,2807.15,2086.44,2372.32,2752.015714285714,6,3,25,2024
2024-06-21,P007,Running Shoes,Sports,96.32,No,0.0,24,2311.57,2807.15,2835.57,2814.1342857142854,6,4,25,2024
2024-06-22,P007,Running Shoes,Sports,104.3,Yes,0.191,31,2615.57,2311.57,3137.56,2739.2771428571427,6,5,25,2024
2024-06-23,P007,Running Shoes,Sports,94.56,No,0.0,24,2269.43,2615.57,3128.5,2664.707142857143,6,6,25,2024
2024-06-24,P007,Running Shoes,Sports,96.57,Yes,0.219,29,2186.74,2269.43,3337.41,2541.9828571428575,6,0,26,2024
2024-06-25,P007,Running Shoes,Sports,98.54,No,0.0,26,2561.99,2186.74,2366.31,2377.6014285714286,6,1,26,2024
2024-06-26,P007,Running Shoes,Sports,92.25,No,0.0,32,2951.95,2561.99,2086.44,2405.555714285714,6,2,26,2024
2024-06-27,P007,Running Shoes,Sports,94.84,No,0.0,24,2276.17,2951.95,2807.15,2529.2,6,3,26,2024
2024-06-28,P007,Running Shoes,Sports,98.27,No,0.0,33,3242.84,2276.17,2311.57,2453.345714285714,6,4,26,2024
2024-06-29,P007,Running Shoes,Sports,93.51,No,0.0,29,2711.82,3242.84,2615.57,2586.3842857142854,6,5,26,2024
2024-06-30,P007,Running Shoes,Sports,98.4,Yes,0.128,40,3433.6,2711.82,2269.43,2600.134285714286,6,6,26,2024
2024-07-01,P007,Running Shoes,Sports,90.85,Yes,0.18,29,2160.69,3433.6,2186.74,2766.444285714286,7,0,27,2024
2024-07-02,P007,Running Shoes,Sports,100.09,No,0.0,26,2602.25,2160.69,2561.99,2762.722857142857,7,1,27,2024
2024-07-03,P007,Running Shoes,Sports,91.52,No,0.0,37,3386.32,2602.25,2951.95,2768.4742857142855,7,2,27,2024
2024-07-04,P007,Running Shoes,Sports,100.68,No,0.0,20,2013.66,3386.32,2276.17,2830.5271428571427,7,3,27,2024
2024-07-05,P007,Running Shoes,Sports,91.92,No,0.0,33,3033.34,2013.66,3242.84,2793.0257142857145,7,4,27,2024
2024-07-06,P007,Running Shoes,Sports,88.85,No,0.0,29,2576.55,3033.34,2711.82,2763.097142857143,7,5,27,2024
2024-07-07,P007,Running Shoes,Sports,99.05,No,0.0,32,3169.71,2576.55,3433.6,2743.772857142857,7,6,27,2024
2024-07-08,P007,Running Shoes,Sports,92.38,No,0.0,27,2494.15,3169.71,2160.69,2706.074285714286,7,0,28,2024
2024-07-09,P007,Running Shoes,Sports,90.78,No,0.0,33,2995.75,2494.15,2602.25,2753.711428571429,7,1,28,2024
2024-07-10,P007,Running Shoes,Sports,99.7,No,0.0,31,3090.81,2995.75,3386.32,2809.9257142857145,7,2,28,2024
2024-07-11,P007,Running Shoes,Sports,98.24,No,0.0,19,1866.52,3090.81,2013.66,2767.71,7,3,28,2024
2024-07-12,P007,Running Shoes,Sports,89.77,No,0.0,29,2603.27,1866.52,3033.34,2746.69,7,4,28,2024
2024-07-13,P007,Running Shoes,Sports,98.03,Yes,0.167,36,2941.24,2603.27,2576.55,2685.2514285714287,7,5,28,2024
2024-07-14,P007,Running Shoes,Sports,95.29,No,0.0,27,2572.83,2941.24,3169.71,2737.35,7,6,28,2024
2024-07-15,P007,Running Shoes,Sports,92.55,No,0.0,28,2591.52,2572.83,2494.15,2652.0814285714287,7,0,29,2024
2024-07-16,P007,Running Shoes,Sports,95.73,No,0.0,33,3159.03,2591.52,2995.75,2665.9914285714285,7,1,29,2024
2024-07-17,P007,Running Shoes,Sports,96.39,No,0.0,22,2120.67,3159.03,3090.81,2689.317142857143,7,2,29,2024
2024-07-18,P007,Running Shoes,Sports,87.66,No,0.0,24,2103.77,2120.67,1866.52,2550.725714285714,7,3,29,2024
2024-07-19,P007,Running Shoes,Sports,88.89,No,0.0,26,2311.12,2103.77,2603.27,2584.6185714285716,7,4,29,2024
2024-07-20,P007,Running Shoes,Sports,91.87,No,0.0,30,2756.03,2311.12,2941.24,2542.882857142857,7,5,29,2024
2024-07-21,P007,Running Shoes,Sports,96.77,No,0.0,33,3193.26,2756.03,2572.83,2516.424285714286,7,6,29,2024
2024-07-22,P007,Running Shoes,Sports,97.73,No,0.0,25,2443.28,3193.26,2591.52,2605.057142857143,7,0,30,2024
2024-07-23,P007,Running Shoes,Sports,97.58,No,0.0,27,2634.7,2443.28,3159.03,2583.88,7,1,30,2024
2024-07-24,P007,Running Shoes,Sports,96.14,No,0.0,28,2691.82,2634.7,2120.67,2508.9757142857147,7,2,30,2024
2024-07-25,P007,Running Shoes,Sports,95.63,No,0.0,23,2199.49,2691.82,2103.77,2590.5685714285714,7,3,30,2024
2024-07-26,P007,Running Shoes,Sports,93.05,No,0.0,32,2977.54,2199.49,2311.12,2604.2428571428572,7,4,30,2024
2024-07-27,P007,Running Shoes,Sports,91.42,Yes,0.062,37,3171.86,2977.54,2756.03,2699.445714285714,7,5,30,2024
2024-07-28,P007,Running Shoes,Sports,94.15,No,0.0,37,3483.73,3171.86,3193.26,2758.85,7,6,30,2024
2024-07-29,P007,Running Shoes,Sports,93.49,No,0.0,21,1963.36,3483.73,2443.28,2800.345714285714,7,0,31,2024
2024-07-30,P007,Running Shoes,Sports,94.55,No,0.0,23,2174.57,1963.36,2634.7,2731.785714285714,7,1,31,2024
2024-07-31,P007,Running Shoes,Sports,96.2,No,0.0,36,3463.19,2174.57,2691.82,2666.052857142857,7,2,31,2024
2024-08-01,P007,Running Shoes,Sports,93.43,No,0.0,18,1681.8,3463.19,2199.49,2776.2485714285717,8,3,31,2024
2024-08-02,P007,Running Shoes,Sports,95.37,Yes,0.173,34,2682.92,1681.8,2977.54,2702.292857142857,8,4,31,2024
2024-08-03,P007,Running Shoes,Sports,97.28,No,0.0,25,2431.94,2682.92,3171.86,2660.2042857142856,8,5,31,2024
2024-08-04,P007,Running Shoes,Sports,101.15,No,0.0,30,3034.6,2431.94,3483.73,2554.5014285714287,8,6,31,2024
2024-08-05,P007,Running Shoes,Sports,96.38,Yes,,26,1969.83,3034.6,1963.36,2490.34,8,0,32,2024
2024-08-06,P007,Running Shoes,Sports,98.65,No,0.0,17,1676.97,1969.83,2174.57,2491.2642857142855,8,1,32,2024
2024-08-07,P007,Running Shoes,Sports,90.25,Yes,0.232,34,2355.56,1676.97,3463.19,2420.1785714285716,8,2,32,2024
2024-08-08,P007,Running Shoes,Sports,96.5,No,0.0,14,1351.06,2355.56,1681.8,2261.945714285714,8,3,32,2024
2024-08-09,P007,Running Shoes,Sports,96.86,No,0.0,24,2324.67,1351.06,2682.92,2214.697142857143,8,4,32,2024
2024-08-10,P007,Running Shoes,Sports,97.72,No,0.0,21,2052.05,2324.67,2431.94,2163.5185714285712,8,5,32,2024
2024-08-11,P007,Running Shoes,Sports,91.84,No,0.0,34,3122.61,2052.05,3034.6,2109.2485714285713,8,6,32,2024
2024-08-12,P007,Running Shoes,Sports,93.75,No,0.0,28,2625.11,3122.61,1969.83,2121.8214285714284,8,0,33,2024
2024-08-13,P007,Running Shoes,Sports,90.52,No,0.0,27,2444.12,2625.11,1676.97,2215.4328571428573,8,1,33,2024
2024-08-14,P007,Running Shoes,Sports,92.72,No,0.0,24,2225.34,2444.12,2355.56,2325.0257142857145,8,2,33,2024
2024-08-15,P007,Running Shoes,Sports,92.24,Yes,0.081,33,2795.86,2225.34,1351.06,2306.422857142857,8,3,33,2024
2024-08-16,P007,Running Shoes,Sports,97.61,Yes,0.066,27,2462.09,2795.86,2324.67,2512.8228571428576,8,4,33,2024
2024-08-17,P007,Running Shoes,Sports,93.35,No,0.0,22,2053.77,2462.09,2052.05,2532.4542857142856,8,5,33,2024
2024-08-18,P007,Running Shoes,Sports,91.9,No,0.0,39,3584.23,2053.77,3122.61,2532.7000000000003,8,6,33,2024
2024-08-19,P007,Running Shoes,Sports,94.72,Yes,0.056,26,2323.8,3584.23,2625.11,2598.6457142857143,8,0,34,2024
2024-08-20,P007,Running Shoes,Sports,91.37,No,0.0,20,1827.5,2323.8,2444.12,2555.6014285714286,8,1,34,2024
2024-08-21,P007,Running Shoes,Sports,88.82,No,0.0,23,2042.84,1827.5,2225.34,2467.5128571428572,8,2,34,2024
2024-08-22,P007,Running Shoes,Sports,99.33,No,0.0,23,2284.54,2042.84,2795.86,2441.441428571429,8,3,34,2024
2024-08-23,P007,Running Shoes,Sports,96.23,Yes,0.182,37,2912.57,2284.54,2462.09,2368.3957142857143,8,4,34,2024
2024-08-24,P007,Running Shoes,Sports,94.85,Yes,0.205,31,2337.9,2912.57,2053.77,2432.75,8,5,34,2024
2024-08-25,P007,Running Shoes,Sports,95.31,No,0.0,28,2668.68,2337.9,3584.23,2473.34,8,6,34,2024
2024-08-26,P007,Running Shoes,Sports,94.14,Yes,0.138,22,1785.87,2668.68,2323.8,2342.547142857143,8,0,35,2024
2024-08-27,P007,Running Shoes,Sports,96.01,No,0.0,19,1824.2,1785.87,1827.5,2265.7000000000003,8,1,35,2024
2024-08-28,P007,Running Shoes,Sports,97.69,No,0.0,18,1758.42,1824.2,2042.84,2265.2285714285713,8,2,35,2024
2024-08-29,P007,Running Shoes,Sports,98.06,Yes,0.218,23,1764.41,1758.42,2284.54,2224.597142857143,8,3,35,2024
2024-08-30,P007,Running Shoes,Sports,98.67,No,0.0,27,2664.11,1764.41,2912.57,2150.292857142857,8,4,35,2024
2024-08-31,P007,Running Shoes,Sports,97.59,Yes,0.217,39,2979.03,2664.11,2337.9,2114.7985714285714,8,5,35,2024
2024-09-01,P007,Running Shoes,Sports,96.28,No,0.0,24,2310.71,2979.03,2668.68,2206.388571428571,9,6,35,2024
2024-09-02,P007,Running Shoes,Sports,96.1,No,0.0,25,2402.49,2310.71,1785.87,2155.25,9,0,36,2024
2024-09-03,P007,Running Shoes,Sports,95.19,No,0.0,24,2284.55,2402.49,1824.2,2243.3385714285714,9,1,36,2024
2024-09-04,P007,Running Shoes,Sports,88.78,No,0.0,17,1509.2,2284.55,1758.42,2309.1028571428574,9,2,36,2024
2024-09-05,P007,Running Shoes,Sports,99.29,No,0.0,32,3177.41,1509.2,1764.41,2273.5000000000005,9,3,36,2024
2024-09-06,P007,Running Shoes,Sports,95.84,No,0.0,21,2012.54,3177.41,2664.11,2475.3571428571427,9,4,36,2024
2024-09-07,P007,Running Shoes,Sports,92.65,No,0.0,24,2223.55,2012.54,2979.03,2382.2757142857145,9,5,36,2024
2024-09-08,P007,Running Shoes,Sports,91.1,No,0.0,22,2004.18,2223.55,2310.71,2274.35,9,6,36,2024
2024-09-09,P007,Running Shoes,Sports,91.78,Yes,0.104,25,2055.61,2004.18,2402.49,2230.56,9,0,37,2024
2024-09-10,P007,Running Shoes,Sports,101.0,No,0.0,25,2524.88,2055.61,2284.55,2181.0057142857145,9,1,37,2024
2024-09-11,P007,Running Shoes,Sports,98.18,No,0.0,37,3632.66,2524.88,1509.2,2215.3385714285714,9,2,37,2024
2024-09-12,P007,Running Shoes,Sports,92.98,No,0.0,27,2510.52,3632.66,3177.41,2518.6899999999996,9,3,37,2024
2024-09-13,P007,Running Shoes,Sports,91.41,No,0.0,22,2011.08,2510.52,2012.54,2423.4199999999996,9,4,37,2024
2024-09-14,P007,Running Shoes,Sports,91.7,No,0.0,25,2292.44,2011.08,2223.55,2423.2114285714283,9,5,37,2024
2024-09-15,P007,Running Shoes,Sports,98.51,No,0.0,24,2364.21,2292.44,2004.18,2433.0528571428576,9,6,37,2024
2024-09-16,P007,Running Shoes,Sports,97.75,No,0.0,28,2736.92,2364.21,2055.61,2484.4857142857145,9,0,38,2024
2024-09-17,P007,Running Shoes,Sports,91.66,No,0.0,28,2566.44,2736.92,2524.88,2581.815714285714,9,1,38,2024
2024-09-18,P007,Running Shoes,Sports,89.83,No,0.0,22,1976.22,2566.44,3632.66,2587.752857142857,9,2,38,2024
2024-09-19,P007,Running Shoes,Sports,98.88,No,0.0,25,2472.01,1976.22,2510.52,2351.118571428571,9,3,38,2024
2024-09-20,P007,Running Shoes,Sports,93.49,No,0.0,29,2711.22,2472.01,2011.08,2345.617142857143,9,4,38,2024
2024-09-21,P007,Running Shoes,Sports,100.24,No,0.0,35,3508.3,2711.22,2292.44,2445.637142857143,9,5,38,2024
2024-09-22,P007,Running Shoes,Sports,95.85,No,0.0,22,2108.79,3508.3,2364.21,2619.3314285714287,9,6,38,2024
2024-09-23,P007,Running Shoes,Sports,97.1,No,0.0,25,2427.6,2108.79,2736.92,2582.842857142857,9,0,39,2024
2024-09-24,P007,Running Shoes,Sports,90.3,No,0.0,18,1625.47,2427.6,2566.44,2538.6542857142854,9,1,39,2024
2024-09-25,P007,Running Shoes,Sports,92.59,No,0.0,30,2777.65,1625.47,1976.22,2404.23,9,2,39,2024
2024-09-26,P007,Running Shoes,Sports,90.7,No,0.0,21,1904.73,2777.65,2472.01,2518.7200000000003,9,3,39,2024
2024-09-27,P007,Running Shoes,Sports,96.71,No,0.0,15,1450.67,1904.73,2711.22,2437.6800000000003,9,4,39,2024
2024-09-28,P007,Running Shoes,Sports,96.34,Yes,0.161,26,2102.68,1450.67,3508.3,2257.6014285714286,9,5,39,2024
2024-09-29,P007,Running Shoes,Sports,89.29,No,0.0,24,2143.06,2102.68,2108.79,2056.7985714285714,9,6,39,2024
2024-09-30,P007,Running Shoes,Sports,95.58,Yes,0.213,24,1804.91,2143.06,2427.6,2061.6942857142853,9,0,40,2024
2024-10-01,P007,Running Shoes,Sports,95.8,Yes,0.067,27,2413.24,1804.91,1625.47,1972.7385714285713,10,1,40,2024
2024-10-02,P007,Running Shoes,Sports,97.53,No,0.0,20,1950.57,2413.24,2777.65,2085.2771428571427,10,2,40,2024
2024-10-03,P007,Running Shoes,Sports,93.79,No,0.0,24,2251.0,1950.57,1904.73,1967.1228571428571,10,3,40,2024
2024-10-04,P007,Running Shoes,Sports,95.85,No,0.0,26,2492.02,2251.0,1450.67,2016.5900000000001,10,4,40,2024
2024-10-05,P007,Running Shoes,Sports,100.06,No,0.0,17,1700.94,2492.02,2102.68,2165.3542857142857,10,5,40,2024
2024-10-06,P007,Running Shoes,Sports,93.86,Yes,0.111,31,2587.01,1700.94,2143.06,2107.962857142857,10,6,40,2024
2024-10-07,P007,Running Shoes,Sports,93.8,No,0.0,24,2251.09,2587.01,1804.91,2171.384285714286,10,0,41,2024
2024-10-08,P007,Running Shoes,Sports,93.96,No,0.0,21,1973.14,2251.09,2413.24,2235.1242857142856,10,1,41,2024
2024-10-09,P007,Running Shoes,Sports,89.57,No,0.0,19,1701.83,1973.14,1950.57,2172.252857142857,10,2,41,2024
2024-10-10,P007,Running Shoes,Sports,92.5,No,0.0,21,1942.53,1701.83,2251.0,2136.718571428571,10,3,41,2024
2024-10-11,P007,Running Shoes,Sports,93.03,No,0.0,24,2232.74,1942.53,2492.02,2092.6514285714284,10,4,41,2024
2024-10-12,P007,Running Shoes,Sports,94.76,No,0.0,30,2842.9,2232.74,1700.94,2055.611428571429,10,5,41,2024
2024-10-13,P007,Running Shoes,Sports,95.03,No,0.0,30,2850.82,2842.9,2587.01,2218.7485714285713,10,6,41,2024
2024-10-14,P007,Running Shoes,Sports,97.81,No,0.0,12,1173.76,2850.82,2251.09,2256.4357142857143,10,0,42,2024
2024-10-15,P007,Running Shoes,Sports,96.25,No,0.0,26,2502.57,1173.76,1973.14,2102.5314285714285,10,1,42,2024
2024-10-16,P007,Running Shoes,Sports,95.42,No,0.0,26,2481.03,2502.57,1701.83,2178.164285714286,10,2,42,2024
2024-10-17,P007,Running Shoes,Sports,95.09,No,0.0,26,2472.25,2481.03,1942.53,2289.4785714285713,10,3,42,2024
2024-10-18,P007,Running Shoes,Sports,99.75,No,0.0,20,1995.0,2472.25,2232.74,2365.152857142857,10,4,42,2024
2024-10-19,P007,Running Shoes,Sports,98.19,Yes,0.182,29,2328.4,1995.0,2842.9,2331.19,10,5,42,2024
2024-10-20,P007,Running Shoes,Sports,90.56,No,0.0,22,1992.3,2328.4,2850.82,2257.69,10,6,42,2024
2024-10-21,P007,Running Shoes,Sports,91.23,Yes,0.065,32,2730.37,1992.3,1173.76,2135.0442857142857,10,0,43,2024
2024-10-22,P007,Running Shoes,Sports,88.94,No,0.0,32,2845.99,2730.37,2502.57,2357.417142857143,10,1,43,2024
2024-10-23,P007,Running Shoes,Sports,98.26,No,0.0,29,2849.41,2845.99,2481.03,2406.477142857143,10,2,43,2024
2024-10-24,P007,Running Shoes,Sports,94.01,No,0.0,24,2256.16,2849.41,2472.25,2459.1028571428574,10,3,43,2024
2024-10-25,P007,Running Shoes,Sports,90.36,No,0.0,20,1807.22,2256.16,1995.0,2428.2328571428575,10,4,43,2024
2024-10-26,P007,Running Shoes,Sports,92.68,No,0.0,30,2780.45,1807.22,2328.4,2401.407142857143,10,5,43,2024
2024-10-27,P007,Running Shoes,Sports,96.77,Yes,0.131,36,3025.94,2780.45,1992.3,2465.985714285714,10,6,43,2024
2024-10-28,P007,Running Shoes,Sports,96.36,No,0.0,15,1445.42,3025.94,2730.37,2613.6485714285714,10,0,44,2024
2024-10-29,P007,Running Shoes,Sports,100.95,Yes,0.088,27,2486.61,1445.42,2845.99,2430.0842857142857,10,1,44,2024
2024-10-30,P007,Running Shoes,Sports,98.26,No,0.0,27,2652.95,2486.61,2849.41,2378.7442857142855,10,2,44,2024
2024-10-31,P007,Running Shoes,Sports,98.12,No,0.0,20,1962.34,2652.95,2256.16,2350.6785714285716,10,3,44,2024
2024-11-01,P007,Running Shoes,Sports,92.9,No,0.0,30,2787.11,1962.34,1807.22,2308.7042857142856,11,4,44,2024
2024-11-02,P007,Running Shoes,Sports,100.47,No,0.0,35,3516.42,2787.11,2780.45,2448.6885714285713,11,5,44,2024
2024-11-03,P007,Running Shoes,Sports,92.02,No,0.0,36,3312.55,3516.42,3025.94,2553.827142857143,11,6,44,2024
2024-11-04,P007,Running Shoes,Sports,93.02,No,0.0,34,3162.51,3312.55,1445.42,2594.7714285714287,11,0,45,2024
2024-11-05,P007,Running Shoes,Sports,94.32,Yes,0.229,36,2619.36,3162.51,2486.61,2840.0699999999997,11,1,45,2024
2024-11-06,P007,Running Shoes,Sports,101.21,No,0.0,19,1922.9,2619.36,2652.95,2859.0342857142855,11,2,45,2024
2024-11-07,P007,Running Shoes,Sports,93.37,No,0.0,25,2334.27,1922.9,1962.34,2754.741428571429,11,3,45,2024
2024-11-08,P007,Running Shoes,Sports,98.61,No,0.0,30,2958.19,2334.27,2787.11,2807.874285714286,11,4,45,2024
2024-11-09,P007,Running Shoes,Sports,101.19,No,0.0,33,3339.26,2958.19,3516.42,2832.3142857142857,11,5,45,2024
2024-11-10,P007,Running Shoes,Sports,92.39,Yes,0.182,42,3174.59,3339.26,3312.55,2807.0057142857145,11,6,45,2024
2024-11-11,P007,Running Shoes,Sports,100.6,No,0.0,25,2514.88,3174.59,3162.51,2787.297142857143,11,0,46,2024
2024-11-12,P007,Running Shoes,Sports,98.43,No,0.0,24,2362.42,2514.88,2619.36,2694.7785714285715,11,1,46,2024
2024-11-13,P007,Running Shoes,Sports,96.83,No,0.0,33,3195.51,2362.42,1922.9,2658.0728571428576,11,2,46,2024
2024-11-14,P007,Running Shoes,Sports,97.34,Yes,0.123,52,4438.98,3195.51,2334.27,2839.8742857142856,11,3,46,2024
2024-11-15,P007,Running Shoes,Sports,93.88,Yes,0.073,43,3740.19,4438.98,2958.19,3140.5471428571427,11,4,46,2024
2024-11-16,P007,Running Shoes,Sports,94.85,No,0.0,29,2750.55,3740.19,3339.26,3252.261428571429,11,5,46,2024
2024-11-17,P007,Running Shoes,Sports,96.24,Yes,0.186,32,2507.11,2750.55,3174.59,3168.16,11,6,46,2024
2024-11-18,P007,Running Shoes,Sports,96.3,No,0.0,27,2599.98,2507.11,2514.88,3072.805714285714,11,0,47,2024
2024-11-19,P007,Running Shoes,Sports,89.69,No,0.0,29,2600.88,2599.98,2362.42,3084.9628571428575,11,1,47,2024
2024-11-20,P007,Running Shoes,Sports,92.14,No,0.0,27,2487.79,2600.88,3195.51,3119.0285714285715,11,2,47,2024
2024-11-21,P007,Running Shoes,Sports,97.78,No,0.0,23,2248.9,2487.79,4438.98,3017.925714285714,11,3,47,2024
2024-11-22,P007,Running Shoes,Sports,91.7,No,0.0,30,2751.12,2248.9,3740.19,2705.057142857143,11,4,47,2024
2024-11-23,P007,Running Shoes,Sports,92.14,No,0.0,37,3409.25,2751.12,2750.55,2563.761428571429,11,5,47,2024
2024-11-24,P007,Running Shoes,Sports,101.47,No,0.0,35,3551.3,3409.25,2507.11,2657.8614285714284,11,6,47,2024
2024-11-25,P007,Running Shoes,Sports,94.85,No,0.0,30,2845.4,3551.3,2599.98,2807.031428571429,11,0,48,2024
2024-11-26,P007,Running Shoes,Sports,99.11,No,0.0,27,2675.85,2845.4,2600.88,2842.0914285714284,11,1,48,2024
2024-11-27,P007,Running Shoes,Sports,93.13,No,0.0,30,2794.02,2675.85,2487.79,2852.8014285714285,11,2,48,2024
2024-11-28,P007,Running Shoes,Sports,97.42,Yes,0.119,33,2833.36,2794.02,2248.9,2896.5485714285714,11,3,48,2024
2024-11-29,P007,Running Shoes,Sports,96.1,Yes,0.058,46,4164.69,2833.36,2751.12,2980.042857142857,11,4,48,2024
2024-11-30,P007,Running Shoes,Sports,97.31,No,0.0,39,3794.9,4164.69,3409.25,3181.9814285714288,11,5,48,2024
2024-12-01,P007,Running Shoes,Sports,95.17,No,0.0,35,3330.78,3794.9,3551.3,3237.074285714286,12,6,48,2024
2024-12-02,P007,Running Shoes,Sports,95.52,No,0.0,36,3438.86,3330.78,2845.4,3205.5714285714284,12,0,49,2024
2024-12-03,P007,Running Shoes,Sports,95.71,Yes,0.216,32,2401.87,3438.86,2675.85,3290.3514285714286,12,1,49,2024
2024-12-04,P007,Running Shoes,Sports,98.61,Yes,0.06,29,2687.31,2401.87,2794.02,3251.211428571429,12,2,49,2024
2024-12-05,P007,Running Shoes,Sports,90.53,Yes,0.102,37,3006.7,2687.31,2833.36,3235.967142857143,12,3,49,2024
2024-12-06,P007,Running Shoes,Sports,92.25,No,0.0,31,2859.72,3006.7,4164.69,3260.73,12,4,49,2024
2024-12-07,P007,Running Shoes,Sports,95.5,No,0.0,34,3247.0,2859.72,3794.9,3074.305714285714,12,5,49,2024
2024-12-08,P007,Running Shoes,Sports,91.26,No,0.0,29,2646.46,3247.0,3330.78,2996.034285714286,12,6,49,2024
2024-12-09,P007,Running Shoes,Sports,93.05,No,0.0,36,3349.63,2646.46,3438.86,2898.2742857142853,12,0,50,2024
2024-12-10,P007,Running Shoes,Sports,97.38,No,0.0,36,3505.64,3349.63,2401.87,2885.527142857143,12,1,50,2024
2024-12-11,P007,Running Shoes,Sports,96.79,No,0.0,26,2516.55,3505.64,2687.31,3043.2085714285713,12,2,50,2024
2024-12-12,P007,Running Shoes,Sports,100.42,No,0.0,28,2811.68,2516.55,3006.7,3018.8142857142857,12,3,50,2024
2024-12-13,P007,Running Shoes,Sports,90.88,No,0.0,32,2908.08,2811.68,2859.72,2990.9542857142856,12,4,50,2024
2024-12-14,P007,Running Shoes,Sports,91.8,No,0.0,29,2662.3,2908.08,3247.0,2997.8628571428567,12,5,50,2024
2024-12-15,P007,Running Shoes,Sports,95.82,Yes,0.198,46,3532.93,2662.3,2646.46,2914.3342857142857,12,6,50,2024
2024-12-16,P007,Running Shoes,Sports,99.71,No,0.0,34,3390.06,3532.93,3349.63,3040.972857142857,12,0,51,2024
2024-12-17,P007,Running Shoes,Sports,96.77,No,0.0,33,3193.34,3390.06,3505.64,3046.7485714285713,12,1,51,2024
2024-12-18,P007,Running Shoes,Sports,98.69,Yes,0.059,35,3250.78,3193.34,2516.55,3002.1342857142854,12,2,51,2024
2024-12-19,P007,Running Shoes,Sports,94.32,No,0.0,35,3301.21,3250.78,2811.68,3107.0242857142853,12,3,51,2024
2024-12-20,P007,Running Shoes,Sports,93.56,No,0.0,34,3181.08,3301.21,2908.08,3176.957142857143,12,4,51,2024
2024-12-21,P007,Running Shoes,Sports,92.04,No,0.0,40,3681.74,3181.08,2662.3,3215.957142857143,12,5,51,2024
2024-12-22,P007,Running Shoes,Sports,95.36,No,0.0,28,2669.94,3681.74,3532.93,3361.5914285714284,12,6,51,2024
2024-12-23,P007,Running Shoes,Sports,96.41,No,0.0,34,3277.89,2669.94,3390.06,3238.3071428571425,12,0,52,2024
2024-12-24,P007,Running Shoes,Sports,99.43,No,0.0,45,4474.13,3277.89,3193.34,3222.282857142857,12,1,52,2024
2024-12-25,P007,Running Shoes,Sports,91.85,Yes,0.134,49,3897.14,4474.13,3250.78,3405.252857142857,12,2,52,2024
2024-12-26,P007,Running Shoes,Sports,89.29,No,0.0,33,2946.51,3897.14,3301.21,3497.5899999999997,12,3,52,2024
2024-12-27,P007,Running Shoes,Sports,92.85,No,0.0,41,3806.88,2946.51,3181.08,3446.9185714285713,12,4,52,2024
2024-12-28,P007,Running Shoes,Sports,94.01,No,0.0,48,4512.47,3806.88,3681.74,3536.3185714285714,12,5,52,2024
2024-12-29,P007,Running Shoes,Sports,94.71,No,0.0,35,3314.91,4512.47,2669.94,3654.9942857142855,12,6,52,2024
2024-12-30,P007,Running Shoes,Sports,98.24,Yes,0.097,56,4970.46,3314.91,3277.89,3747.132857142857,12,0,1,2024
2024-12-31,P007,Running Shoes,Sports,94.29,No,0.0,39,3677.15,4970.46,4474.13,3988.9285714285716,12,1,1,2024
2025-01-01,P007,Running Shoes,Sports,95.02,No,0.0,34,3230.81,3677.15,3897.14,3875.074285714286,1,2,1,2025
2025-01-02,P007,Running Shoes,Sports,94.65,No,0.0,41,3880.81,3230.81,2946.51,3779.884285714286,1,3,1,2025
2025-01-03,P007,Running Shoes,Sports,95.38,No,0.0,21,2002.99,3880.81,3806.88,3913.355714285714,1,4,1,2025
2025-01-04,P007,Running Shoes,Sports,94.81,No,0.0,31,2939.2,2002.99,4512.47,3655.6571428571433,1,5,1,2025
2025-01-05,P007,Running Shoes,Sports,93.6,No,0.0,33,3088.8,2939.2,3314.91,3430.904285714286,1,6,1,2025
2025-01-06,P007,Running Shoes,Sports,97.03,Yes,0.163,32,2599.46,3088.8,4970.46,3398.6028571428574,1,0,2,2025
2025-01-07,P007,Running Shoes,Sports,95.17,No,0.0,31,2950.19,2599.46,3677.15,3059.8885714285716,1,1,2,2025
2025-01-08,P007,Running Shoes,Sports,93.09,No,0.0,26,2420.45,2950.19,3230.81,2956.0371428571425,1,2,2,2025
2025-01-09,P007,Running Shoes,Sports,95.66,No,0.0,19,1817.57,2420.45,3880.81,2840.2714285714283,1,3,2,2025
2025-01-10,P007,Running Shoes,Sports,90.65,Yes,0.205,48,3459.89,1817.57,2002.99,2545.522857142857,1,4,2,2025
2025-01-11,P007,Running Shoes,Sports,89.01,Yes,0.086,31,2520.75,3459.89,2939.2,2753.651428571429,1,5,2,2025
2025-01-12,P007,Running Shoes,Sports,92.4,No,0.0,41,3788.49,2520.75,3088.8,2693.8728571428574,1,6,2,2025
2025-01-13,P007,Running Shoes,Sports,97.78,No,0.0,23,2248.87,3788.49,2599.46,2793.828571428571,1,0,3,2025
2025-01-14,P007,Running Shoes,Sports,94.71,Yes,0.102,30,2552.39,2248.87,2950.19,2743.7442857142855,1,1,3,2025
2025-01-15,P007,Running Shoes,Sports,92.36,No,0.0,20,1847.19,2552.39,2420.45,2686.9157142857143,1,2,3,2025
2025-01-16,P007,Running Shoes,Sports,89.13,Yes,0.133,36,2780.52,1847.19,1817.57,2605.0214285714283,1,3,3,2025
2025-01-17,P007,Running Shoes,Sports,98.71,No,0.0,23,2270.37,2780.52,3459.89,2742.585714285714,1,4,3,2025
2025-01-18,P007,Running Shoes,Sports,92.74,No,0.0,29,2689.42,2270.37,2520.75,2572.6542857142854,1,5,3,2025
2025-01-19,P007,Running Shoes,Sports,96.94,No,0.0,30,2908.2,2689.42,3788.49,2596.75,1,6,3,2025
2025-01-20,P007,Running Shoes,Sports,94.75,No,0.0,30,2842.59,2908.2,2248.87,2470.9942857142855,1,0,4,2025
2025-01-21,P007,Running Shoes,Sports,97.13,No,0.0,23,2234.02,2842.59,2552.39,2555.8114285714287,1,1,4,2025
2025-01-22,P007,Running Shoes,Sports,96.83,Yes,0.145,32,2649.0,2234.02,1847.19,2510.3300000000004,1,2,4,2025
2025-01-23,P007,Running Shoes,Sports,91.05,No,0.0,24,2185.13,2649.0,2780.52,2624.8742857142856,1,3,4,2025
2025-01-24,P007,Running Shoes,Sports,102.69,No,0.0,45,4621.14,2185.13,2270.37,2539.8185714285714,1,4,4,2025
2025-01-25,P007,Running Shoes,Sports,95.45,No,0.0,28,2672.52,4621.14,2689.42,2875.6428571428573,1,5,4,2025
2025-01-26,P007,Running Shoes,Sports,96.19,No,0.0,38,3655.21,2672.52,2908.2,2873.2285714285713,1,6,4,2025
2025-01-27,P007,Running Shoes,Sports,99.13,Yes,0.204,34,2681.6,3655.21,2842.59,2979.944285714286,1,0,5,2025
2025-01-28,P007,Running Shoes,Sports,97.18,Yes,0.134,27,2272.7,2681.6,2234.02,2956.9457142857145,1,1,5,2025
2025-01-29,P007,Running Shoes,Sports,92.56,No,0.0,31,2869.43,2272.7,2649.0,2962.471428571429,1,2,5,2025
2025-01-30,P007,Running Shoes,Sports,100.12,No,0.0,27,2703.21,2869.43,2185.13,2993.9614285714283,1,3,5,2025
2025-01-31,P007,Running Shoes,Sports,97.62,No,0.0,19,1854.85,2703.21,4621.14,3067.9728571428573,1,4,5,2025
2025-02-01,P007,Running Shoes,Sports,103.36,No,0.0,29,2997.43,1854.85,2672.52,2672.7885714285717,2,5,5,2025
2025-02-02,P007,Running Shoes,Sports,91.85,No,0.0,32,2939.14,2997.43,3655.21,2719.2042857142856,2,6,5,2025
2025-02-03,P007,Running Shoes,Sports,95.46,No,0.0,27,2577.49,2939.14,2681.6,2616.9085714285716,2,0,6,2025
2025-02-04,P007,Running Shoes,Sports,87.82,Yes,0.125,25,1920.58,2577.49,2272.7,2602.035714285714,2,1,6,2025
2025-02-05,P007,Running Shoes,Sports,94.36,No,0.0,21,1981.55,1920.58,2869.43,2551.7328571428566,2,2,6,2025
2025-02-06,P007,Running Shoes,Sports,91.79,No,0.0,26,2386.65,1981.55,2703.21,2424.8928571428573,2,3,6,2025
2025-02-07,P007,Running Shoes,Sports,93.8,No,0.0,38,3564.31,2386.65,1854.85,2379.6699999999996,2,4,6,2025
2025-02-08,P007,Running Shoes,Sports,91.55,No,0.0,29,2654.99,3564.31,2997.43,2623.878571428571,2,5,6,2025
2025-02-09,P007,Running Shoes,Sports,89.29,No,0.0,37,3303.85,2654.99,2939.14,2574.9585714285713,2,6,6,2025
2025-02-10,P007,Running Shoes,Sports,91.98,No,0.0,27,2483.56,3303.85,2577.49,2627.06,2,0,7,2025
2025-02-11,P007,Running Shoes,Sports,97.22,No,0.0,24,2333.21,2483.56,1920.58,2613.641428571428,2,1,7,2025
2025-02-12,P007,Running Shoes,Sports,93.41,No,0.0,31,2895.68,2333.21,1981.55,2672.5885714285714,2,2,7,2025
2025-02-13,P007,Running Shoes,Sports,96.47,No,0.0,26,2508.09,2895.68,2386.65,2803.1785714285716,2,3,7,2025
2025-02-14,P007,Running Shoes,Sports,99.27,No,0.0,28,2779.64,2508.09,3564.31,2820.5271428571427,2,4,7,2025
2025-02-15,P007,Running Shoes,Sports,94.31,No,0.0,44,4149.76,2779.64,2654.99,2708.4314285714286,2,5,7,2025
2025-02-16,P007,Running Shoes,Sports,95.58,No,0.0,29,2771.87,4149.76,3303.85,2921.9700000000003,2,6,7,2025
2025-02-17,P007,Running Shoes,Sports,99.63,No,0.0,27,2689.96,2771.87,2483.56,2845.9728571428573,2,0,8,2025
2025-02-18,P007,Running Shoes,Sports,99.02,No,0.0,20,1980.39,2689.96,2333.21,2875.4585714285713,2,1,8,2025
2025-02-19,P007,Running Shoes,Sports,91.07,No,0.0,21,1912.53,1980.39,2895.68,2825.055714285714,2,2,8,2025
2025-02-20,P007,Running Shoes,Sports,90.67,Yes,0.203,44,3179.05,1912.53,2508.09,2684.605714285714,2,3,8,2025
2025-02-21,P007,Running Shoes,Sports,94.59,No,0.0,22,2081.05,3179.05,2779.64,2780.457142857143,2,4,8,2025
2025-02-22,P007,Running Shoes,Sports,100.14,No,0.0,37,3705.28,2081.05,4149.76,2680.6585714285716,2,5,8,2025
2025-02-23,P007,Running Shoes,Sports,97.84,No,0.0,28,2739.5,3705.28,2771.87,2617.1614285714286,2,6,8,2025
2025-02-24,P007,Running Shoes,Sports,98.42,No,0.0,37,3641.61,2739.5,2689.96,2612.537142857143,2,0,9,2025
2025-02-25,P007,Running Shoes,Sports,92.1,No,0.0,22,2026.31,3641.61,1980.39,2748.4871428571428,2,1,9,2025
2025-02-26,P007,Running Shoes,Sports,96.71,Yes,0.106,37,3198.15,2026.31,1912.53,2755.047142857143,2,2,9,2025
2025-02-27,P007,Running Shoes,Sports,100.81,No,0.0,33,3326.86,3198.15,3179.05,2938.7071428571435,2,3,9,2025
2025-02-28,P007,Running Shoes,Sports,94.41,Yes,0.11,33,2773.61,3326.86,2081.05,2959.8228571428567,2,4,9,2025
2025-03-01,P007,Running Shoes,Sports,98.81,Yes,0.134,31,2652.86,2773.61,3705.28,3058.7599999999998,3,5,9,2025
2025-03-02,P007,Running Shoes,Sports,94.08,No,0.0,33,3104.62,2652.86,2739.5,2908.414285714286,3,6,9,2025
2025-03-03,P007,Running Shoes,Sports,99.06,No,0.0,29,2872.78,3104.62,3641.61,2960.574285714286,3,0,10,2025
2025-03-04,P007,Running Shoes,Sports,87.5,Yes,0.207,50,3470.48,2872.78,2026.31,2850.741428571429,3,1,10,2025
2025-03-05,P007,Running Shoes,Sports,93.24,Yes,0.102,44,3684.44,3470.48,3198.15,3057.0514285714285,3,2,10,2025
2025-03-06,P007,Running Shoes,Sports,95.48,No,0.0,31,2959.84,3684.44,3326.86,3126.5214285714283,3,3,10,2025
2025-03-07,P007,Running Shoes,Sports,97.75,Yes,0.096,41,3622.16,2959.84,2773.61,3074.09,3,4,10,2025
2025-03-08,P007,Running Shoes,Sports,86.88,No,0.0,38,3301.25,3622.16,2652.86,3195.3114285714287,3,5,10,2025
2025-03-09,P007,Running Shoes,Sports,92.26,No,0.0,34,3136.87,3301.25,3104.62,3287.9385714285713,3,6,10,2025
2025-03-10,P007,Running Shoes,Sports,91.66,No,0.0,33,3024.85,3136.87,2872.78,3292.5457142857144,3,0,11,2025
2025-03-11,P007,Running Shoes,Sports,94.04,No,0.0,30,2821.14,3024.85,3470.48,3314.27,3,1,11,2025
2025-03-12,P007,Running Shoes,Sports,98.5,No,0.0,35,3447.59,2821.14,3684.44,3221.5071428571428,3,2,11,2025
2025-03-13,P007,Running Shoes,Sports,93.82,No,0.0,30,2814.68,3447.59,2959.84,3187.671428571429,3,3,11,2025
2025-03-14,P007,Running Shoes,Sports,91.53,Yes,0.201,36,2632.65,2814.68,3622.16,3166.934285714286,3,4,11,2025
2025-03-15,P007,Running Shoes,Sports,96.92,Yes,0.177,38,3032.15,2632.65,3301.25,3025.575714285714,3,5,11,2025
2025-03-16,P007,Running Shoes,Sports,98.88,No,0.0,37,3658.71,3032.15,3136.87,2987.132857142857,3,6,11,2025
2025-03-17,P007,Running Shoes,Sports,94.29,No,0.0,29,2734.31,3658.71,3024.85,3061.681428571428,3,0,12,2025
2025-03-18,P007,Running Shoes,Sports,94.81,Yes,0.167,41,3236.48,2734.31,2821.14,3020.175714285714,3,1,12,2025
2025-03-19,P007,Running Shoes,Sports,92.96,No,0.0,41,3811.5,3236.48,3447.59,3079.5099999999998,3,2,12,2025
2025-03-20,P007,Running Shoes,Sports,92.5,No,0.0,29,2682.51,3811.5,2814.68,3131.497142857143,3,3,12,2025
2025-03-21,P007,Running Shoes,Sports,97.72,No,0.0,31,3029.27,2682.51,2632.65,3112.6157142857146,3,4,12,2025
2025-03-22,P007,Running Shoes,Sports,95.95,No,0.0,28,2686.55,3029.27,3032.15,3169.2757142857145,3,5,12,2025
2025-03-23,P007,Running Shoes,Sports,90.35,No,0.0,27,2439.43,2686.55,3658.71,3119.904285714286,3,6,12,2025
2025-03-24,P007,Running Shoes,Sports,95.84,Yes,0.181,41,3218.42,2439.43,2734.31,2945.721428571429,3,0,13,2025
2025-03-25,P007,Running Shoes,Sports,97.24,No,0.0,25,2431.08,3218.42,3236.48,3014.88,3,1,13,2025
2025-03-26,P007,Running Shoes,Sports,90.95,No,0.0,24,2182.9,2431.08,3811.5,2899.8228571428576,3,2,13,2025
2025-03-27,P007,Running Shoes,Sports,99.02,Yes,0.154,39,3265.6,2182.9,2682.51,2667.1657142857143,3,3,13,2025
2025-03-28,P007,Running Shoes,Sports,93.52,Yes,0.101,37,3109.0,3265.6,3029.27,2750.464285714286,3,4,13,2025
2025-03-29,P007,Running Shoes,Sports,91.98,No,0.0,33,3035.39,3109.0,2686.55,2761.8542857142857,3,5,13,2025
2025-03-30,P007,Running Shoes,Sports,96.53,No,0.0,28,2702.77,3035.39,2439.43,2811.6885714285713,3,6,13,2025
2025-03-31,P007,Running Shoes,Sports,99.12,No,0.0,32,3171.79,2702.77,3218.42,2849.308571428571,3,0,14,2025
2025-04-01,P007,Running Shoes,Sports,95.54,No,0.0,31,2961.66,3171.79,2431.08,2842.6471428571426,4,1,14,2025
2025-04-02,P007,Running Shoes,Sports,94.1,Yes,0.053,53,4725.08,2961.66,2182.9,2918.444285714286,4,2,14,2025
2025-04-03,P007,Running Shoes,Sports,95.98,No,0.0,24,2303.57,4725.08,3265.6,3281.612857142857,4,3,14,2025
2025-04-04,P007,Running Shoes,Sports,99.93,Yes,0.235,55,4202.01,2303.57,3109.0,3144.1800000000003,4,4,14,2025
2025-04-05,P007,Running Shoes,Sports,96.44,No,0.0,36,3471.79,4202.01,3035.39,3300.324285714286,4,5,14,2025
2025-04-06,P007,Running Shoes,Sports,95.09,No,0.0,32,3043.04,3471.79,2702.77,3362.667142857143,4,6,14,2025
2025-04-07,P007,Running Shoes,Sports,92.37,No,0.0,37,3417.56,3043.04,3171.79,3411.277142857143,4,0,15,2025
2025-04-08,P007,Running Shoes,Sports,98.78,No,0.0,29,2864.65,3417.56,2961.66,3446.387142857143,4,1,15,2025
2025-04-09,P007,Running Shoes,Sports,98.35,No,0.0,48,4720.77,2864.65,4725.08,3432.5285714285715,4,2,15,2025
2025-04-10,P007,Running Shoes,Sports,94.91,No,0.0,35,3321.83,4720.77,2303.57,3431.912857142858,4,3,15,2025
2025-04-11,P007,Running Shoes,Sports,96.75,No,0.0,30,2902.53,3321.83,4202.01,3577.378571428571,4,4,15,2025
2025-04-12,P007,Running Shoes,Sports,95.52,No,0.0,31,2961.05,2902.53,3471.79,3391.7385714285715,4,5,15,2025
2025-04-13,P007,Running Shoes,Sports,94.91,No,0.0,37,3511.51,2961.05,3043.04,3318.7757142857145,4,6,15,2025
2025-04-14,P007,Running Shoes,Sports,90.83,No,0.0,30,2724.86,3511.51,3417.56,3385.7,4,0,16,2025
2025-04-15,P007,Running Shoes,Sports,91.59,No,0.0,27,2472.84,2724.86,2864.65,3286.7428571428572,4,1,16,2025
2025-04-16,P007,Running Shoes,Sports,94.73,No,0.0,28,2652.53,2472.84,4720.77,3230.77,4,2,16,2025
2025-04-17,P007,Running Shoes,Sports,97.02,No,0.0,35,3395.82,2652.53,3321.83,2935.307142857143,4,3,16,2025
2025-04-18,P007,Running Shoes,Sports,96.08,No,0.0,26,2498.12,3395.82,2902.53,2945.877142857143,4,4,16,2025
2025-04-19,P007,Running Shoes,Sports,101.8,No,0.0,35,3562.84,2498.12,2961.05,2888.1042857142857,4,5,16,2025
2025-04-20,P007,Running Shoes,Sports,91.34,Yes,0.054,40,3454.95,3562.84,3511.51,2974.074285714286,4,6,16,2025
2025-04-21,P007,Running Shoes,Sports,92.29,No,0.0,44,4060.83,3454.95,2724.86,2965.994285714286,4,0,17,2025
2025-04-22,P007,Running Shoes,Sports,91.15,No,0.0,32,2916.66,4060.83,2472.84,3156.847142857143,4,1,17,2025
2025-04-23,P007,Running Shoes,Sports,93.19,No,0.0,36,3354.91,2916.66,2652.53,3220.25,4,2,17,2025
2025-04-24,P007,Running Shoes,Sports,96.71,No,0.0,26,2514.44,3354.91,3395.82,3320.5899999999997,4,3,17,2025
2025-04-25,P007,Running Shoes,Sports,93.6,No,0.0,34,3182.39,2514.44,2498.12,3194.6785714285716,4,4,17,2025
2025-04-26,P007,Running Shoes,Sports,97.35,No,0.0,34,3309.89,3182.39,3562.84,3292.4314285714286,4,5,17,2025
2025-04-27,P007,Running Shoes,Sports,99.38,No,0.0,38,3776.45,3309.89,3454.95,3256.2957142857144,4,6,17,2025
2025-04-28,P007,Running Shoes,Sports,95.89,No,0.0,38,3643.75,3776.45,4060.83,3302.2242857142855,4,0,18,2025
2025-04-29,P007,Running Shoes,Sports,99.19,No,0.0,25,2479.63,3643.75,2916.66,3242.6414285714286,4,1,18,2025
2025-04-30,P007,Running Shoes,Sports,95.57,No,0.0,29,2771.41,2479.63,3354.91,3180.2085714285713,4,2,18,2025
2025-05-01,P007,Running Shoes,Sports,87.23,No,0.0,32,2791.3,2771.41,2514.44,3096.8514285714286,5,3,18,2025
2025-05-02,P007,Running Shoes,Sports,90.44,No,0.0,33,2984.62,2791.3,3182.39,3136.402857142857,5,4,18,2025
2025-05-03,P007,Running Shoes,Sports,90.32,No,0.0,44,3974.1,2984.62,3309.89,3108.15,5,5,18,2025
2025-05-04,P007,Running Shoes,Sports,91.88,No,0.0,33,3031.91,3974.1,3776.45,3203.0371428571425,5,6,18,2025
2025-05-05,P007,Running Shoes,Sports,98.06,No,0.0,24,2353.46,3031.91,3643.75,3096.6742857142854,5,0,19,2025
2025-05-06,P007,Running Shoes,Sports,97.82,No,0.0,28,2738.83,2353.46,2479.63,2912.347142857143,5,1,19,2025
2025-05-07,P007,Running Shoes,Sports,97.12,Yes,0.21,43,3300.91,2738.83,2771.41,2949.3757142857144,5,2,19,2025
2025-05-08,P007,Running Shoes,Sports,93.8,Yes,0.056,43,3808.23,3300.91,2791.3,3025.0185714285717,5,3,19,2025
2025-05-09,P007,Running Shoes,Sports,98.41,Yes,0.236,42,3159.24,3808.23,2984.62,3170.2942857142853,5,4,19,2025
2025-05-10,P007,Running Shoes,Sports,97.06,No,0.0,32,3106.02,3159.24,3974.1,3195.2400000000002,5,5,19,2025
2025-05-11,P007,Running Shoes,Sports,97.81,No,0.0,38,3716.6,3106.02,3031.91,3071.2285714285713,5,6,19,2025
2025-05-12,P007,Running Shoes,Sports,98.84,Yes,0.128,32,2756.94,3716.6,2353.46,3169.0414285714287,5,0,20,2025
2025-05-13,P007,Running Shoes,Sports,95.2,No,0.0,34,3236.74,2756.94,2738.83,3226.6814285714286,5,1,20,2025
2025-05-14,P007,Running Shoes,Sports,91.48,Yes,0.079,37,3117.44,3236.74,3300.91,3297.8114285714287,5,2,20,2025
2025-05-15,P007,Running Shoes,Sports,88.11,Yes,0.164,49,3608.15,3117.44,3808.23,3271.6014285714286,5,3,20,2025
2025-05-16,P007,Running Shoes,Sports,89.22,No,0.0,28,2498.27,3608.15,3159.24,3243.0185714285717,5,4,20,2025
2025-05-17,P007,Running Shoes,Sports,98.33,No,0.0,35,3441.45,2498.27,3106.02,3148.594285714286,5,5,20,2025
2025-05-18,P007,Running Shoes,Sports,90.02,No,0.0,38,3420.86,3441.45,3716.6,3196.512857142857,5,6,20,2025
2025-05-19,P007,Running Shoes,Sports,97.08,No,0.0,30,2912.51,3420.86,2756.94,3154.2642857142855,5,0,21,2025
2025-05-20,P007,Running Shoes,Sports,91.35,No,0.0,32,2923.07,2912.51,3236.74,3176.4885714285715,5,1,21,2025
2025-05-21,P007,Running Shoes,Sports,95.63,No,0.0,28,2677.73,2923.07,3117.44,3131.6785714285716,5,2,21,2025
2025-05-22,P007,Running Shoes,Sports,90.87,No,0.0,36,3271.29,2677.73,3608.15,3068.862857142857,5,3,21,2025
2025-05-23,P007,Running Shoes,Sports,93.62,No,0.0,30,2808.54,3271.29,2498.27,3020.7400000000002,5,4,21,2025
2025-05-24,P007,Running Shoes,Sports,94.87,No,0.0,30,2846.15,2808.54,3441.45,3065.0642857142852,5,5,21,2025
2025-05-25,P007,Running Shoes,Sports,92.62,Yes,0.072,42,3610.73,2846.15,3420.86,2980.0214285714287,5,6,21,2025
2025-05-26,P007,Running Shoes,Sports,93.54,No,0.0,27,2525.69,3610.73,2912.51,3007.1457142857143,5,0,22,2025
2025-05-27,P007,Running Shoes,Sports,93.84,No,0.0,39,3659.66,2525.69,2923.07,2951.8857142857146,5,1,22,2025
2025-05-28,P007,Running Shoes,Sports,97.9,No,0.0,25,2447.49,3659.66,2677.73,3057.112857142857,5,2,22,2025
2025-05-29,P007,Running Shoes,Sports,92.52,No,0.0,26,2405.4,2447.49,3271.29,3024.2214285714285,5,3,22,2025
2025-05-30,P007,Running Shoes,Sports,94.96,No,0.0,26,2469.01,2405.4,2808.54,2900.522857142857,5,4,22,2025
2025-05-31,P007,Running Shoes,Sports,93.1,Yes,0.08,37,3169.66,2469.01,2846.15,2852.0185714285717,5,5,22,2025
2025-06-01,P007,Running Shoes,Sports,96.38,Yes,0.142,64,5290.02,3169.66,3610.73,2898.2342857142858,6,6,22,2025
2025-06-02,P007,Running Shoes,Sports,92.73,Yes,0.246,37,2586.36,5290.02,2525.69,3138.132857142857,6,0,23,2025
2025-06-03,P007,Running Shoes,Sports,95.93,No,0.0,27,2590.14,2586.36,3659.66,3146.7999999999997,6,1,23,2025
2025-06-04,P007,Running Shoes,Sports,90.69,Yes,0.11,46,3714.37,2590.14,2447.49,2994.0114285714285,6,2,23,2025
2025-06-05,P007,Running Shoes,Sports,93.78,No,0.0,33,3094.73,3714.37,2405.4,3174.9942857142855,6,3,23,2025
2025-06-06,P007,Running Shoes,Sports,91.22,No,0.0,33,3010.39,3094.73,2469.01,3273.4700000000003,6,4,23,2025
2025-06-07,P007,Running Shoes,Sports,95.51,Yes,0.065,30,2679.11,3010.39,3169.66,3350.8100000000004,6,5,23,2025
2025-06-08,P007,Running Shoes,Sports,99.96,No,0.0,33,3298.64,2679.11,5290.02,3280.7314285714288,6,6,23,2025
2025-06-09,P007,Running Shoes,Sports,92.2,No,0.0,30,2766.09,3298.64,2586.36,2996.2485714285717,6,0,24,2025
2025-06-10,P007,Running Shoes,Sports,100.5,No,0.0,36,3617.82,2766.09,2590.14,3021.924285714286,6,1,24,2025
2025-06-11,P007,Running Shoes,Sports,99.47,Yes,0.214,51,3989.37,3617.82,3714.37,3168.7357142857145,6,2,24,2025
2025-06-12,P007,Running Shoes,Sports,99.45,No,0.0,31,3082.99,3989.37,3094.73,3208.0214285714283,6,3,24,2025
2025-06-13,P007,Running Shoes,Sports,95.33,No,0.0,35,3336.45,3082.99,3010.39,3206.344285714286,6,4,24,2025
2025-06-14,P007,Running Shoes,Sports,90.02,No,0.0,33,2970.56,3336.45,2679.11,3252.9242857142854,6,5,24,2025
2025-06-15,P007,Running Shoes,Sports,96.49,No,0.0,39,3763.22,2970.56,3298.64,3294.56,6,6,24,2025
2025-06-16,P007,Running Shoes,Sports,93.47,No,0.0,35,3271.3,3763.22,2766.09,3360.9285714285716,6,0,25,2025
2025-06-17,P007,Running Shoes,Sports,95.07,Yes,0.25,47,3351.37,3271.3,3617.82,3433.1014285714286,6,1,25,2025
2025-06-18,P007,Running Shoes,Sports,103.87,No,0.0,36,3739.47,3351.37,3989.37,3395.0371428571425,6,2,25,2025
2025-06-19,P007,Running Shoes,Sports,94.7,Yes,0.072,39,3427.96,3739.47,3082.99,3359.337142857143,6,3,25,2025
2025-06-20,P007,Running Shoes,Sports,89.28,No,0.0,29,2589.0,3427.96,3336.45,3408.618571428571,6,4,25,2025
2025-06-21,P007,Running Shoes,Sports,94.53,No,0.0,47,4443.04,2589.0,2970.56,3301.84,6,5,25,2025
2025-06-22,P007,Running Shoes,Sports,96.3,No,0.0,31,2985.43,4443.04,3763.22,3512.194285714286,6,6,25,2025
2025-06-23,P007,Running Shoes,Sports,95.94,No,0.0,28,2686.36,2985.43,3271.3,3401.0814285714287,6,0,26,2025
2025-06-24,P007,Running Shoes,Sports,94.47,No,0.0,21,1983.77,2686.36,3351.37,3317.5185714285712,6,1,26,2025
2025-06-25,P007,Running Shoes,Sports,88.05,Yes,0.204,40,2805.24,1983.77,3739.47,3122.1471428571426,6,2,26,2025
2025-06-26,P007,Running Shoes,Sports,94.28,No,0.0,20,1885.6,2805.24,3427.96,2988.6857142857143,6,3,26,2025
2025-06-27,P007,Running Shoes,Sports,96.55,Yes,0.23,43,3195.36,1885.6,2589.0,2768.348571428571,6,4,26,2025
2025-06-28,P007,Running Shoes,Sports,95.03,No,0.0,32,3041.1,3195.36,4443.04,2854.9714285714285,6,5,26,2025
2025-06-29,P007,Running Shoes,Sports,97.05,No,0.0,34,3299.55,3041.1,2985.43,2654.694285714286,6,6,26,2025
2025-06-30,P007,Running Shoes,Sports,95.2,No,0.0,40,3807.89,3299.55,2686.36,2699.5685714285714,6,0,27,2025
2025-07-01,P007,Running Shoes,Sports,96.02,No,0.0,28,2688.65,3807.89,1983.77,2859.7871428571425,7,1,27,2025
2025-07-02,P007,Running Shoes,Sports,87.82,Yes,0.148,38,2843.57,2688.65,2805.24,2960.4842857142858,7,2,27,2025
2025-07-03,P007,Running Shoes,Sports,95.87,No,0.0,29,2780.36,2843.57,1885.6,2965.96,7,3,27,2025
2025-07-04,P007,Running Shoes,Sports,94.42,No,0.0,30,2832.48,2780.36,3195.36,3093.782857142857,7,4,27,2025
2025-07-05,P007,Running Shoes,Sports,92.0,No,0.0,26,2391.97,2832.48,3041.1,3041.942857142857,7,5,27,2025
2025-07-06,P007,Running Shoes,Sports,97.4,No,0.0,35,3409.12,2391.97,3299.55,2949.21,7,6,27,2025
2025-07-07,P007,Running Shoes,Sports,93.7,No,0.0,30,2810.9,3409.12,3807.89,2964.862857142857,7,0,28,2025
2025-07-08,P007,Running Shoes,Sports,97.05,No,0.0,37,3590.71,2810.9,2688.65,2822.4357142857148,7,1,28,2025
2025-07-09,P007,Running Shoes,Sports,95.81,No,0.0,33,3161.64,3590.71,2843.57,2951.3014285714285,7,2,28,2025
2025-07-10,P007,Running Shoes,Sports,98.18,No,0.0,28,2749.04,3161.64,2780.36,2996.7400000000002,7,3,28,2025
2025-07-11,P007,Running Shoes,Sports,97.1,No,0.0,33,3204.42,2749.04,2832.48,2992.2657142857142,7,4,28,2025
2025-07-12,P007,Running Shoes,Sports,97.79,No,0.0,31,3031.42,3204.42,2391.97,3045.4,7,5,28,2025
2025-07-13,P007,Running Shoes,Sports,93.7,No,0.0,36,3373.23,3031.42,3409.12,3136.75,7,6,28,2025
2025-07-14,P007,Running Shoes,Sports,93.25,Yes,0.066,37,3221.1,3373.23,2810.9,3131.6228571428574,7,0,29,2025
2025-07-15,P007,Running Shoes,Sports,96.17,Yes,0.149,33,2699.78,3221.1,3590.71,3190.222857142857,7,1,29,2025
2025-07-16,P007,Running Shoes,Sports,97.44,No,0.0,31,3020.67,2699.78,3161.64,3062.947142857143,7,2,29,2025
2025-07-17,P007,Running Shoes,Sports,88.18,No,0.0,23,2028.04,3020.67,2749.04,3042.808571428571,7,3,29,2025
2025-07-18,P007,Running Shoes,Sports,98.7,No,0.0,22,2171.37,2028.04,3204.42,2939.808571428571,7,4,29,2025
2025-07-19,P007,Running Shoes,Sports,95.73,No,0.0,36,3446.23,2171.37,3031.42,2792.23,7,5,29,2025
2025-07-20,P007,Running Shoes,Sports,93.66,No,0.0,28,2622.4,3446.23,3373.23,2851.488571428571,7,6,29,2025
2025-07-21,P007,Running Shoes,Sports,96.63,No,0.0,26,2512.45,2622.4,3221.1,2744.227142857143,7,0,30,2025
2025-07-22,P007,Running Shoes,Sports,92.14,No,0.0,25,2303.51,2512.45,2699.78,2642.991428571429,7,1,30,2025
2025-07-23,P007,Running Shoes,Sports,94.74,No,0.0,46,4358.14,2303.51,3020.67,2586.381428571429,7,2,30,2025
2025-07-24,P007,Running Shoes,Sports,93.64,No,0.0,31,2902.84,4358.14,2028.04,2777.4485714285715,7,3,30,2025
2025-07-25,P007,Running Shoes,Sports,94.7,No,0.0,30,2841.02,2902.84,2171.37,2902.4200000000005,7,4,30,2025
2025-07-26,P007,Running Shoes,Sports,100.44,No,0.0,33,3314.48,2841.02,3446.23,2998.0842857142857,7,5,30,2025
2025-07-27,P007,Running Shoes,Sports,89.38,No,0.0,37,3307.02,3314.48,2622.4,2979.2628571428577,7,6,30,2025
2025-07-28,P007,Running Shoes,Sports,98.12,No,0.0,35,3434.34,3307.02,2512.45,3077.065714285714,7,0,31,2025
2025-07-29,P007,Running Shoes,Sports,93.79,No,0.0,29,2719.94,3434.34,2303.51,3208.7642857142855,7,1,31,2025
2025-07-30,P007,Running Shoes,Sports,98.1,No,0.0,33,3237.17,2719.94,4358.14,3268.254285714286,7,2,31,2025
2025-07-31,P007,Running Shoes,Sports,93.45,No,0.0,27,2523.09,3237.17,2902.84,3108.115714285714,7,3,31,2025
2025-08-01,P007,Running Shoes,Sports,96.12,No,0.0,25,2402.89,2523.09,2841.02,3053.8657142857146,8,4,31,2025
2025-08-02,P007,Running Shoes,Sports,93.92,No,0.0,36,3380.98,2402.89,3314.48,2991.2757142857145,8,5,31,2025
2025-08-03,P007,Running Shoes,Sports,91.72,No,0.0,31,2843.43,3380.98,3307.02,3000.7757142857145,8,6,31,2025
2025-08-04,P007,Running Shoes,Sports,95.61,No,0.0,23,2199.11,2843.43,3434.34,2934.5485714285714,8,0,32,2025
2025-08-05,P007,Running Shoes,Sports,92.51,No,0.0,22,2035.27,2199.11,2719.94,2758.087142857143,8,1,32,2025
2025-08-06,P007,Running Shoes,Sports,100.29,No,0.0,18,1805.31,2035.27,3237.17,2660.2771428571427,8,2,32,2025
2025-08-07,P007,Running Shoes,Sports,94.04,No,0.0,21,1974.89,1805.31,2523.09,2455.7257142857147,8,3,32,2025
2025-08-08,P007,Running Shoes,Sports,98.33,No,0.0,27,2654.96,1974.89,2402.89,2377.4114285714286,8,4,32,2025
2025-08-09,P007,Running Shoes,Sports,95.86,No,0.0,30,2875.9,2654.96,3380.98,2413.421428571429,8,5,32,2025
2025-08-10,P007,Running Shoes,Sports,102.22,Yes,0.157,31,2670.47,2875.9,2843.43,2341.2671428571425,8,6,32,2025
2025-08-11,P007,Running Shoes,Sports,93.69,Yes,0.055,44,3893.84,2670.47,2199.11,2316.558571428571,8,0,33,2025
2025-08-12,P007,Running Shoes,Sports,99.07,No,0.0,28,2774.01,3893.84,2035.27,2558.662857142857,8,1,33,2025
2025-08-13,P007,Running Shoes,Sports,88.28,No,0.0,23,2030.45,2774.01,1805.31,2664.197142857143,8,2,33,2025
2025-08-14,P007,Running Shoes,Sports,96.45,No,0.0,33,3182.87,2030.45,1974.89,2696.36,8,3,33,2025
2025-08-15,P007,Running Shoes,Sports,100.65,Yes,0.106,18,1620.38,3182.87,2654.96,2868.9285714285716,8,4,33,2025
2025-08-16,P007,Running Shoes,Sports,89.33,No,0.0,32,2858.49,1620.38,2875.9,2721.131428571429,8,5,33,2025
2025-08-17,P007,Running Shoes,Sports,95.98,No,0.0,31,2975.35,2858.49,2670.47,2718.6442857142856,8,6,33,2025
2025-08-18,P007,Running Shoes,Sports,94.81,No,0.0,29,2749.46,2975.35,3893.84,2762.1985714285715,8,0,34,2025
2025-08-19,P007,Running Shoes,Sports,97.35,No,0.0,27,2628.54,2749.46,2774.01,2598.715714285714,8,1,34,2025
2025-08-20,P007,Running Shoes,Sports,98.73,No,0.0,25,2468.31,2628.54,2030.45,2577.934285714286,8,2,34,2025
2025-08-21,P007,Running Shoes,Sports,98.04,No,0.0,27,2647.03,2468.31,3182.87,2640.485714285714,8,3,34,2025
2025-08-22,P007,Running Shoes,Sports,96.77,No,0.0,22,2128.85,2647.03,1620.38,2563.937142857143,8,4,34,2025
2025-08-23,P007,Running Shoes,Sports,98.91,No,0.0,29,2868.37,2128.85,2858.49,2636.575714285714,8,5,34,2025
2025-08-24,P007,Running Shoes,Sports,97.91,No,0.0,34,3328.94,2868.37,2975.35,2637.9871428571428,8,6,34,2025
2025-08-25,P007,Running Shoes,Sports,97.28,No,0.0,28,2723.79,3328.94,2749.46,2688.5,8,0,35,2025
2025-08-26,P007,Running Shoes,Sports,104.25,No,0.0,22,2293.47,2723.79,2628.54,2684.832857142857,8,1,35,2025
2025-08-27,P007,Running Shoes,Sports,92.28,No,0.0,29,2676.1,2293.47,2468.31,2636.9657142857145,8,2,35,2025
2025-08-28,P007,Running Shoes,Sports,91.79,No,0.0,27,2478.35,2676.1,2647.03,2666.65,8,3,35,2025
2025-08-29,P007,Running Shoes,Sports,91.61,No,0.0,24,2198.66,2478.35,2128.85,2642.552857142857,8,4,35,2025
2025-08-30,P007,Running Shoes,Sports,94.39,No,0.0,31,2926.11,2198.66,2868.37,2652.5257142857145,8,5,35,2025
2025-08-31,P007,Running Shoes,Sports,94.61,No,0.0,32,3027.55,2926.11,3328.94,2660.774285714286,8,6,35,2025
2025-09-01,P007,Running Shoes,Sports,93.42,Yes,0.101,29,2435.24,3027.55,2723.79,2617.718571428571,9,0,36,2025
2025-09-02,P007,Running Shoes,Sports,88.57,No,0.0,19,1682.81,2435.24,2293.47,2576.497142857143,9,1,36,2025
2025-09-03,P007,Running Shoes,Sports,92.64,No,0.0,26,2408.52,1682.81,2676.1,2489.2599999999998,9,2,36,2025
2025-09-04,P007,Running Shoes,Sports,92.88,No,0.0,25,2322.1,2408.52,2478.35,2451.0342857142855,9,3,36,2025
2025-09-05,P007,Running Shoes,Sports,95.11,No,0.0,31,2948.48,2322.1,2198.66,2428.7128571428575,9,4,36,2025
2025-09-06,P007,Running Shoes,Sports,96.09,No,0.0,29,2786.73,2948.48,2926.11,2535.8300000000004,9,5,36,2025
2025-09-07,P007,Running Shoes,Sports,96.15,No,0.0,29,2788.3,2786.73,3027.55,2515.9185714285713,9,6,36,2025
2025-09-08,P007,Running Shoes,Sports,96.56,No,0.0,27,2607.0,2788.3,2435.24,2481.7400000000002,9,0,37,2025
2025-09-09,P007,Running Shoes,Sports,94.6,No,0.0,21,1986.53,2607.0,1682.81,2506.2771428571427,9,1,37,2025
2025-09-10,P007,Running Shoes,Sports,100.92,No,0.0,22,2220.33,1986.53,2408.52,2549.6657142857143,9,2,37,2025
2025-09-11,P007,Running Shoes,Sports,97.76,No,0.0,37,3617.21,2220.33,2322.1,2522.781428571429,9,3,37,2025
2025-09-12,P007,Running Shoes,Sports,94.84,No,0.0,26,2465.72,3617.21,2948.48,2707.797142857143,9,4,37,2025
2025-09-13,P007,Running Shoes,Sports,96.54,No,0.0,31,2992.64,2465.72,2786.73,2638.8314285714287,9,5,37,2025
2025-09-14,P007,Running Shoes,Sports,93.03,No,0.0,28,2604.97,2992.64,2788.3,2668.247142857143,9,6,37,2025
2025-09-15,P007,Running Shoes,Sports,99.66,No,0.0,22,2192.46,2604.97,2607.0,2642.057142857143,9,0,38,2025
2025-09-16,P007,Running Shoes,Sports,90.08,No,0.0,20,1801.63,2192.46,1986.53,2582.837142857143,9,1,38,2025
2025-09-17,P007,Running Shoes,Sports,97.82,No,0.0,29,2836.7,1801.63,2220.33,2556.422857142857,9,2,38,2025
2025-09-18,P007,Running Shoes,Sports,99.87,Yes,0.187,35,2842.43,2836.7,3617.21,2644.475714285714,9,3,38,2025
2025-09-19,P007,Running Shoes,Sports,92.82,Yes,0.159,42,3278.09,2842.43,2465.72,2533.792857142857,9,4,38,2025
2025-09-20,P007,Running Shoes,Sports,93.34,No,0.0,20,1866.88,3278.09,2992.64,2649.845714285714,9,5,38,2025
2025-09-21,P007,Running Shoes,Sports,94.99,No,0.0,22,2089.76,1866.88,2604.97,2489.022857142857,9,6,38,2025
2025-09-22,P007,Running Shoes,Sports,93.42,No,0.0,27,2522.26,2089.76,2192.46,2415.421428571429,9,0,39,2025
2025-09-23,P007,Running Shoes,Sports,95.15,Yes,0.084,26,2266.87,2522.26,1801.63,2462.535714285714,9,1,39,2025
2025-09-24,P007,Running Shoes,Sports,94.5,No,0.0,20,1889.98,2266.87,2836.7,2528.9985714285717,9,2,39,2025
2025-09-25,P007,Running Shoes,Sports,96.44,Yes,0.238,33,2426.59,1889.98,2842.43,2393.752857142857,9,3,39,2025
2025-09-26,P007,Running Shoes,Sports,96.84,No,0.0,27,2614.62,2426.59,3278.09,2334.347142857143,9,4,39,2025
2025-09-27,P007,Running Shoes,Sports,90.44,No,0.0,28,2532.38,2614.62,1866.88,2239.565714285714,9,5,39,2025
2025-09-28,P007,Running Shoes,Sports,94.69,Yes,0.174,37,2893.31,2532.38,2089.76,2334.637142857143,9,6,39,2025
2025-09-29,P007,Running Shoes,Sports,94.54,No,0.0,32,3025.15,2893.31,2522.26,2449.4300000000003,9,0,40,2025
2025-09-30,P007,Running Shoes,Sports,94.37,No,0.0,30,2831.03,3025.15,2266.87,2521.2714285714287,9,1,40,2025
2025-10-01,P007,Running Shoes,Sports,95.91,No,0.0,29,2781.44,2831.03,1889.98,2601.8657142857146,10,2,40,2025
2025-10-02,P007,Running Shoes,Sports,98.98,No,0.0,30,2969.4,2781.44,2426.59,2729.217142857143,10,3,40,2025
2025-10-03,P007,Running Shoes,Sports,96.42,No,0.0,18,1735.62,2969.4,2614.62,2806.761428571429,10,4,40,2025
2025-10-04,P007,Running Shoes,Sports,98.72,No,0.0,24,2369.33,1735.62,2532.38,2681.19,10,5,40,2025
2025-10-05,P007,Running Shoes,Sports,94.69,No,0.0,28,2651.28,2369.33,2893.31,2657.8971428571426,10,6,40,2025
2025-10-06,P007,Running Shoes,Sports,95.01,No,0.0,32,3040.37,2651.28,3025.15,2623.3214285714284,10,0,41,2025
2025-10-07,P007,Running Shoes,Sports,94.15,No,0.0,13,1224.0,3040.37,2831.03,2625.4957142857143,10,1,41,2025
2025-10-08,P007,Running Shoes,Sports,95.69,Yes,0.206,33,2507.65,1224.0,2781.44,2395.9199999999996,10,2,41,2025
2025-10-09,P007,Running Shoes,Sports,98.56,No,0.0,31,3055.47,2507.65,2969.4,2356.807142857143,10,3,41,2025
2025-10-10,P007,Running Shoes,Sports,93.38,No,0.0,20,1867.61,3055.47,1735.62,2369.1028571428574,10,4,41,2025
2025-10-11,P007,Running Shoes,Sports,90.2,No,0.0,24,2164.82,1867.61,2369.33,2387.9585714285713,10,5,41,2025
2025-10-12,P007,Running Shoes,Sports,95.41,Yes,0.088,45,3913.67,2164.82,2651.28,2358.742857142857,10,6,41,2025
2025-10-13,P007,Running Shoes,Sports,92.14,No,0.0,27,2487.7,3913.67,3040.37,2539.0842857142857,10,0,42,2025
2025-10-14,P007,Running Shoes,Sports,98.95,No,0.0,22,2176.91,2487.7,1224.0,2460.1314285714284,10,1,42,2025
2025-10-15,P007,Running Shoes,Sports,92.3,No,0.0,20,1846.08,2176.91,2507.65,2596.2614285714285,10,2,42,2025
2025-10-16,P007,Running Shoes,Sports,97.85,No,0.0,22,2152.66,1846.08,3055.47,2501.7514285714283,10,3,42,2025
2025-10-17,P007,Running Shoes,Sports,98.16,Yes,0.145,28,2349.09,2152.66,1867.61,2372.7785714285715,10,4,42,2025
2025-10-18,P007,Running Shoes,Sports,97.06,No,0.0,30,2911.8,2349.09,2164.82,2441.5614285714287,10,5,42,2025
2025-10-19,P007,Running Shoes,Sports,101.19,No,0.0,29,2934.6,2911.8,3913.67,2548.272857142857,10,6,42,2025
2025-10-20,P007,Running Shoes,Sports,91.4,No,0.0,39,3564.42,2934.6,2487.7,2408.405714285714,10,0,43,2025
2025-10-21,P007,Running Shoes,Sports,98.52,No,0.0,25,2462.96,3564.42,2176.91,2562.222857142857,10,1,43,2025
2025-10-22,P007,Running Shoes,Sports,95.93,No,0.0,23,2206.47,2462.96,1846.08,2603.087142857143,10,2,43,2025
2025-10-23,P007,Running Shoes,Sports,96.38,No,0.0,28,2698.66,2206.47,2152.66,2654.5714285714284,10,3,43,2025
2025-10-24,P007,Running Shoes,Sports,93.83,No,0.0,27,2533.29,2698.66,2349.09,2732.5714285714284,10,4,43,2025
2025-10-25,P007,Running Shoes,Sports,93.64,Yes,0.117,41,3390.44,2533.29,2911.8,2758.8857142857146,10,5,43,2025
2025-10-26,P007,Running Shoes,Sports,101.72,No,0.0,24,2441.39,3390.44,2934.6,2827.2628571428572,10,6,43,2025
2025-10-27,P007,Running Shoes,Sports,94.81,Yes,0.075,24,2105.9,2441.39,3564.42,2756.8042857142855,10,0,44,2025
2025-10-28,P007,Running Shoes,Sports,91.95,No,0.0,30,2758.46,2105.9,2462.96,2548.444285714286,10,1,44,2025
2025-10-29,P007,Running Shoes,Sports,97.1,No,0.0,32,3107.36,2758.46,2206.47,2590.6585714285716,10,2,44,2025
2025-10-30,P007,Running Shoes,Sports,91.05,No,0.0,24,2185.16,3107.36,2698.66,2719.3571428571427,10,3,44,2025
2025-10-31,P007,Running Shoes,Sports,92.17,No,0.0,22,2027.8,2185.16,2533.29,2646.0,10,4,44,2025
2025-11-01,P007,Running Shoes,Sports,95.57,No,0.0,42,4014.03,2027.8,3390.44,2573.7871428571425,11,5,44,2025
2025-11-02,P007,Running Shoes,Sports,94.42,No,0.0,35,3304.56,4014.03,2441.39,2662.871428571428,11,6,44,2025
2025-11-03,P007,Running Shoes,Sports,96.86,Yes,0.061,29,2636.43,3304.56,2105.9,2786.1814285714286,11,0,45,2025
2025-11-04,P007,Running Shoes,Sports,96.56,No,0.0,27,2607.22,2636.43,2758.46,2861.9714285714285,11,1,45,2025
2025-11-05,P007,Running Shoes,Sports,93.76,No,0.0,29,2719.01,2607.22,3107.36,2840.365714285714,11,2,45,2025
2025-11-06,P007,Running Shoes,Sports,92.68,No,0.0,25,2317.04,2719.01,2185.16,2784.887142857143,11,3,45,2025
2025-11-07,P007,Running Shoes,Sports,90.27,Yes,0.221,45,3166.53,2317.04,2027.8,2803.727142857143,11,4,45,2025
2025-11-08,P007,Running Shoes,Sports,99.25,No,0.0,33,3275.09,3166.53,4014.03,2966.402857142857,11,5,45,2025
2025-11-09,P007,Running Shoes,Sports,94.16,No,0.0,30,2824.72,3275.09,3304.56,2860.84,11,6,45,2025
2025-11-10,P007,Running Shoes,Sports,92.8,No,0.0,36,3340.65,2824.72,2636.43,2792.2914285714287,11,0,46,2025
2025-11-11,P007,Running Shoes,Sports,93.14,No,0.0,23,2142.3,3340.65,2607.22,2892.8942857142856,11,1,46,2025
2025-11-12,P007,Running Shoes,Sports,95.68,Yes,0.143,38,3115.67,2142.3,2719.01,2826.4771428571435,11,2,46,2025
2025-11-13,P007,Running Shoes,Sports,88.75,No,0.0,40,3550.16,3115.67,2317.04,2883.1428571428573,11,3,46,2025
2025-11-14,P007,Running Shoes,Sports,91.28,No,0.0,38,3468.55,3550.16,3166.53,3059.302857142857,11,4,46,2025
2025-11-15,P007,Running Shoes,Sports,96.38,No,0.0,39,3758.97,3468.55,3275.09,3102.4485714285715,11,5,46,2025
2025-11-16,P007,Running Shoes,Sports,89.29,No,0.0,44,3928.69,3758.97,2824.72,3171.574285714286,11,6,46,2025
2025-11-17,P007,Running Shoes,Sports,93.05,No,0.0,34,3163.53,3928.69,3340.65,3329.2842857142855,11,0,47,2025
2025-11-18,P007,Running Shoes,Sports,95.6,No,0.0,37,3537.24,3163.53,2142.3,3303.9814285714288,11,1,47,2025
2025-11-19,P007,Running Shoes,Sports,92.16,No,0.0,24,2211.8,3537.24,3115.67,3503.258571428571,11,2,47,2025
2025-11-20,P007,Running Shoes,Sports,96.73,No,0.0,31,2998.68,2211.8,3550.16,3374.1342857142854,11,3,47,2025
2025-11-21,P007,Running Shoes,Sports,97.44,No,0.0,34,3313.1,2998.68,3468.55,3295.3514285714286,11,4,47,2025
2025-11-22,P007,Running Shoes,Sports,103.46,No,0.0,42,4345.51,3313.1,3758.97,3273.144285714286,11,5,47,2025
2025-11-23,P007,Running Shoes,Sports,97.34,Yes,0.22,39,2962.4,4345.51,3928.69,3356.9357142857143,11,6,47,2025
2025-11-24,P007,Running Shoes,Sports,96.52,No,0.0,39,3764.33,2962.4,3163.53,3218.894285714286,11,0,48,2025
2025-11-25,P007,Running Shoes,Sports,95.26,No,0.0,32,3048.41,3764.33,3537.24,3304.722857142857,11,1,48,2025
2025-11-26,P007,Running Shoes,Sports,93.49,No,0.0,31,2898.33,3048.41,2211.8,3234.89,11,2,48,2025
2025-11-27,P007,Running Shoes,Sports,95.37,Yes,0.191,44,3393.78,2898.33,2998.68,3332.9657142857145,11,3,48,2025
2025-11-28,P007,Running Shoes,Sports,97.39,Yes,0.116,48,4132.7,3393.78,3313.1,3389.4085714285716,11,4,48,2025
2025-11-29,P007,Running Shoes,Sports,92.76,No,0.0,40,3710.57,4132.7,4345.51,3506.4942857142855,11,5,48,2025
2025-11-30,P007,Running Shoes,Sports,95.37,No,0.0,30,2861.19,3710.57,2962.4,3415.7885714285717,11,6,48,2025
2025-12-01,P007,Running Shoes,Sports,97.51,Yes,0.23,41,3076.35,2861.19,3764.33,3401.3299999999995,12,0,49,2025
2025-12-02,P007,Running Shoes,Sports,91.92,No,0.0,31,2849.42,3076.35,3048.41,3303.047142857143,12,1,49,2025
2025-12-03,P007,Running Shoes,Sports,93.46,No,0.0,37,3458.02,2849.42,2898.33,3274.62,12,2,49,2025
2025-12-04,P007,Running Shoes,Sports,92.92,Yes,0.105,32,2660.74,3458.02,3393.78,3354.575714285714,12,3,49,2025
2025-12-05,P007,Running Shoes,Sports,92.93,No,0.0,43,3995.93,2660.74,4132.7,3249.855714285714,12,4,49,2025
2025-12-06,P007,Running Shoes,Sports,90.54,No,0.0,37,3349.96,3995.93,3710.57,3230.3171428571427,12,5,49,2025
2025-12-07,P007,Running Shoes,Sports,97.08,Yes,0.051,52,4792.22,3349.96,2861.19,3178.8014285714285,12,6,49,2025
2025-12-08,P007,Running Shoes,Sports,97.98,No,0.0,29,2841.29,4792.22,3076.35,3454.662857142857,12,0,50,2025
2025-12-09,P007,Running Shoes,Sports,91.49,Yes,0.09,33,2745.98,2841.29,2849.42,3421.082857142857,12,1,50,2025
2025-12-10,P007,Running Shoes,Sports,97.41,No,0.0,31,3019.77,2745.98,3458.02,3406.305714285714,12,2,50,2025
2025-12-11,P007,Running Shoes,Sports,95.51,No,0.0,29,2769.76,3019.77,2660.74,3343.6985714285715,12,3,50,2025
2025-12-12,P007,Running Shoes,Sports,97.13,No,0.0,25,2428.37,2769.76,3995.93,3359.2728571428574,12,4,50,2025
2025-12-13,P007,Running Shoes,Sports,98.51,No,0.0,36,3546.42,2428.37,3349.96,3135.3357142857144,12,5,50,2025
2025-12-14,P007,Running Shoes,Sports,97.83,No,0.0,40,3913.14,3546.42,4792.22,3163.4014285714284,12,6,50,2025
2025-12-15,P007,Running Shoes,Sports,95.45,No,0.0,30,2863.58,3913.14,2841.29,3037.8185714285714,12,0,51,2025
2025-12-16,P007,Running Shoes,Sports,100.15,No,0.0,31,3104.74,2863.58,2745.98,3041.002857142857,12,1,51,2025
2025-12-17,P007,Running Shoes,Sports,95.91,No,0.0,28,2685.39,3104.74,3019.77,3092.254285714286,12,2,51,2025
2025-12-18,P007,Running Shoes,Sports,95.41,Yes,0.095,36,3107.96,2685.39,2769.76,3044.4857142857145,12,3,51,2025
2025-12-19,P007,Running Shoes,Sports,97.49,No,0.0,37,3606.99,3107.96,2428.37,3092.7999999999997,12,4,51,2025
2025-12-20,P007,Running Shoes,Sports,102.94,No,0.0,40,4117.48,3606.99,3546.42,3261.174285714286,12,5,51,2025
2025-12-21,P007,Running Shoes,Sports,96.91,Yes,0.192,62,4856.91,4117.48,3913.14,3342.7542857142857,12,6,51,2025
2025-12-22,P007,Running Shoes,Sports,100.47,No,0.0,32,3215.06,4856.91,2863.58,3477.5785714285707,12,0,52,2025
2025-12-23,P007,Running Shoes,Sports,95.61,No,0.0,47,4493.57,3215.06,3104.74,3527.79,12,1,52,2025
2025-12-24,P007,Running Shoes,Sports,93.52,No,0.0,42,3927.68,4493.57,2685.39,3726.1942857142853,12,2,52,2025
2025-12-25,P007,Running Shoes,Sports,99.51,No,0.0,38,3781.28,3927.68,3107.96,3903.6642857142856,12,3,52,2025
2025-12-26,P007,Running Shoes,Sports,94.59,No,0.0,45,4256.44,3781.28,3606.99,3999.852857142857,12,4,52,2025
2025-12-27,P007,Running Shoes,Sports,100.43,No,0.0,39,3916.6,4256.44,4117.48,4092.6314285714284,12,5,52,2025
2025-12-28,P007,Running Shoes,Sports,97.67,Yes,0.081,63,5653.54,3916.6,4856.91,4063.934285714286,12,6,52,2025
2025-12-29,P007,Running Shoes,Sports,99.44,Yes,0.226,52,4001.01,5653.54,3215.06,4177.738571428571,12,0,1,2025
2025-12-30,P007,Running Shoes,Sports,97.67,Yes,0.094,53,4691.71,4001.01,4493.57,4290.017142857143,12,1,1,2025
2025-12-31,P007,Running Shoes,Sports,94.18,No,0.0,44,4144.11,4691.71,3927.68,4318.322857142857,12,2,1,2025
2023-01-08,P008,Coffee Maker,Home Appliances,125.27,No,0.0,24,3006.42,3206.58,3526.44,2751.175714285714,1,6,1,2023
2023-01-09,P008,Coffee Maker,Home Appliances,136.7,No,0.0,19,2597.39,3006.42,2512.93,2676.887142857143,1,0,2,2023
2023-01-10,P008,Coffee Maker,Home Appliances,130.08,Yes,0.237,19,1884.56,2597.39,3642.46,2688.952857142857,1,1,2,2023
2023-01-11,P008,Coffee Maker,Home Appliances,125.24,No,0.0,12,1502.9,1884.56,1700.96,2437.824285714286,1,2,2,2023
2023-01-12,P008,Coffee Maker,Home Appliances,135.06,No,0.0,18,2431.03,1502.9,2325.89,2409.5299999999997,1,3,2,2023
2023-01-13,P008,Coffee Maker,Home Appliances,128.98,No,0.0,23,2966.54,2431.03,2342.97,2424.5499999999997,1,4,2,2023
2023-01-14,P008,Coffee Maker,Home Appliances,125.31,No,0.0,26,3258.09,2966.54,3206.58,2513.6314285714284,1,5,2,2023
2023-01-15,P008,Coffee Maker,Home Appliances,129.88,No,0.0,12,1558.56,3258.09,3006.42,2520.9900000000002,1,6,2,2023
2023-01-16,P008,Coffee Maker,Home Appliances,130.76,No,0.0,27,3530.53,1558.56,2597.39,2314.152857142857,1,0,3,2023
2023-01-17,P008,Coffee Maker,Home Appliances,131.12,No,0.0,16,2097.94,3530.53,1884.56,2447.4585714285713,1,1,3,2023
2023-01-18,P008,Coffee Maker,Home Appliances,129.51,Yes,0.095,17,1992.73,2097.94,1502.9,2477.941428571429,1,2,3,2023
2023-01-19,P008,Coffee Maker,Home Appliances,134.1,Yes,0.055,34,4308.87,1992.73,2431.03,2547.9171428571426,1,3,3,2023
2023-01-20,P008,Coffee Maker,Home Appliances,128.71,No,0.0,10,1287.11,4308.87,2966.54,2816.1800000000003,1,4,3,2023
2023-01-21,P008,Coffee Maker,Home Appliances,135.11,No,0.0,30,4053.32,1287.11,3258.09,2576.261428571429,1,5,3,2023
2023-01-22,P008,Coffee Maker,Home Appliances,122.67,No,0.0,25,3066.71,4053.32,1558.56,2689.8657142857146,1,6,3,2023
2023-01-23,P008,Coffee Maker,Home Appliances,129.68,No,0.0,21,2723.28,3066.71,3530.53,2905.315714285714,1,0,4,2023
2023-01-24,P008,Coffee Maker,Home Appliances,128.34,Yes,0.202,26,2661.79,2723.28,2097.94,2789.9942857142855,1,1,4,2023
2023-01-25,P008,Coffee Maker,Home Appliances,134.97,Yes,0.069,30,3771.52,2661.79,1992.73,2870.5442857142857,1,2,4,2023
2023-01-26,P008,Coffee Maker,Home Appliances,127.95,No,0.0,19,2431.13,3771.52,4308.87,3124.6571428571433,1,3,4,2023
2023-01-27,P008,Coffee Maker,Home Appliances,128.87,No,0.0,18,2319.59,2431.13,1287.11,2856.4085714285716,1,4,4,2023
2023-01-28,P008,Coffee Maker,Home Appliances,137.03,Yes,0.089,25,3120.12,2319.59,4053.32,3003.905714285714,1,5,4,2023
2023-01-29,P008,Coffee Maker,Home Appliances,123.46,No,0.0,13,1605.04,3120.12,3066.71,2870.5914285714284,1,6,4,2023
2023-01-30,P008,Coffee Maker,Home Appliances,134.82,Yes,0.147,35,4025.28,1605.04,2723.28,2661.781428571429,1,0,5,2023
2023-01-31,P008,Coffee Maker,Home Appliances,129.38,No,0.0,22,2846.32,4025.28,2661.79,2847.781428571429,1,1,5,2023
2023-02-01,P008,Coffee Maker,Home Appliances,136.7,No,0.0,11,1503.69,2846.32,3771.52,2874.1428571428573,2,2,5,2023
2023-02-02,P008,Coffee Maker,Home Appliances,122.4,Yes,0.225,27,2561.67,1503.69,2431.13,2550.167142857143,2,3,5,2023
2023-02-03,P008,Coffee Maker,Home Appliances,128.03,No,0.0,21,2688.64,2561.67,2319.59,2568.815714285714,2,4,5,2023
2023-02-04,P008,Coffee Maker,Home Appliances,134.53,No,0.0,32,4305.09,2688.64,3120.12,2621.5371428571425,2,5,5,2023
2023-02-05,P008,Coffee Maker,Home Appliances,129.17,No,0.0,14,1808.44,4305.09,1605.04,2790.8185714285714,2,6,5,2023
2023-02-06,P008,Coffee Maker,Home Appliances,124.01,Yes,0.192,19,1904.01,1808.44,4025.28,2819.8757142857144,2,0,6,2023
2023-02-07,P008,Coffee Maker,Home Appliances,122.51,No,0.0,23,2817.82,1904.01,2846.32,2516.837142857143,2,1,6,2023
2023-02-08,P008,Coffee Maker,Home Appliances,127.31,Yes,0.217,24,2392.67,2817.82,1503.69,2512.7657142857142,2,2,6,2023
2023-02-09,P008,Coffee Maker,Home Appliances,131.07,Yes,0.118,29,3353.76,2392.67,2561.67,2639.7628571428572,2,3,6,2023
2023-02-10,P008,Coffee Maker,Home Appliances,129.52,Yes,0.187,21,2210.02,3353.76,2688.64,2752.9185714285713,2,4,6,2023
2023-02-11,P008,Coffee Maker,Home Appliances,129.78,No,0.0,27,3504.14,2210.02,4305.09,2684.5442857142857,2,5,6,2023
2023-02-12,P008,Coffee Maker,Home Appliances,128.63,No,0.0,21,2701.33,3504.14,1808.44,2570.1228571428574,2,6,6,2023
2023-02-13,P008,Coffee Maker,Home Appliances,132.23,No,0.0,29,3834.66,2701.33,1904.01,2697.6785714285716,2,0,7,2023
2023-02-14,P008,Coffee Maker,Home Appliances,123.79,No,0.0,26,3218.47,3834.66,2817.82,2973.485714285714,2,1,7,2023
2023-02-15,P008,Coffee Maker,Home Appliances,131.4,No,0.0,19,2496.68,3218.47,2392.67,3030.7214285714285,2,2,7,2023
2023-02-16,P008,Coffee Maker,Home Appliances,125.62,No,0.0,18,2261.12,2496.68,3353.76,3045.5800000000004,2,3,7,2023
2023-02-17,P008,Coffee Maker,Home Appliances,131.56,No,0.0,20,2631.21,2261.12,2210.02,2889.488571428571,2,4,7,2023
2023-02-18,P008,Coffee Maker,Home Appliances,130.49,No,0.0,22,2870.78,2631.21,3504.14,2949.658571428571,2,5,7,2023
2023-02-19,P008,Coffee Maker,Home Appliances,128.68,No,0.0,19,2444.91,2870.78,2701.33,2859.1785714285716,2,6,7,2023
2023-02-20,P008,Coffee Maker,Home Appliances,131.24,No,0.0,19,2493.5,2444.91,3834.66,2822.547142857143,2,0,8,2023
2023-02-21,P008,Coffee Maker,Home Appliances,129.34,No,0.0,15,1940.17,2493.5,3218.47,2630.9528571428573,2,1,8,2023
2023-02-22,P008,Coffee Maker,Home Appliances,130.6,No,0.0,22,2873.2,1940.17,2496.68,2448.3385714285714,2,2,8,2023
2023-02-23,P008,Coffee Maker,Home Appliances,130.7,No,0.0,21,2744.69,2873.2,2261.12,2502.1271428571426,2,3,8,2023
2023-02-24,P008,Coffee Maker,Home Appliances,132.07,Yes,0.142,17,1925.73,2744.69,2631.21,2571.2085714285713,2,4,8,2023
2023-02-25,P008,Coffee Maker,Home Appliances,133.9,No,0.0,24,3213.59,1925.73,2870.78,2470.425714285714,2,5,8,2023
2023-02-26,P008,Coffee Maker,Home Appliances,130.96,No,0.0,26,3405.07,3213.59,2444.91,2519.3985714285714,2,6,8,2023
2023-02-27,P008,Coffee Maker,Home Appliances,130.42,No,0.0,17,2217.19,3405.07,2493.5,2656.5642857142857,2,0,9,2023
2023-02-28,P008,Coffee Maker,Home Appliances,126.91,Yes,0.147,32,3462.88,2217.19,1940.17,2617.0914285714284,2,1,9,2023
2023-03-01,P008,Coffee Maker,Home Appliances,125.49,No,0.0,9,1129.37,3462.88,2873.2,2834.621428571429,3,2,9,2023
2023-03-02,P008,Coffee Maker,Home Appliances,120.92,Yes,0.236,23,2125.74,1129.37,2744.69,2585.502857142857,3,3,9,2023
2023-03-03,P008,Coffee Maker,Home Appliances,138.75,No,0.0,18,2497.46,2125.74,1925.73,2497.0814285714287,3,4,9,2023
2023-03-04,P008,Coffee Maker,Home Appliances,129.82,No,0.0,22,2855.98,2497.46,3213.59,2578.7571428571428,3,5,9,2023
2023-03-05,P008,Coffee Maker,Home Appliances,136.63,Yes,0.111,36,4373.17,2855.98,3405.07,2527.6699999999996,3,6,9,2023
2023-03-06,P008,Coffee Maker,Home Appliances,127.92,No,0.0,22,2814.21,4373.17,2217.19,2665.9700000000003,3,0,10,2023
2023-03-07,P008,Coffee Maker,Home Appliances,124.06,No,0.0,21,2605.29,2814.21,3462.88,2751.2585714285715,3,1,10,2023
2023-03-08,P008,Coffee Maker,Home Appliances,119.43,No,0.0,22,2627.38,2605.29,1129.37,2628.7457142857143,3,2,10,2023
2023-03-09,P008,Coffee Maker,Home Appliances,125.44,Yes,0.065,17,1993.79,2627.38,2125.74,2842.7471428571434,3,3,10,2023
2023-03-10,P008,Coffee Maker,Home Appliances,129.48,No,0.0,25,3237.01,1993.79,2497.46,2823.8971428571426,3,4,10,2023
2023-03-11,P008,Coffee Maker,Home Appliances,131.76,No,0.0,16,2108.13,3237.01,2855.98,2929.547142857143,3,5,10,2023
2023-03-12,P008,Coffee Maker,Home Appliances,128.67,No,0.0,24,3088.01,2108.13,4373.17,2822.711428571429,3,6,10,2023
2023-03-13,P008,Coffee Maker,Home Appliances,133.12,No,0.0,15,1996.73,3088.01,2814.21,2639.117142857143,3,0,11,2023
2023-03-14,P008,Coffee Maker,Home Appliances,124.99,No,0.0,24,2999.76,1996.73,2605.29,2522.3342857142857,3,1,11,2023
2023-03-15,P008,Coffee Maker,Home Appliances,128.19,No,0.0,32,4101.93,2999.76,2627.38,2578.687142857143,3,2,11,2023
2023-03-16,P008,Coffee Maker,Home Appliances,132.31,No,0.0,15,1984.67,4101.93,1993.79,2789.337142857143,3,3,11,2023
2023-03-17,P008,Coffee Maker,Home Appliances,139.65,Yes,0.214,21,2304.53,1984.67,3237.01,2788.0342857142855,3,4,11,2023
2023-03-18,P008,Coffee Maker,Home Appliances,133.15,No,0.0,19,2529.94,2304.53,2108.13,2654.8228571428576,3,5,11,2023
2023-03-19,P008,Coffee Maker,Home Appliances,129.87,Yes,0.155,31,3402.25,2529.94,3088.01,2715.0814285714287,3,6,11,2023
2023-03-20,P008,Coffee Maker,Home Appliances,130.44,No,0.0,23,3000.1,3402.25,1996.73,2759.9728571428573,3,0,12,2023
2023-03-21,P008,Coffee Maker,Home Appliances,137.83,No,0.0,30,4134.98,3000.1,2999.76,2903.3114285714287,3,1,12,2023
2023-03-22,P008,Coffee Maker,Home Appliances,135.6,No,0.0,21,2847.52,4134.98,4101.93,3065.485714285714,3,2,12,2023
2023-03-23,P008,Coffee Maker,Home Appliances,140.89,No,0.0,20,2817.86,2847.52,1984.67,2886.284285714286,3,3,12,2023
2023-03-24,P008,Coffee Maker,Home Appliances,131.05,No,0.0,23,3014.11,2817.86,2304.53,3005.3114285714287,3,4,12,2023
2023-03-25,P008,Coffee Maker,Home Appliances,126.59,No,0.0,22,2784.9,3014.11,2529.94,3106.6800000000003,3,5,12,2023
2023-03-26,P008,Coffee Maker,Home Appliances,132.96,No,0.0,24,3191.06,2784.9,3402.25,3143.102857142857,3,6,12,2023
2023-03-27,P008,Coffee Maker,Home Appliances,129.3,No,0.0,20,2586.04,3191.06,3000.1,3112.932857142857,3,0,13,2023
2023-03-28,P008,Coffee Maker,Home Appliances,127.55,No,0.0,15,1913.18,2586.04,4134.98,3053.781428571429,3,1,13,2023
2023-03-29,P008,Coffee Maker,Home Appliances,130.7,No,0.0,26,3398.09,1913.18,2847.52,2736.381428571429,3,2,13,2023
2023-03-30,P008,Coffee Maker,Home Appliances,126.5,No,0.0,14,1770.93,3398.09,2817.86,2815.0342857142855,3,3,13,2023
2023-03-31,P008,Coffee Maker,Home Appliances,122.22,No,0.0,15,1833.34,1770.93,3014.11,2665.472857142857,3,4,13,2023
2023-04-01,P008,Coffee Maker,Home Appliances,127.9,No,0.0,22,2813.71,1833.34,2784.9,2496.7914285714287,4,5,13,2023
2023-04-02,P008,Coffee Maker,Home Appliances,138.78,Yes,0.223,24,2588.14,2813.71,3191.06,2500.907142857143,4,6,13,2023
2023-04-03,P008,Coffee Maker,Home Appliances,129.24,No,0.0,19,2455.63,2588.14,2586.04,2414.7757142857145,4,0,14,2023
2023-04-04,P008,Coffee Maker,Home Appliances,126.04,No,0.0,25,3150.98,2455.63,1913.18,2396.1457142857143,4,1,14,2023
2023-04-05,P008,Coffee Maker,Home Appliances,133.8,No,0.0,19,2542.26,3150.98,3398.09,2572.9742857142855,4,2,14,2023
2023-04-06,P008,Coffee Maker,Home Appliances,126.42,No,0.0,25,3160.54,2542.26,1770.93,2450.7128571428575,4,3,14,2023
2023-04-07,P008,Coffee Maker,Home Appliances,132.64,No,0.0,17,2254.82,3160.54,1833.34,2649.2285714285713,4,4,14,2023
2023-04-08,P008,Coffee Maker,Home Appliances,125.15,No,0.0,26,3254.03,2254.82,2813.71,2709.44,4,5,14,2023
2023-04-09,P008,Coffee Maker,Home Appliances,135.51,No,0.0,30,4065.27,3254.03,2588.14,2772.342857142857,4,6,14,2023
2023-04-10,P008,Coffee Maker,Home Appliances,129.23,No,0.0,21,2713.89,4065.27,2455.63,2983.361428571429,4,0,15,2023
2023-04-11,P008,Coffee Maker,Home Appliances,128.87,Yes,0.128,14,1573.11,2713.89,3150.98,3020.2557142857145,4,1,15,2023
2023-04-12,P008,Coffee Maker,Home Appliances,125.17,No,0.0,26,3254.52,1573.11,2542.26,2794.8457142857146,4,2,15,2023
2023-04-13,P008,Coffee Maker,Home Appliances,130.55,No,0.0,12,1566.57,3254.52,3160.54,2896.597142857143,4,3,15,2023
2023-04-14,P008,Coffee Maker,Home Appliances,130.54,No,0.0,19,2480.34,1566.57,2254.82,2668.8871428571433,4,4,15,2023
2023-04-15,P008,Coffee Maker,Home Appliances,128.41,No,0.0,19,2439.73,2480.34,3254.03,2701.104285714285,4,5,15,2023
2023-04-16,P008,Coffee Maker,Home Appliances,140.87,Yes,0.158,33,3912.78,2439.73,4065.27,2584.7757142857145,4,6,15,2023
2023-04-17,P008,Coffee Maker,Home Appliances,136.69,No,0.0,13,1777.03,3912.78,2713.89,2562.9914285714285,4,0,16,2023
2023-04-18,P008,Coffee Maker,Home Appliances,125.17,No,0.0,19,2378.22,1777.03,1573.11,2429.1542857142854,4,1,16,2023
2023-04-19,P008,Coffee Maker,Home Appliances,132.24,No,0.0,24,3173.7,2378.22,3254.52,2544.1700000000005,4,2,16,2023
2023-04-20,P008,Coffee Maker,Home Appliances,136.81,Yes,0.189,26,2884.37,3173.7,1566.57,2532.6242857142856,4,3,16,2023
2023-04-21,P008,Coffee Maker,Home Appliances,134.75,No,0.0,15,2021.2,2884.37,2480.34,2720.8814285714284,4,4,16,2023
2023-04-22,P008,Coffee Maker,Home Appliances,132.83,No,0.0,17,2258.08,2021.2,2439.73,2655.29,4,5,16,2023
2023-04-23,P008,Coffee Maker,Home Appliances,121.4,No,0.0,25,3035.04,2258.08,3912.78,2629.34,4,6,16,2023
2023-04-24,P008,Coffee Maker,Home Appliances,129.07,No,0.0,29,3743.12,3035.04,1777.03,2503.9485714285715,4,0,17,2023
2023-04-25,P008,Coffee Maker,Home Appliances,131.48,No,0.0,17,2235.18,3743.12,2378.22,2784.8185714285714,4,1,17,2023
2023-04-26,P008,Coffee Maker,Home Appliances,128.16,No,0.0,16,2050.56,2235.18,3173.7,2764.384285714286,4,2,17,2023
2023-04-27,P008,Coffee Maker,Home Appliances,130.87,No,0.0,22,2879.21,2050.56,2884.37,2603.9357142857143,4,3,17,2023
2023-04-28,P008,Coffee Maker,Home Appliances,123.86,No,0.0,23,2848.78,2879.21,2021.2,2603.1985714285715,4,4,17,2023
2023-04-29,P008,Coffee Maker,Home Appliances,130.23,No,0.0,21,2734.88,2848.78,2258.08,2721.4242857142854,4,5,17,2023
2023-04-30,P008,Coffee Maker,Home Appliances,125.36,Yes,0.134,25,2714.2,2734.88,3035.04,2789.5385714285717,4,6,17,2023
2023-05-01,P008,Coffee Maker,Home Appliances,141.65,No,0.0,22,3116.24,2714.2,3743.12,2743.7042857142856,5,0,18,2023
2023-05-02,P008,Coffee Maker,Home Appliances,130.81,No,0.0,18,2354.62,3116.24,2235.18,2654.15,5,1,18,2023
2023-05-03,P008,Coffee Maker,Home Appliances,132.47,No,0.0,33,4371.54,2354.62,2050.56,2671.2128571428575,5,2,18,2023
2023-05-04,P008,Coffee Maker,Home Appliances,128.43,Yes,0.097,26,3014.02,4371.54,2879.21,3002.781428571429,5,3,18,2023
2023-05-05,P008,Coffee Maker,Home Appliances,123.32,No,0.0,26,3206.23,3014.02,2848.78,3022.04,5,4,18,2023
2023-05-06,P008,Coffee Maker,Home Appliances,132.44,Yes,0.165,32,3540.49,3206.23,2734.88,3073.104285714286,5,5,18,2023
2023-05-07,P008,Coffee Maker,Home Appliances,127.2,Yes,0.065,27,3211.01,3540.49,2714.2,3188.191428571429,5,6,18,2023
2023-05-08,P008,Coffee Maker,Home Appliances,130.68,No,0.0,33,4312.47,3211.01,3116.24,3259.164285714286,5,0,19,2023
2023-05-09,P008,Coffee Maker,Home Appliances,127.0,No,0.0,26,3302.11,4312.47,2354.62,3430.054285714286,5,1,19,2023
2023-05-10,P008,Coffee Maker,Home Appliances,127.83,No,0.0,20,2556.56,3302.11,4371.54,3565.41,5,2,19,2023
2023-05-11,P008,Coffee Maker,Home Appliances,126.03,No,0.0,15,1890.51,2556.56,3014.02,3306.127142857143,5,3,19,2023
2023-05-12,P008,Coffee Maker,Home Appliances,127.86,No,0.0,25,3196.48,1890.51,3206.23,3145.6257142857144,5,4,19,2023
2023-05-13,P008,Coffee Maker,Home Appliances,129.03,No,0.0,19,2451.56,3196.48,3540.49,3144.2328571428575,5,5,19,2023
2023-05-14,P008,Coffee Maker,Home Appliances,132.54,Yes,0.074,31,3806.5,2451.56,3211.01,2988.671428571429,5,6,19,2023
2023-05-15,P008,Coffee Maker,Home Appliances,131.3,No,0.0,21,2757.36,3806.5,4312.47,3073.741428571429,5,0,20,2023
2023-05-16,P008,Coffee Maker,Home Appliances,131.74,Yes,0.15,36,4033.22,2757.36,3302.11,2851.5828571428574,5,1,20,2023
2023-05-17,P008,Coffee Maker,Home Appliances,134.43,Yes,0.131,28,3269.81,4033.22,2556.56,2956.0271428571427,5,2,20,2023
2023-05-18,P008,Coffee Maker,Home Appliances,128.7,No,0.0,27,3474.87,3269.81,1890.51,3057.9199999999996,5,3,20,2023
2023-05-19,P008,Coffee Maker,Home Appliances,115.94,No,0.0,18,2086.83,3474.87,3196.48,3284.2571428571428,5,4,20,2023
2023-05-20,P008,Coffee Maker,Home Appliances,127.69,No,0.0,22,2809.23,2086.83,2451.56,3125.7357142857145,5,5,20,2023
2023-05-21,P008,Coffee Maker,Home Appliances,134.89,No,0.0,16,2158.24,2809.23,3806.5,3176.8314285714287,5,6,20,2023
2023-05-22,P008,Coffee Maker,Home Appliances,137.2,No,0.0,14,1920.75,2158.24,2757.36,2941.365714285714,5,0,21,2023
2023-05-23,P008,Coffee Maker,Home Appliances,122.41,No,0.0,13,1591.38,1920.75,4033.22,2821.8499999999995,5,1,21,2023
2023-05-24,P008,Coffee Maker,Home Appliances,131.22,No,0.0,21,2755.55,1591.38,3269.81,2473.0157142857142,5,2,21,2023
2023-05-25,P008,Coffee Maker,Home Appliances,128.78,Yes,0.139,28,3103.3,2755.55,3474.87,2399.5499999999997,5,3,21,2023
2023-05-26,P008,Coffee Maker,Home Appliances,122.02,Yes,0.103,18,1971.15,3103.3,2086.83,2346.468571428572,5,4,21,2023
2023-05-27,P008,Coffee Maker,Home Appliances,133.58,Yes,0.121,35,4107.7,1971.15,2809.23,2329.942857142857,5,5,21,2023
2023-05-28,P008,Coffee Maker,Home Appliances,132.4,No,0.0,25,3310.02,4107.7,2158.24,2515.4385714285713,5,6,21,2023
2023-05-29,P008,Coffee Maker,Home Appliances,135.91,No,0.0,23,3125.97,3310.02,1920.75,2679.9785714285713,5,0,22,2023
2023-05-30,P008,Coffee Maker,Home Appliances,127.72,No,0.0,14,1788.05,3125.97,1591.38,2852.152857142857,5,1,22,2023
2023-05-31,P008,Coffee Maker,Home Appliances,130.56,No,0.0,22,2872.36,1788.05,2755.55,2880.2485714285713,5,2,22,2023
2023-06-01,P008,Coffee Maker,Home Appliances,131.12,No,0.0,26,3409.25,2872.36,3103.3,2896.9357142857143,6,3,22,2023
2023-06-02,P008,Coffee Maker,Home Appliances,135.26,No,0.0,30,4057.9,3409.25,1971.15,2940.6428571428573,6,4,22,2023
2023-06-03,P008,Coffee Maker,Home Appliances,138.1,No,0.0,35,4833.35,4057.9,4107.7,3238.75,6,5,22,2023
2023-06-04,P008,Coffee Maker,Home Appliances,133.37,No,0.0,40,5334.65,4833.35,3310.02,3342.414285714286,6,6,22,2023
2023-06-05,P008,Coffee Maker,Home Appliances,126.71,No,0.0,17,2154.1,5334.65,3125.97,3631.6471428571426,6,0,23,2023
2023-06-06,P008,Coffee Maker,Home Appliances,130.65,Yes,0.158,26,2858.59,2154.1,1788.05,3492.808571428571,6,1,23,2023
2023-06-07,P008,Coffee Maker,Home Appliances,131.7,No,0.0,26,3424.3,2858.59,2872.36,3645.7428571428572,6,2,23,2023
2023-06-08,P008,Coffee Maker,Home Appliances,123.32,No,0.0,16,1973.09,3424.3,3409.25,3724.5914285714284,6,3,23,2023
2023-06-09,P008,Coffee Maker,Home Appliances,136.66,No,0.0,21,2869.8,1973.09,4057.9,3519.425714285714,6,4,23,2023
2023-06-10,P008,Coffee Maker,Home Appliances,129.09,No,0.0,33,4260.1,2869.8,4833.35,3349.6971428571424,6,5,23,2023
2023-06-11,P008,Coffee Maker,Home Appliances,130.47,No,0.0,16,2087.5,4260.1,5334.65,3267.804285714286,6,6,23,2023
2023-06-12,P008,Coffee Maker,Home Appliances,127.82,No,0.0,30,3834.74,2087.5,2154.1,2803.9257142857145,6,0,24,2023
2023-06-13,P008,Coffee Maker,Home Appliances,129.91,No,0.0,26,3377.78,3834.74,2858.59,3044.0171428571425,6,1,24,2023
2023-06-14,P008,Coffee Maker,Home Appliances,127.26,No,0.0,28,3563.27,3377.78,3424.3,3118.187142857143,6,2,24,2023
2023-06-15,P008,Coffee Maker,Home Appliances,127.18,Yes,0.131,28,3096.11,3563.27,1973.09,3138.04,6,3,24,2023
2023-06-16,P008,Coffee Maker,Home Appliances,125.56,No,0.0,18,2260.0,3096.11,2869.8,3298.4714285714285,6,4,24,2023
2023-06-17,P008,Coffee Maker,Home Appliances,133.02,No,0.0,15,1995.33,2260.0,4260.1,3211.3571428571427,6,5,24,2023
2023-06-18,P008,Coffee Maker,Home Appliances,131.4,No,0.0,26,3416.53,1995.33,2087.5,2887.8185714285714,6,6,24,2023
2023-06-19,P008,Coffee Maker,Home Appliances,131.17,No,0.0,14,1836.44,3416.53,3834.74,3077.68,6,0,25,2023
2023-06-20,P008,Coffee Maker,Home Appliances,130.74,No,0.0,18,2353.24,1836.44,3377.78,2792.2085714285718,6,1,25,2023
2023-06-21,P008,Coffee Maker,Home Appliances,134.32,No,0.0,21,2820.67,2353.24,3563.27,2645.8457142857146,6,2,25,2023
2023-06-22,P008,Coffee Maker,Home Appliances,125.65,No,0.0,19,2387.4,2820.67,3096.11,2539.7599999999998,6,3,25,2023
2023-06-23,P008,Coffee Maker,Home Appliances,128.17,Yes,0.063,24,2883.73,2387.4,2260.0,2438.5157142857142,6,4,25,2023
2023-06-24,P008,Coffee Maker,Home Appliances,133.76,No,0.0,29,3879.18,2883.73,1995.33,2527.62,6,5,25,2023
2023-06-25,P008,Coffee Maker,Home Appliances,130.42,No,0.0,24,3129.97,3879.18,3416.53,2796.7414285714285,6,6,25,2023
2023-06-26,P008,Coffee Maker,Home Appliances,126.66,No,0.0,19,2406.47,3129.97,1836.44,2755.804285714286,6,0,26,2023
2023-06-27,P008,Coffee Maker,Home Appliances,127.6,No,0.0,15,1913.93,2406.47,2353.24,2837.2371428571423,6,1,26,2023
2023-06-28,P008,Coffee Maker,Home Appliances,132.74,No,0.0,25,3318.49,1913.93,2820.67,2774.4785714285713,6,2,26,2023
2023-06-29,P008,Coffee Maker,Home Appliances,128.99,Yes,0.183,40,4214.71,3318.49,2387.4,2845.595714285714,6,3,26,2023
2023-06-30,P008,Coffee Maker,Home Appliances,124.3,No,0.0,23,2858.93,4214.71,2883.73,3106.64,6,4,26,2023
2023-07-01,P008,Coffee Maker,Home Appliances,127.72,Yes,0.105,29,3314.25,2858.93,3879.18,3103.097142857143,7,5,26,2023
2023-07-02,P008,Coffee Maker,Home Appliances,125.3,Yes,0.092,33,3756.6,3314.25,3129.97,3022.3928571428573,7,6,26,2023
2023-07-03,P008,Coffee Maker,Home Appliances,130.4,No,0.0,28,3651.16,3756.6,2406.47,3111.911428571428,7,0,27,2023
2023-07-04,P008,Coffee Maker,Home Appliances,130.7,Yes,0.068,26,3167.8,3651.16,1913.93,3289.7242857142855,7,1,27,2023
2023-07-05,P008,Coffee Maker,Home Appliances,133.81,No,0.0,19,2542.45,3167.8,3318.49,3468.8485714285716,7,2,27,2023
2023-07-06,P008,Coffee Maker,Home Appliances,125.28,No,0.0,24,3006.79,2542.45,4214.71,3357.9857142857145,7,3,27,2023
2023-07-07,P008,Coffee Maker,Home Appliances,132.89,No,0.0,21,2790.61,3006.79,2858.93,3185.425714285714,7,4,27,2023
2023-07-08,P008,Coffee Maker,Home Appliances,130.37,No,0.0,21,2737.87,2790.61,3314.25,3175.6657142857143,7,5,27,2023
2023-07-09,P008,Coffee Maker,Home Appliances,131.36,No,0.0,22,2890.0,2737.87,3756.6,3093.325714285714,7,6,27,2023
2023-07-10,P008,Coffee Maker,Home Appliances,125.86,No,0.0,20,2517.3,2890.0,3651.16,2969.5257142857145,7,0,28,2023
2023-07-11,P008,Coffee Maker,Home Appliances,130.14,Yes,0.175,31,3329.36,2517.3,3167.8,2807.5457142857144,7,1,28,2023
2023-07-12,P008,Coffee Maker,Home Appliances,134.56,No,0.0,18,2422.15,3329.36,2542.45,2830.625714285714,7,2,28,2023
2023-07-13,P008,Coffee Maker,Home Appliances,126.48,Yes,0.108,23,2596.07,2422.15,3006.79,2813.44,7,3,28,2023
2023-07-14,P008,Coffee Maker,Home Appliances,137.02,Yes,0.213,24,2588.91,2596.07,2790.61,2754.7657142857142,7,4,28,2023
2023-07-15,P008,Coffee Maker,Home Appliances,125.76,No,0.0,36,4527.35,2588.91,2737.87,2725.9514285714286,7,5,28,2023
2023-07-16,P008,Coffee Maker,Home Appliances,126.35,No,0.0,27,3411.53,4527.35,2890.0,2981.5914285714284,7,6,28,2023
2023-07-17,P008,Coffee Maker,Home Appliances,122.0,No,0.0,18,2196.0,3411.53,2517.3,3056.0957142857146,7,0,29,2023
2023-07-18,P008,Coffee Maker,Home Appliances,132.41,No,0.0,32,4236.97,2196.0,3329.36,3010.1957142857145,7,1,29,2023
2023-07-19,P008,Coffee Maker,Home Appliances,124.9,No,0.0,19,2373.16,4236.97,2422.15,3139.854285714286,7,2,29,2023
2023-07-20,P008,Coffee Maker,Home Appliances,132.19,No,0.0,32,4230.19,2373.16,2596.07,3132.855714285714,7,3,29,2023
2023-07-21,P008,Coffee Maker,Home Appliances,124.19,No,0.0,24,2980.58,4230.19,2588.91,3366.3014285714285,7,4,29,2023
2023-07-22,P008,Coffee Maker,Home Appliances,136.07,No,0.0,28,3809.85,2980.58,4527.35,3422.2542857142857,7,5,29,2023
2023-07-23,P008,Coffee Maker,Home Appliances,134.01,Yes,0.217,30,3146.21,3809.85,3411.53,3319.754285714286,7,6,29,2023
2023-07-24,P008,Coffee Maker,Home Appliances,129.42,No,0.0,19,2459.01,3146.21,2196.0,3281.8514285714286,7,0,30,2023
2023-07-25,P008,Coffee Maker,Home Appliances,136.41,No,0.0,21,2864.71,2459.01,4236.97,3319.4242857142854,7,1,30,2023
2023-07-26,P008,Coffee Maker,Home Appliances,132.76,No,0.0,19,2522.41,2864.71,2373.16,3123.3871428571433,7,2,30,2023
2023-07-27,P008,Coffee Maker,Home Appliances,125.56,No,0.0,18,2260.0,2522.41,4230.19,3144.7085714285718,7,3,30,2023
2023-07-28,P008,Coffee Maker,Home Appliances,122.17,No,0.0,20,2443.48,2260.0,2980.58,2863.252857142857,7,4,30,2023
2023-07-29,P008,Coffee Maker,Home Appliances,130.26,No,0.0,17,2214.46,2443.48,3809.85,2786.524285714286,7,5,30,2023
2023-07-30,P008,Coffee Maker,Home Appliances,132.92,No,0.0,28,3721.75,2214.46,3146.21,2558.6114285714284,7,6,30,2023
2023-07-31,P008,Coffee Maker,Home Appliances,135.04,No,0.0,23,3105.93,3721.75,2459.01,2640.8314285714287,7,0,31,2023
2023-08-01,P008,Coffee Maker,Home Appliances,142.82,No,0.0,12,1713.85,3105.93,2864.71,2733.2485714285713,8,1,31,2023
2023-08-02,P008,Coffee Maker,Home Appliances,135.47,No,0.0,21,2844.87,1713.85,2522.41,2568.84,8,2,31,2023
2023-08-03,P008,Coffee Maker,Home Appliances,140.61,No,0.0,24,3374.52,2844.87,2260.0,2614.905714285714,8,3,31,2023
2023-08-04,P008,Coffee Maker,Home Appliances,136.93,No,0.0,21,2875.45,3374.52,2443.48,2774.1228571428574,8,4,31,2023
2023-08-05,P008,Coffee Maker,Home Appliances,126.95,No,0.0,33,4189.51,2875.45,2214.46,2835.8328571428574,8,5,31,2023
2023-08-06,P008,Coffee Maker,Home Appliances,128.16,No,0.0,29,3716.77,4189.51,3721.75,3117.9828571428575,8,6,31,2023
2023-08-07,P008,Coffee Maker,Home Appliances,135.17,No,0.0,20,2703.47,3716.77,3105.93,3117.2714285714283,8,0,32,2023
2023-08-08,P008,Coffee Maker,Home Appliances,135.62,Yes,0.054,19,2438.4,2703.47,1713.85,3059.777142857143,8,1,32,2023
2023-08-09,P008,Coffee Maker,Home Appliances,127.89,No,0.0,25,3197.33,2438.4,2844.87,3163.2842857142855,8,2,32,2023
2023-08-10,P008,Coffee Maker,Home Appliances,130.29,Yes,0.228,26,2613.6,3197.33,3374.52,3213.6357142857146,8,3,32,2023
2023-08-11,P008,Coffee Maker,Home Appliances,132.08,No,0.0,14,1849.12,2613.6,2875.45,3104.932857142857,8,4,32,2023
2023-08-12,P008,Coffee Maker,Home Appliances,131.28,No,0.0,15,1969.22,1849.12,4189.51,2958.3142857142852,8,5,32,2023
2023-08-13,P008,Coffee Maker,Home Appliances,122.65,No,0.0,21,2575.72,1969.22,3716.77,2641.13,8,6,32,2023
2023-08-14,P008,Coffee Maker,Home Appliances,129.12,No,0.0,19,2453.25,2575.72,2703.47,2478.1228571428574,8,0,33,2023
2023-08-15,P008,Coffee Maker,Home Appliances,133.01,No,0.0,18,2394.1,2453.25,2438.4,2442.3771428571426,8,1,33,2023
2023-08-16,P008,Coffee Maker,Home Appliances,130.97,No,0.0,19,2488.5,2394.1,3197.33,2436.0485714285714,8,2,33,2023
2023-08-17,P008,Coffee Maker,Home Appliances,123.73,No,0.0,20,2474.65,2488.5,2613.6,2334.787142857143,8,3,33,2023
2023-08-18,P008,Coffee Maker,Home Appliances,129.35,No,0.0,12,1552.19,2474.65,1849.12,2314.9371428571426,8,4,33,2023
2023-08-19,P008,Coffee Maker,Home Appliances,130.73,Yes,0.072,37,4490.88,1552.19,1969.22,2272.5185714285712,8,5,33,2023
2023-08-20,P008,Coffee Maker,Home Appliances,126.43,Yes,0.154,36,3851.56,4490.88,2575.72,2632.7557142857145,8,6,33,2023
2023-08-21,P008,Coffee Maker,Home Appliances,132.25,No,0.0,16,2115.93,3851.56,2453.25,2815.0185714285717,8,0,34,2023
2023-08-22,P008,Coffee Maker,Home Appliances,130.91,No,0.0,16,2094.51,2115.93,2394.1,2766.8299999999995,8,1,34,2023
2023-08-23,P008,Coffee Maker,Home Appliances,138.89,No,0.0,22,3055.61,2094.51,2488.5,2724.031428571429,8,2,34,2023
2023-08-24,P008,Coffee Maker,Home Appliances,126.66,Yes,0.192,23,2353.18,3055.61,2474.65,2805.047142857143,8,3,34,2023
2023-08-25,P008,Coffee Maker,Home Appliances,126.16,No,0.0,10,1261.64,2353.18,1552.19,2787.694285714286,8,4,34,2023
2023-08-26,P008,Coffee Maker,Home Appliances,127.03,No,0.0,25,3175.8,1261.64,4490.88,2746.187142857143,8,5,34,2023
2023-08-27,P008,Coffee Maker,Home Appliances,130.01,No,0.0,15,1950.1,3175.8,3851.56,2558.3185714285714,8,6,34,2023
2023-08-28,P008,Coffee Maker,Home Appliances,128.75,No,0.0,20,2575.05,1950.1,2115.93,2286.6814285714286,8,0,35,2023
2023-08-29,P008,Coffee Maker,Home Appliances,133.45,No,0.0,19,2535.5,2575.05,2094.51,2352.27,8,1,35,2023
2023-08-30,P008,Coffee Maker,Home Appliances,124.67,No,0.0,17,2119.39,2535.5,3055.61,2415.2685714285717,8,2,35,2023
2023-08-31,P008,Coffee Maker,Home Appliances,130.58,No,0.0,22,2872.78,2119.39,2353.18,2281.522857142857,8,3,35,2023
2023-09-01,P008,Coffee Maker,Home Appliances,129.94,No,0.0,14,1819.15,2872.78,1261.64,2355.7514285714283,9,4,35,2023
2023-09-02,P008,Coffee Maker,Home Appliances,125.11,No,0.0,18,2251.97,1819.15,3175.8,2435.3957142857143,9,5,35,2023
2023-09-03,P008,Coffee Maker,Home Appliances,125.0,No,0.0,17,2125.07,2251.97,1950.1,2303.42,9,6,35,2023
2023-09-04,P008,Coffee Maker,Home Appliances,130.51,No,0.0,20,2610.13,2125.07,2575.05,2328.4157142857143,9,0,36,2023
2023-09-05,P008,Coffee Maker,Home Appliances,130.33,No,0.0,26,3388.62,2610.13,2535.5,2333.427142857143,9,1,36,2023
2023-09-06,P008,Coffee Maker,Home Appliances,132.35,No,0.0,21,2779.26,3388.62,2119.39,2455.3014285714285,9,2,36,2023
2023-09-07,P008,Coffee Maker,Home Appliances,130.27,No,0.0,18,2344.9,2779.26,2872.78,2549.5685714285714,9,3,36,2023
2023-09-08,P008,Coffee Maker,Home Appliances,124.72,No,0.0,21,2619.07,2344.9,1819.15,2474.157142857143,9,4,36,2023
2023-09-09,P008,Coffee Maker,Home Appliances,126.29,No,0.0,27,3409.86,2619.07,2251.97,2588.4314285714286,9,5,36,2023
2023-09-10,P008,Coffee Maker,Home Appliances,128.0,Yes,0.145,27,2953.67,3409.86,2125.07,2753.844285714286,9,6,36,2023
2023-09-11,P008,Coffee Maker,Home Appliances,135.44,No,0.0,15,2031.58,2953.67,2610.13,2872.2157142857145,9,0,37,2023
2023-09-12,P008,Coffee Maker,Home Appliances,129.72,No,0.0,28,3632.05,2031.58,3388.62,2789.565714285714,9,1,37,2023
2023-09-13,P008,Coffee Maker,Home Appliances,123.14,No,0.0,19,2339.71,3632.05,2779.26,2824.341428571429,9,2,37,2023
2023-09-14,P008,Coffee Maker,Home Appliances,132.11,No,0.0,15,1981.64,2339.71,2344.9,2761.5485714285714,9,3,37,2023
2023-09-15,P008,Coffee Maker,Home Appliances,129.85,No,0.0,11,1428.3,1981.64,2619.07,2709.654285714286,9,4,37,2023
2023-09-16,P008,Coffee Maker,Home Appliances,129.87,No,0.0,25,3246.76,1428.3,3409.86,2539.5442857142857,9,5,37,2023
2023-09-17,P008,Coffee Maker,Home Appliances,137.02,No,0.0,23,3151.47,3246.76,2953.67,2516.2442857142855,9,6,37,2023
2023-09-18,P008,Coffee Maker,Home Appliances,129.73,Yes,0.145,22,2441.39,3151.47,2031.58,2544.5014285714283,9,0,38,2023
2023-09-19,P008,Coffee Maker,Home Appliances,133.11,Yes,0.072,20,2469.59,2441.39,3632.05,2603.0457142857144,9,1,38,2023
2023-09-20,P008,Coffee Maker,Home Appliances,130.53,No,0.0,25,3263.33,2469.59,2339.71,2436.98,9,2,38,2023
2023-09-21,P008,Coffee Maker,Home Appliances,124.7,No,0.0,18,2244.67,3263.33,1981.64,2568.925714285714,9,3,38,2023
2023-09-22,P008,Coffee Maker,Home Appliances,127.31,No,0.0,20,2546.14,2244.67,1428.3,2606.5014285714287,9,4,38,2023
2023-09-23,P008,Coffee Maker,Home Appliances,133.81,Yes,0.238,28,2855.63,2546.14,3246.76,2766.1928571428575,9,5,38,2023
2023-09-24,P008,Coffee Maker,Home Appliances,132.5,No,0.0,19,2517.44,2855.63,3151.47,2710.3171428571427,9,6,38,2023
2023-09-25,P008,Coffee Maker,Home Appliances,136.35,No,0.0,13,1772.5,2517.44,2441.39,2619.7414285714285,9,0,39,2023
2023-09-26,P008,Coffee Maker,Home Appliances,118.97,No,0.0,20,2379.43,1772.5,2469.59,2524.1857142857143,9,1,39,2023
2023-09-27,P008,Coffee Maker,Home Appliances,136.52,No,0.0,23,3140.05,2379.43,3263.33,2511.305714285714,9,2,39,2023
2023-09-28,P008,Coffee Maker,Home Appliances,128.98,No,0.0,18,2321.6,3140.05,2244.67,2493.694285714286,9,3,39,2023
2023-09-29,P008,Coffee Maker,Home Appliances,134.05,No,0.0,11,1474.51,2321.6,2546.14,2504.684285714286,9,4,39,2023
2023-09-30,P008,Coffee Maker,Home Appliances,131.86,No,0.0,18,2373.51,1474.51,2855.63,2351.594285714286,9,5,39,2023
2023-10-01,P008,Coffee Maker,Home Appliances,138.49,Yes,0.195,21,2342.5,2373.51,2517.44,2282.7200000000003,10,6,39,2023
2023-10-02,P008,Coffee Maker,Home Appliances,137.15,No,0.0,18,2468.66,2342.5,1772.5,2257.7285714285717,10,0,40,2023
2023-10-03,P008,Coffee Maker,Home Appliances,136.37,No,0.0,16,2181.89,2468.66,2379.43,2357.1800000000003,10,1,40,2023
2023-10-04,P008,Coffee Maker,Home Appliances,126.42,No,0.0,25,3160.5,2181.89,3140.05,2328.96,10,2,40,2023
2023-10-05,P008,Coffee Maker,Home Appliances,127.83,Yes,0.096,19,2196.48,3160.5,2321.6,2331.8814285714284,10,3,40,2023
2023-10-06,P008,Coffee Maker,Home Appliances,126.3,No,0.0,7,884.08,2196.48,1474.51,2314.0071428571428,10,4,40,2023
2023-10-07,P008,Coffee Maker,Home Appliances,129.45,No,0.0,23,2977.41,884.08,2373.51,2229.6600000000003,10,5,40,2023
2023-10-08,P008,Coffee Maker,Home Appliances,126.21,No,0.0,27,3407.77,2977.41,2342.5,2315.9314285714286,10,6,40,2023
2023-10-09,P008,Coffee Maker,Home Appliances,126.6,Yes,0.165,21,2220.75,3407.77,2468.66,2468.112857142857,10,0,41,2023
2023-10-10,P008,Coffee Maker,Home Appliances,123.03,No,0.0,17,2091.48,2220.75,2181.89,2432.697142857143,10,1,41,2023
2023-10-11,P008,Coffee Maker,Home Appliances,129.51,No,0.0,17,2201.61,2091.48,3160.5,2419.781428571429,10,2,41,2023
2023-10-12,P008,Coffee Maker,Home Appliances,134.59,Yes,0.176,25,2771.44,2201.61,2196.48,2282.7971428571427,10,3,41,2023
2023-10-13,P008,Coffee Maker,Home Appliances,137.58,No,0.0,18,2476.52,2771.44,884.08,2364.934285714286,10,4,41,2023
2023-10-14,P008,Coffee Maker,Home Appliances,124.22,Yes,0.069,22,2543.63,2476.52,2977.41,2592.425714285714,10,5,41,2023
2023-10-15,P008,Coffee Maker,Home Appliances,130.37,Yes,0.23,34,3413.48,2543.63,3407.77,2530.457142857143,10,6,41,2023
2023-10-16,P008,Coffee Maker,Home Appliances,126.42,No,0.0,13,1643.49,3413.48,2220.75,2531.272857142857,10,0,42,2023
2023-10-17,P008,Coffee Maker,Home Appliances,140.73,No,0.0,20,2814.54,1643.49,2091.48,2448.807142857143,10,1,42,2023
2023-10-18,P008,Coffee Maker,Home Appliances,130.8,Yes,,37,3851.01,2814.54,2201.61,2552.1014285714286,10,2,42,2023
2023-10-19,P008,Coffee Maker,Home Appliances,130.68,No,0.0,15,1960.19,3851.01,2771.44,2787.73,10,3,42,2023
2023-10-20,P008,Coffee Maker,Home Appliances,128.23,Yes,0.064,28,3358.97,1960.19,2476.52,2671.837142857143,10,4,42,2023
2023-10-21,P008,Coffee Maker,Home Appliances,128.43,No,0.0,14,1798.04,3358.97,2543.63,2797.901428571429,10,5,42,2023
2023-10-22,P008,Coffee Maker,Home Appliances,129.89,No,0.0,21,2727.74,1798.04,3413.48,2691.3885714285716,10,6,42,2023
2023-10-23,P008,Coffee Maker,Home Appliances,133.3,No,0.0,18,2399.32,2727.74,1643.49,2593.425714285714,10,0,43,2023
2023-10-24,P008,Coffee Maker,Home Appliances,126.27,No,0.0,19,2399.19,2399.32,2814.54,2701.4014285714284,10,1,43,2023
2023-10-25,P008,Coffee Maker,Home Appliances,130.87,Yes,0.14,19,2137.97,2399.19,3851.01,2642.065714285714,10,2,43,2023
2023-10-26,P008,Coffee Maker,Home Appliances,135.44,No,0.0,19,2573.43,2137.97,1960.19,2397.345714285714,10,3,43,2023
2023-10-27,P008,Coffee Maker,Home Appliances,135.53,No,0.0,17,2303.97,2573.43,3358.97,2484.9514285714286,10,4,43,2023
2023-10-28,P008,Coffee Maker,Home Appliances,130.45,Yes,0.131,39,4421.79,2303.97,1798.04,2334.2371428571428,10,5,43,2023
2023-10-29,P008,Coffee Maker,Home Appliances,127.51,Yes,0.078,24,2820.4,4421.79,2727.74,2709.058571428571,10,6,43,2023
2023-10-30,P008,Coffee Maker,Home Appliances,131.64,Yes,0.211,21,2181.45,2820.4,2399.32,2722.2957142857144,10,0,44,2023
2023-10-31,P008,Coffee Maker,Home Appliances,128.98,No,0.0,10,1289.81,2181.45,2399.19,2691.171428571429,10,1,44,2023
2023-11-01,P008,Coffee Maker,Home Appliances,135.94,No,0.0,23,3126.57,1289.81,2137.97,2532.6885714285713,11,2,44,2023
2023-11-02,P008,Coffee Maker,Home Appliances,136.0,No,0.0,23,3128.01,3126.57,2573.43,2673.917142857143,11,3,44,2023
2023-11-03,P008,Coffee Maker,Home Appliances,124.81,No,0.0,26,3245.0,3128.01,2303.97,2753.1428571428573,11,4,44,2023
2023-11-04,P008,Coffee Maker,Home Appliances,133.38,No,0.0,32,4268.01,3245.0,4421.79,2887.575714285714,11,5,44,2023
2023-11-05,P008,Coffee Maker,Home Appliances,132.36,No,0.0,26,3441.38,4268.01,2820.4,2865.6071428571427,11,6,44,2023
2023-11-06,P008,Coffee Maker,Home Appliances,133.02,No,0.0,21,2793.51,3441.38,2181.45,2954.3185714285714,11,0,45,2023
2023-11-07,P008,Coffee Maker,Home Appliances,128.36,No,0.0,22,2823.87,2793.51,1289.81,3041.7557142857145,11,1,45,2023
2023-11-08,P008,Coffee Maker,Home Appliances,127.25,No,0.0,30,3817.37,2823.87,3126.57,3260.907142857143,11,2,45,2023
2023-11-09,P008,Coffee Maker,Home Appliances,128.58,No,0.0,27,3471.65,3817.37,3128.01,3359.592857142857,11,3,45,2023
2023-11-10,P008,Coffee Maker,Home Appliances,126.77,No,0.0,25,3169.26,3471.65,3245.0,3408.684285714285,11,4,45,2023
2023-11-11,P008,Coffee Maker,Home Appliances,125.16,Yes,0.117,41,4531.48,3169.26,4268.01,3397.8642857142854,11,5,45,2023
2023-11-12,P008,Coffee Maker,Home Appliances,136.09,Yes,0.12,31,3711.89,4531.48,3441.38,3435.502857142857,11,6,45,2023
2023-11-13,P008,Coffee Maker,Home Appliances,119.7,No,0.0,14,1675.73,3711.89,2793.51,3474.1471428571426,11,0,46,2023
2023-11-14,P008,Coffee Maker,Home Appliances,126.11,No,0.0,19,2396.18,1675.73,2823.87,3314.464285714286,11,1,46,2023
2023-11-15,P008,Coffee Maker,Home Appliances,137.88,No,0.0,25,3447.06,2396.18,3817.37,3253.365714285714,11,2,46,2023
2023-11-16,P008,Coffee Maker,Home Appliances,134.51,No,0.0,21,2824.73,3447.06,3471.65,3200.464285714286,11,3,46,2023
2023-11-17,P008,Coffee Maker,Home Appliances,126.14,No,0.0,25,3153.6,2824.73,3169.26,3108.047142857143,11,4,46,2023
2023-11-18,P008,Coffee Maker,Home Appliances,134.32,Yes,0.182,37,4064.23,3153.6,4531.48,3105.81,11,5,46,2023
2023-11-19,P008,Coffee Maker,Home Appliances,133.64,No,0.0,26,3474.59,4064.23,3711.89,3039.06,11,6,46,2023
2023-11-20,P008,Coffee Maker,Home Appliances,134.99,No,0.0,17,2294.79,3474.59,1675.73,3005.16,11,0,47,2023
2023-11-21,P008,Coffee Maker,Home Appliances,123.75,Yes,0.207,34,3334.73,2294.79,2396.18,3093.597142857143,11,1,47,2023
2023-11-22,P008,Coffee Maker,Home Appliances,123.75,Yes,0.156,33,3447.23,3334.73,3447.06,3227.675714285714,11,2,47,2023
2023-11-23,P008,Coffee Maker,Home Appliances,131.75,No,0.0,32,4216.04,3447.23,2824.73,3227.7,11,3,47,2023
2023-11-24,P008,Coffee Maker,Home Appliances,134.66,No,0.0,30,4039.83,4216.04,3153.6,3426.4585714285713,11,4,47,2023
2023-11-25,P008,Coffee Maker,Home Appliances,129.85,No,0.0,24,3116.4,4039.83,4064.23,3553.0628571428574,11,5,47,2023
2023-11-26,P008,Coffee Maker,Home Appliances,126.53,No,0.0,21,2657.18,3116.4,3474.59,3417.6585714285716,11,6,47,2023
2023-11-27,P008,Coffee Maker,Home Appliances,130.75,Yes,0.233,27,2708.24,2657.18,2294.79,3300.8857142857146,11,0,48,2023
2023-11-28,P008,Coffee Maker,Home Appliances,120.71,No,0.0,18,2172.8,2708.24,3334.73,3359.9500000000003,11,1,48,2023
2023-11-29,P008,Coffee Maker,Home Appliances,134.9,No,0.0,18,2428.25,2172.8,3447.23,3193.96,11,2,48,2023
2023-11-30,P008,Coffee Maker,Home Appliances,117.55,No,0.0,19,2233.45,2428.25,4216.04,3048.3914285714286,11,3,48,2023
2023-12-01,P008,Coffee Maker,Home Appliances,136.59,No,0.0,20,2731.75,2233.45,4039.83,2765.164285714286,12,4,48,2023
2023-12-02,P008,Coffee Maker,Home Appliances,125.4,Yes,0.152,35,3719.85,2731.75,3116.4,2578.2957142857144,12,5,48,2023
2023-12-03,P008,Coffee Maker,Home Appliances,129.38,No,0.0,21,2716.93,3719.85,2657.18,2664.502857142857,12,6,48,2023
2023-12-04,P008,Coffee Maker,Home Appliances,129.23,Yes,0.055,38,4642.41,2716.93,2708.24,2673.0385714285717,12,0,49,2023
2023-12-05,P008,Coffee Maker,Home Appliances,129.72,Yes,0.127,35,3963.82,4642.41,2172.8,2949.348571428571,12,1,49,2023
2023-12-06,P008,Coffee Maker,Home Appliances,122.88,No,0.0,28,3440.63,3963.82,2428.25,3205.2085714285713,12,2,49,2023
2023-12-07,P008,Coffee Maker,Home Appliances,131.45,Yes,0.233,29,2923.75,3440.63,2233.45,3349.8342857142857,12,3,49,2023
2023-12-08,P008,Coffee Maker,Home Appliances,133.87,No,0.0,18,2409.62,2923.75,2731.75,3448.4485714285715,12,4,49,2023
2023-12-09,P008,Coffee Maker,Home Appliances,137.14,No,0.0,19,2605.61,2409.62,3719.85,3402.43,12,5,49,2023
2023-12-10,P008,Coffee Maker,Home Appliances,121.04,No,0.0,32,3873.44,2605.61,2716.93,3243.252857142857,12,6,49,2023
2023-12-11,P008,Coffee Maker,Home Appliances,136.41,No,0.0,28,3819.46,3873.44,4642.41,3408.468571428572,12,0,50,2023
2023-12-12,P008,Coffee Maker,Home Appliances,134.42,No,0.0,22,2957.16,3819.46,3963.82,3290.904285714286,12,1,50,2023
2023-12-13,P008,Coffee Maker,Home Appliances,122.61,No,0.0,19,2329.61,2957.16,3440.63,3147.0957142857146,12,2,50,2023
2023-12-14,P008,Coffee Maker,Home Appliances,125.1,No,0.0,25,3127.46,2329.61,2923.75,2988.378571428572,12,3,50,2023
2023-12-15,P008,Coffee Maker,Home Appliances,129.24,No,0.0,26,3360.22,3127.46,2409.62,3017.48,12,4,50,2023
2023-12-16,P008,Coffee Maker,Home Appliances,128.72,No,0.0,26,3346.7,3360.22,2605.61,3153.28,12,5,50,2023
2023-12-17,P008,Coffee Maker,Home Appliances,132.36,No,0.0,20,2647.25,3346.7,3873.44,3259.15,12,6,50,2023
2023-12-18,P008,Coffee Maker,Home Appliances,126.52,No,0.0,23,2910.0,2647.25,3819.46,3083.9799999999996,12,0,51,2023
2023-12-19,P008,Coffee Maker,Home Appliances,128.59,No,0.0,19,2443.27,2910.0,2957.16,2954.0571428571425,12,1,51,2023
2023-12-20,P008,Coffee Maker,Home Appliances,125.36,No,0.0,29,3635.52,2443.27,2329.61,2880.6442857142856,12,2,51,2023
2023-12-21,P008,Coffee Maker,Home Appliances,123.0,Yes,0.053,41,4775.19,3635.52,3127.46,3067.202857142857,12,3,51,2023
2023-12-22,P008,Coffee Maker,Home Appliances,127.36,No,0.0,27,3438.62,4775.19,3360.22,3302.592857142857,12,4,51,2023
2023-12-23,P008,Coffee Maker,Home Appliances,142.17,No,0.0,29,4123.02,3438.62,3346.7,3313.792857142857,12,5,51,2023
2023-12-24,P008,Coffee Maker,Home Appliances,130.75,No,0.0,30,3922.4,4123.02,2647.25,3424.6957142857145,12,6,51,2023
2023-12-25,P008,Coffee Maker,Home Appliances,127.74,No,0.0,29,3704.36,3922.4,2910.0,3606.86,12,0,52,2023
2023-12-26,P008,Coffee Maker,Home Appliances,123.56,No,0.0,34,4200.92,3704.36,2443.27,3720.34,12,1,52,2023
2023-12-27,P008,Coffee Maker,Home Appliances,130.92,No,0.0,28,3665.78,4200.92,3635.52,3971.4328571428573,12,2,52,2023
2023-12-28,P008,Coffee Maker,Home Appliances,128.84,No,0.0,30,3865.27,3665.78,4775.19,3975.7557142857145,12,3,52,2023
2023-12-29,P008,Coffee Maker,Home Appliances,126.47,Yes,0.224,39,3825.76,3865.27,3438.62,3845.7671428571425,12,4,52,2023
2023-12-30,P008,Coffee Maker,Home Appliances,127.12,No,0.0,41,5212.03,3825.76,4123.02,3901.0728571428576,12,5,52,2023
2023-12-31,P008,Coffee Maker,Home Appliances,129.48,No,0.0,36,4661.15,5212.03,3922.4,4056.6457142857143,12,6,52,2023
2024-01-01,P008,Coffee Maker,Home Appliances,128.09,Yes,0.162,23,2469.46,4661.15,3704.36,4162.181428571429,1,0,1,2024
2024-01-02,P008,Coffee Maker,Home Appliances,137.28,No,0.0,25,3431.89,2469.46,4200.92,3985.7671428571434,1,1,1,2024
2024-01-03,P008,Coffee Maker,Home Appliances,127.6,Yes,0.245,41,3950.1,3431.89,3665.78,3875.905714285714,1,2,1,2024
2024-01-04,P008,Coffee Maker,Home Appliances,127.56,Yes,0.183,21,2187.57,3950.1,3865.27,3916.522857142857,1,3,1,2024
2024-01-05,P008,Coffee Maker,Home Appliances,134.2,No,0.0,19,2549.85,2187.57,3825.76,3676.8514285714286,1,4,1,2024
2024-01-06,P008,Coffee Maker,Home Appliances,128.76,Yes,0.196,28,2896.94,2549.85,5212.03,3494.5785714285707,1,5,1,2024
2024-01-07,P008,Coffee Maker,Home Appliances,129.07,No,0.0,29,3742.93,2896.94,4661.15,3163.8514285714286,1,6,1,2024
2024-01-08,P008,Coffee Maker,Home Appliances,135.91,No,0.0,26,3533.57,3742.93,2469.46,3032.6771428571433,1,0,2,2024
2024-01-09,P008,Coffee Maker,Home Appliances,136.44,No,0.0,18,2455.93,3533.57,3431.89,3184.692857142857,1,1,2,2024
2024-01-10,P008,Coffee Maker,Home Appliances,128.54,Yes,0.158,28,3030.63,2455.93,3950.1,3045.27,1,2,2,2024
2024-01-11,P008,Coffee Maker,Home Appliances,131.95,No,0.0,27,3562.71,3030.63,2187.57,2913.9171428571426,1,3,2,2024
2024-01-12,P008,Coffee Maker,Home Appliances,125.16,Yes,0.12,30,3302.65,3562.71,2549.85,3110.3657142857146,1,4,2,2024
2024-01-13,P008,Coffee Maker,Home Appliances,132.24,No,0.0,28,3702.86,3302.65,2896.94,3217.908571428571,1,5,2,2024
2024-01-14,P008,Coffee Maker,Home Appliances,136.57,No,0.0,19,2594.92,3702.86,3742.93,3333.04,1,6,2,2024
2024-01-15,P008,Coffee Maker,Home Appliances,135.72,No,0.0,16,2171.52,2594.92,3533.57,3169.0385714285717,1,0,3,2024
2024-01-16,P008,Coffee Maker,Home Appliances,133.92,No,0.0,22,2946.15,2171.52,2455.93,2974.46,1,1,3,2024
2024-01-17,P008,Coffee Maker,Home Appliances,126.44,Yes,0.219,31,3063.07,2946.15,3030.63,3044.4914285714285,1,2,3,2024
2024-01-18,P008,Coffee Maker,Home Appliances,136.79,No,0.0,13,1778.28,3063.07,3562.71,3049.125714285714,1,3,3,2024
2024-01-19,P008,Coffee Maker,Home Appliances,127.34,No,0.0,22,2801.53,1778.28,3302.65,2794.207142857143,1,4,3,2024
2024-01-20,P008,Coffee Maker,Home Appliances,128.72,No,0.0,24,3089.21,2801.53,3702.86,2722.6185714285716,1,5,3,2024
2024-01-21,P008,Coffee Maker,Home Appliances,129.66,No,0.0,22,2852.5,3089.21,2594.92,2634.9542857142856,1,6,3,2024
2024-01-22,P008,Coffee Maker,Home Appliances,131.32,Yes,0.122,24,2768.37,2852.5,2171.52,2671.7514285714287,1,0,4,2024
2024-01-23,P008,Coffee Maker,Home Appliances,127.96,No,0.0,19,2431.24,2768.37,2946.15,2757.0157142857142,1,1,4,2024
2024-01-24,P008,Coffee Maker,Home Appliances,128.14,No,0.0,32,4100.45,2431.24,3063.07,2683.4571428571426,1,2,4,2024
2024-01-25,P008,Coffee Maker,Home Appliances,126.27,No,0.0,23,2904.21,4100.45,1778.28,2831.6542857142854,1,3,4,2024
2024-01-26,P008,Coffee Maker,Home Appliances,137.19,No,0.0,25,3429.73,2904.21,2801.53,2992.5014285714287,1,4,4,2024
2024-01-27,P008,Coffee Maker,Home Appliances,134.22,Yes,0.114,27,3211.17,3429.73,3089.21,3082.244285714286,1,5,4,2024
2024-01-28,P008,Coffee Maker,Home Appliances,127.18,No,0.0,39,4959.88,3211.17,2852.5,3099.6671428571426,1,6,4,2024
2024-01-29,P008,Coffee Maker,Home Appliances,123.39,No,0.0,22,2714.55,4959.88,2768.37,3400.7214285714285,1,0,5,2024
2024-01-30,P008,Coffee Maker,Home Appliances,132.94,No,0.0,16,2126.98,2714.55,2431.24,3393.032857142857,1,1,5,2024
2024-01-31,P008,Coffee Maker,Home Appliances,129.99,No,0.0,19,2469.79,2126.98,4100.45,3349.5671428571427,1,2,5,2024
2024-02-01,P008,Coffee Maker,Home Appliances,129.28,No,0.0,12,1551.33,2469.79,2904.21,3116.6157142857146,2,3,5,2024
2024-02-02,P008,Coffee Maker,Home Appliances,125.01,No,0.0,20,2500.12,1551.33,3429.73,2923.347142857143,2,4,5,2024
2024-02-03,P008,Coffee Maker,Home Appliances,128.67,No,0.0,22,2830.78,2500.12,3211.17,2790.5457142857144,2,5,5,2024
2024-02-04,P008,Coffee Maker,Home Appliances,130.3,No,0.0,25,3257.48,2830.78,4959.88,2736.2042857142856,2,6,5,2024
2024-02-05,P008,Coffee Maker,Home Appliances,131.72,No,0.0,18,2371.01,3257.48,2714.55,2493.0042857142857,2,0,6,2024
2024-02-06,P008,Coffee Maker,Home Appliances,130.96,Yes,0.103,17,1996.64,2371.01,2126.98,2443.9271428571433,2,1,6,2024
2024-02-07,P008,Coffee Maker,Home Appliances,126.63,No,0.0,23,2912.57,1996.64,2469.79,2425.307142857143,2,2,6,2024
2024-02-08,P008,Coffee Maker,Home Appliances,124.19,No,0.0,25,3104.79,2912.57,1551.33,2488.5614285714287,2,3,6,2024
2024-02-09,P008,Coffee Maker,Home Appliances,123.13,No,0.0,15,1846.89,3104.79,2500.12,2710.4842857142858,2,4,6,2024
2024-02-10,P008,Coffee Maker,Home Appliances,132.04,No,0.0,26,3432.98,1846.89,2830.78,2617.165714285715,2,5,6,2024
2024-02-11,P008,Coffee Maker,Home Appliances,126.34,No,0.0,29,3663.92,3432.98,3257.48,2703.194285714286,2,6,6,2024
2024-02-12,P008,Coffee Maker,Home Appliances,134.23,No,0.0,27,3624.32,3663.92,2371.01,2761.2571428571428,2,0,7,2024
2024-02-13,P008,Coffee Maker,Home Appliances,126.95,Yes,0.091,25,2883.73,3624.32,1996.64,2940.3014285714285,2,1,7,2024
2024-02-14,P008,Coffee Maker,Home Appliances,136.1,Yes,0.235,39,4058.62,2883.73,2912.57,3067.028571428571,2,2,7,2024
2024-02-15,P008,Coffee Maker,Home Appliances,126.85,No,0.0,25,3171.25,4058.62,3104.79,3230.75,2,3,7,2024
2024-02-16,P008,Coffee Maker,Home Appliances,129.8,Yes,0.127,28,3171.76,3171.25,1846.89,3240.2442857142855,2,4,7,2024
2024-02-17,P008,Coffee Maker,Home Appliances,125.96,No,0.0,29,3652.95,3171.76,3432.98,3429.5114285714285,2,5,7,2024
2024-02-18,P008,Coffee Maker,Home Appliances,133.88,No,0.0,19,2543.72,3652.95,3663.92,3460.9357142857143,2,6,7,2024
2024-02-19,P008,Coffee Maker,Home Appliances,124.79,No,0.0,20,2495.88,2543.72,3624.32,3300.9071428571433,2,0,8,2024
2024-02-20,P008,Coffee Maker,Home Appliances,133.57,No,0.0,23,3072.13,2495.88,2883.73,3139.7014285714286,2,1,8,2024
2024-02-21,P008,Coffee Maker,Home Appliances,128.81,No,0.0,16,2060.99,3072.13,4058.62,3166.6157142857146,2,2,8,2024
2024-02-22,P008,Coffee Maker,Home Appliances,135.5,No,0.0,21,2845.6,2060.99,3171.25,2881.2400000000002,2,3,8,2024
2024-02-23,P008,Coffee Maker,Home Appliances,136.13,No,0.0,18,2450.27,2845.6,3171.76,2834.718571428571,2,4,8,2024
2024-02-24,P008,Coffee Maker,Home Appliances,129.18,No,0.0,21,2712.73,2450.27,3652.95,2731.6485714285714,2,5,8,2024
2024-02-25,P008,Coffee Maker,Home Appliances,135.56,No,0.0,23,3117.99,2712.73,2543.72,2597.3314285714287,2,6,8,2024
2024-02-26,P008,Coffee Maker,Home Appliances,136.16,Yes,0.174,30,3373.1,3117.99,2495.88,2679.37,2,0,9,2024
2024-02-27,P008,Coffee Maker,Home Appliances,124.49,Yes,0.197,27,2699.39,3373.1,3072.13,2804.6871428571426,2,1,9,2024
2024-02-28,P008,Coffee Maker,Home Appliances,126.76,No,0.0,17,2154.9,2699.39,2060.99,2751.4385714285713,2,2,9,2024
2024-02-29,P008,Coffee Maker,Home Appliances,131.43,No,0.0,26,3417.06,2154.9,2845.6,2764.8542857142857,2,3,9,2024
2024-03-01,P008,Coffee Maker,Home Appliances,128.12,Yes,0.066,32,3831.15,3417.06,2450.27,2846.4914285714285,3,4,9,2024
2024-03-02,P008,Coffee Maker,Home Appliances,141.4,Yes,0.178,30,3488.06,3831.15,2712.73,3043.7599999999998,3,5,9,2024
2024-03-03,P008,Coffee Maker,Home Appliances,124.41,Yes,0.198,36,3591.13,3488.06,3117.99,3154.5214285714283,3,6,9,2024
2024-03-04,P008,Coffee Maker,Home Appliances,141.57,No,0.0,23,3256.07,3591.13,3373.1,3222.112857142857,3,0,10,2024
2024-03-05,P008,Coffee Maker,Home Appliances,138.02,No,0.0,29,4002.57,3256.07,2699.39,3205.394285714286,3,1,10,2024
2024-03-06,P008,Coffee Maker,Home Appliances,124.68,No,0.0,25,3116.88,4002.57,2154.9,3391.5628571428574,3,2,10,2024
2024-03-07,P008,Coffee Maker,Home Appliances,122.77,No,0.0,23,2823.64,3116.88,3417.06,3528.9885714285715,3,3,10,2024
2024-03-08,P008,Coffee Maker,Home Appliances,132.05,No,0.0,31,4093.62,2823.64,3831.15,3444.214285714286,3,4,10,2024
2024-03-09,P008,Coffee Maker,Home Appliances,128.68,No,0.0,36,4632.63,4093.62,3488.06,3481.71,3,5,10,2024
2024-03-10,P008,Coffee Maker,Home Appliances,121.81,Yes,0.224,34,3212.57,4632.63,3591.13,3645.2200000000003,3,6,10,2024
2024-03-11,P008,Coffee Maker,Home Appliances,128.17,Yes,0.083,25,2937.54,3212.57,3256.07,3591.14,3,0,11,2024
2024-03-12,P008,Coffee Maker,Home Appliances,130.62,No,0.0,16,2089.96,2937.54,4002.57,3545.6357142857146,3,1,11,2024
2024-03-13,P008,Coffee Maker,Home Appliances,126.42,No,0.0,28,3539.79,2089.96,3116.88,3272.405714285714,3,2,11,2024
2024-03-14,P008,Coffee Maker,Home Appliances,130.74,Yes,0.208,35,3625.99,3539.79,2823.64,3332.8214285714284,3,3,11,2024
2024-03-15,P008,Coffee Maker,Home Appliances,130.4,Yes,0.241,38,3763.1,3625.99,4093.62,3447.442857142857,3,4,11,2024
2024-03-16,P008,Coffee Maker,Home Appliances,124.48,Yes,0.163,37,3856.81,3763.1,4632.63,3400.2257142857147,3,5,11,2024
2024-03-17,P008,Coffee Maker,Home Appliances,128.12,No,0.0,37,4740.51,3856.81,3212.57,3289.3942857142856,3,6,11,2024
2024-03-18,P008,Coffee Maker,Home Appliances,132.59,No,0.0,24,3182.21,4740.51,2937.54,3507.671428571429,3,0,12,2024
2024-03-19,P008,Coffee Maker,Home Appliances,132.6,No,0.0,24,3182.51,3182.21,2089.96,3542.6242857142856,3,1,12,2024
2024-03-20,P008,Coffee Maker,Home Appliances,127.8,Yes,0.224,24,2381.26,3182.51,3539.79,3698.7028571428573,3,2,12,2024
2024-03-21,P008,Coffee Maker,Home Appliances,128.08,No,0.0,27,3458.11,2381.26,3625.99,3533.1985714285715,3,3,12,2024
2024-03-22,P008,Coffee Maker,Home Appliances,119.06,No,0.0,19,2262.11,3458.11,3763.1,3509.2157142857145,3,4,12,2024
2024-03-23,P008,Coffee Maker,Home Appliances,131.02,No,0.0,32,4192.53,2262.11,3856.81,3294.7885714285717,3,5,12,2024
2024-03-24,P008,Coffee Maker,Home Appliances,126.93,No,0.0,28,3554.04,4192.53,4740.51,3342.7485714285717,3,6,12,2024
2024-03-25,P008,Coffee Maker,Home Appliances,125.31,No,0.0,20,2506.1,3554.04,3182.21,3173.252857142857,3,0,13,2024
2024-03-26,P008,Coffee Maker,Home Appliances,132.69,No,0.0,23,3051.94,2506.1,3182.51,3076.6657142857143,3,1,13,2024
2024-03-27,P008,Coffee Maker,Home Appliances,120.01,No,0.0,28,3360.36,3051.94,2381.26,3058.0128571428572,3,2,13,2024
2024-03-28,P008,Coffee Maker,Home Appliances,132.65,No,0.0,21,2785.66,3360.36,3458.11,3197.884285714286,3,3,13,2024
2024-03-29,P008,Coffee Maker,Home Appliances,129.52,No,0.0,22,2849.46,2785.66,2262.11,3101.82,3,4,13,2024
2024-03-30,P008,Coffee Maker,Home Appliances,125.34,No,0.0,26,3258.94,2849.46,4192.53,3185.727142857143,3,5,13,2024
2024-03-31,P008,Coffee Maker,Home Appliances,135.04,No,0.0,21,2835.76,3258.94,3554.04,3052.3571428571427,3,6,13,2024
2024-04-01,P008,Coffee Maker,Home Appliances,130.41,No,0.0,22,2869.01,2835.76,2506.1,2949.7457142857143,4,0,14,2024
2024-04-02,P008,Coffee Maker,Home Appliances,134.32,No,0.0,26,3492.23,2869.01,3051.94,3001.59,4,1,14,2024
2024-04-03,P008,Coffee Maker,Home Appliances,127.79,No,0.0,19,2428.04,3492.23,3360.36,3064.488571428571,4,2,14,2024
2024-04-04,P008,Coffee Maker,Home Appliances,137.28,No,0.0,32,4393.0,2428.04,2785.66,2931.2999999999997,4,3,14,2024
2024-04-05,P008,Coffee Maker,Home Appliances,128.3,No,0.0,23,2951.0,4393.0,2849.46,3160.9199999999996,4,4,14,2024
2024-04-06,P008,Coffee Maker,Home Appliances,120.94,Yes,0.188,45,4420.29,2951.0,3258.94,3175.425714285714,4,5,14,2024
2024-04-07,P008,Coffee Maker,Home Appliances,127.53,Yes,0.197,34,3481.58,4420.29,2835.76,3341.3328571428574,4,6,14,2024
2024-04-08,P008,Coffee Maker,Home Appliances,129.75,No,0.0,27,3503.24,3481.58,2869.01,3433.5928571428567,4,0,15,2024
2024-04-09,P008,Coffee Maker,Home Appliances,129.95,No,0.0,21,2728.95,3503.24,3492.23,3524.197142857143,4,1,15,2024
2024-04-10,P008,Coffee Maker,Home Appliances,127.76,No,0.0,38,4854.87,2728.95,2428.04,3415.157142857143,4,2,15,2024
2024-04-11,P008,Coffee Maker,Home Appliances,129.55,No,0.0,25,3238.86,4854.87,4393.0,3761.847142857143,4,3,15,2024
2024-04-12,P008,Coffee Maker,Home Appliances,129.92,No,0.0,19,2468.47,3238.86,2951.0,3596.9700000000003,4,4,15,2024
2024-04-13,P008,Coffee Maker,Home Appliances,133.99,No,0.0,24,3215.88,2468.47,4420.29,3528.0371428571425,4,5,15,2024
2024-04-14,P008,Coffee Maker,Home Appliances,131.03,No,0.0,23,3013.75,3215.88,3481.58,3355.9785714285713,4,6,15,2024
2024-04-15,P008,Coffee Maker,Home Appliances,128.26,Yes,0.167,25,2670.81,3013.75,3503.24,3289.1457142857143,4,0,16,2024
2024-04-16,P008,Coffee Maker,Home Appliances,130.04,No,0.0,24,3120.95,2670.81,2728.95,3170.227142857143,4,1,16,2024
2024-04-17,P008,Coffee Maker,Home Appliances,126.37,No,0.0,26,3285.68,3120.95,4854.87,3226.2271428571426,4,2,16,2024
2024-04-18,P008,Coffee Maker,Home Appliances,125.94,No,0.0,20,2518.89,3285.68,3238.86,3002.0571428571425,4,3,16,2024
2024-04-19,P008,Coffee Maker,Home Appliances,129.57,No,0.0,27,3498.43,2518.89,2468.47,2899.204285714285,4,4,16,2024
2024-04-20,P008,Coffee Maker,Home Appliances,123.72,Yes,0.153,39,4086.28,3498.43,3215.88,3046.3414285714284,4,5,16,2024
2024-04-21,P008,Coffee Maker,Home Appliances,127.06,No,0.0,26,3303.52,4086.28,3013.75,3170.684285714286,4,6,16,2024
2024-04-22,P008,Coffee Maker,Home Appliances,134.32,No,0.0,26,3492.36,3303.52,2670.81,3212.0799999999995,4,0,17,2024
2024-04-23,P008,Coffee Maker,Home Appliances,133.86,No,0.0,26,3480.33,3492.36,3120.95,3329.4442857142853,4,1,17,2024
2024-04-24,P008,Coffee Maker,Home Appliances,129.1,No,0.0,25,3227.59,3480.33,3285.68,3380.784285714286,4,2,17,2024
2024-04-25,P008,Coffee Maker,Home Appliances,132.09,No,0.0,28,3698.41,3227.59,2518.89,3372.4857142857145,4,3,17,2024
2024-04-26,P008,Coffee Maker,Home Appliances,126.85,No,0.0,34,4312.75,3698.41,3498.43,3540.9885714285715,4,4,17,2024
2024-04-27,P008,Coffee Maker,Home Appliances,129.12,No,0.0,30,3873.48,4312.75,4086.28,3657.32,4,5,17,2024
2024-04-28,P008,Coffee Maker,Home Appliances,139.77,Yes,0.138,30,3614.99,3873.48,3303.52,3626.9199999999996,4,6,17,2024
2024-04-29,P008,Coffee Maker,Home Appliances,131.7,No,0.0,25,3292.6,3614.99,3492.36,3671.4157142857143,4,0,18,2024
2024-04-30,P008,Coffee Maker,Home Appliances,125.87,Yes,0.051,27,3225.51,3292.6,3480.33,3642.878571428572,4,1,18,2024
2024-05-01,P008,Coffee Maker,Home Appliances,135.21,No,0.0,29,3921.0,3225.51,3227.59,3606.4757142857147,5,2,18,2024
2024-05-02,P008,Coffee Maker,Home Appliances,129.87,No,0.0,22,2857.17,3921.0,3698.41,3705.5342857142855,5,3,18,2024
2024-05-03,P008,Coffee Maker,Home Appliances,124.57,No,0.0,27,3363.28,2857.17,4312.75,3585.3571428571427,5,4,18,2024
2024-05-04,P008,Coffee Maker,Home Appliances,130.56,No,0.0,34,4439.11,3363.28,3873.48,3449.718571428571,5,5,18,2024
2024-05-05,P008,Coffee Maker,Home Appliances,125.86,No,0.0,30,3775.69,4439.11,3614.99,3530.522857142857,5,6,18,2024
2024-05-06,P008,Coffee Maker,Home Appliances,124.88,No,0.0,21,2622.4,3775.69,3292.6,3553.4799999999996,5,0,19,2024
2024-05-07,P008,Coffee Maker,Home Appliances,130.11,No,0.0,27,3513.1,2622.4,3225.51,3457.7371428571428,5,1,19,2024
2024-05-08,P008,Coffee Maker,Home Appliances,132.32,No,0.0,33,4366.61,3513.1,3921.0,3498.8214285714284,5,2,19,2024
2024-05-09,P008,Coffee Maker,Home Appliances,130.09,No,0.0,23,2992.12,4366.61,2857.17,3562.48,5,3,19,2024
2024-05-10,P008,Coffee Maker,Home Appliances,131.74,No,0.0,30,3952.24,2992.12,3363.28,3581.758571428571,5,4,19,2024
2024-05-11,P008,Coffee Maker,Home Appliances,133.52,No,0.0,27,3605.02,3952.24,4439.11,3665.8957142857143,5,5,19,2024
2024-05-12,P008,Coffee Maker,Home Appliances,128.33,No,0.0,25,3208.34,3605.02,3775.69,3546.7400000000002,5,6,19,2024
2024-05-13,P008,Coffee Maker,Home Appliances,127.89,No,0.0,27,3453.04,3208.34,2622.4,3465.69,5,0,20,2024
2024-05-14,P008,Coffee Maker,Home Appliances,133.29,No,0.0,31,4132.03,3453.04,3513.1,3584.352857142857,5,1,20,2024
2024-05-15,P008,Coffee Maker,Home Appliances,134.41,Yes,0.125,37,4352.96,4132.03,4366.61,3672.7714285714287,5,2,20,2024
2024-05-16,P008,Coffee Maker,Home Appliances,131.49,Yes,0.146,24,2694.26,4352.96,2992.12,3670.8214285714284,5,3,20,2024
2024-05-17,P008,Coffee Maker,Home Appliances,132.59,No,0.0,19,2519.23,2694.26,3952.24,3628.27,5,4,20,2024
2024-05-18,P008,Coffee Maker,Home Appliances,126.54,Yes,0.176,41,4275.87,2519.23,3605.02,3423.5542857142855,5,5,20,2024
2024-05-19,P008,Coffee Maker,Home Appliances,131.63,No,0.0,39,5133.55,4275.87,3208.34,3519.3899999999994,5,6,20,2024
2024-05-20,P008,Coffee Maker,Home Appliances,138.02,No,0.0,25,3450.52,5133.55,3453.04,3794.4199999999996,5,0,21,2024
2024-05-21,P008,Coffee Maker,Home Appliances,130.42,No,0.0,29,3782.27,3450.52,4132.03,3794.0600000000004,5,1,21,2024
2024-05-22,P008,Coffee Maker,Home Appliances,132.29,No,0.0,21,2778.19,3782.27,4352.96,3744.094285714285,5,2,21,2024
2024-05-23,P008,Coffee Maker,Home Appliances,132.75,No,0.0,26,3451.55,2778.19,2694.26,3519.1271428571426,5,3,21,2024
2024-05-24,P008,Coffee Maker,Home Appliances,133.32,No,0.0,25,3332.98,3451.55,2519.23,3627.3114285714287,5,4,21,2024
2024-05-25,P008,Coffee Maker,Home Appliances,128.52,No,0.0,24,3084.52,3332.98,4275.87,3743.5614285714287,5,5,21,2024
2024-05-26,P008,Coffee Maker,Home Appliances,128.79,No,0.0,35,4507.75,3084.52,5133.55,3573.368571428571,5,6,21,2024
2024-05-27,P008,Coffee Maker,Home Appliances,129.8,No,0.0,12,1557.65,4507.75,3450.52,3483.968571428571,5,0,22,2024
2024-05-28,P008,Coffee Maker,Home Appliances,137.98,Yes,0.246,48,4996.79,1557.65,3782.27,3213.558571428571,5,1,22,2024
2024-05-29,P008,Coffee Maker,Home Appliances,121.45,Yes,0.151,38,3919.27,4996.79,2778.19,3387.0614285714287,5,2,22,2024
2024-05-30,P008,Coffee Maker,Home Appliances,133.19,Yes,0.248,25,2503.16,3919.27,3451.55,3550.0728571428567,5,3,22,2024
2024-05-31,P008,Coffee Maker,Home Appliances,128.58,Yes,0.207,35,3568.16,2503.16,3332.98,3414.5885714285714,5,4,22,2024
2024-06-01,P008,Coffee Maker,Home Appliances,135.0,Yes,0.232,30,3109.03,3568.16,3084.52,3448.1857142857143,6,5,22,2024
2024-06-02,P008,Coffee Maker,Home Appliances,130.51,No,0.0,22,2871.17,3109.03,4507.75,3451.687142857143,6,6,22,2024
2024-06-03,P008,Coffee Maker,Home Appliances,132.36,Yes,0.189,37,3969.63,2871.17,1557.65,3217.89,6,0,23,2024
2024-06-04,P008,Coffee Maker,Home Appliances,130.07,No,0.0,13,1690.95,3969.63,4996.79,3562.4585714285713,6,1,23,2024
2024-06-05,P008,Coffee Maker,Home Appliances,128.75,No,0.0,35,4506.12,1690.95,3919.27,3090.195714285714,6,2,23,2024
2024-06-06,P008,Coffee Maker,Home Appliances,125.53,No,0.0,27,3389.32,4506.12,2503.16,3174.031428571429,6,3,23,2024
2024-06-07,P008,Coffee Maker,Home Appliances,133.91,No,0.0,22,2945.95,3389.32,3568.16,3300.6257142857144,6,4,23,2024
2024-06-08,P008,Coffee Maker,Home Appliances,135.46,No,0.0,30,4063.69,2945.95,3109.03,3211.7385714285715,6,5,23,2024
2024-06-09,P008,Coffee Maker,Home Appliances,133.96,No,,30,4018.83,4063.69,2871.17,3348.118571428571,6,6,23,2024
2024-06-10,P008,Coffee Maker,Home Appliances,126.55,No,0.0,35,4429.24,4018.83,3969.63,3512.07,6,0,24,2024
2024-06-11,P008,Coffee Maker,Home Appliances,136.91,No,0.0,30,4107.43,4429.24,1690.95,3577.7285714285713,6,1,24,2024
2024-06-12,P008,Coffee Maker,Home Appliances,126.74,No,0.0,30,3802.29,4107.43,4506.12,3922.9399999999996,6,2,24,2024
2024-06-13,P008,Coffee Maker,Home Appliances,126.02,No,0.0,25,3150.43,3802.29,3389.32,3822.3928571428573,6,3,24,2024
2024-06-14,P008,Coffee Maker,Home Appliances,128.62,No,0.0,27,3472.68,3150.43,2945.95,3788.2657142857142,6,4,24,2024
2024-06-15,P008,Coffee Maker,Home Appliances,127.64,Yes,0.051,36,4358.85,3472.68,4063.69,3863.5128571428572,6,5,24,2024
2024-06-16,P008,Coffee Maker,Home Appliances,125.52,No,0.0,40,5020.7,4358.85,4018.83,3905.6785714285716,6,6,24,2024
2024-06-17,P008,Coffee Maker,Home Appliances,129.45,Yes,0.061,23,2794.71,5020.7,4429.24,4048.802857142857,6,0,25,2024
2024-06-18,P008,Coffee Maker,Home Appliances,134.61,No,0.0,20,2692.16,2794.71,4107.43,3815.2985714285714,6,1,25,2024
2024-06-19,P008,Coffee Maker,Home Appliances,122.75,No,0.0,36,4419.03,2692.16,3802.29,3613.117142857143,6,2,25,2024
2024-06-20,P008,Coffee Maker,Home Appliances,136.3,No,0.0,22,2998.55,4419.03,3150.43,3701.222857142857,6,3,25,2024
2024-06-21,P008,Coffee Maker,Home Appliances,131.15,No,0.0,25,3278.82,2998.55,3472.68,3679.5257142857145,6,4,25,2024
2024-06-22,P008,Coffee Maker,Home Appliances,129.58,No,0.0,27,3498.61,3278.82,4358.85,3651.8314285714287,6,5,25,2024
2024-06-23,P008,Coffee Maker,Home Appliances,126.61,No,0.0,31,3924.9,3498.61,5020.7,3528.94,6,6,25,2024
2024-06-24,P008,Coffee Maker,Home Appliances,121.56,Yes,0.057,28,3208.0,3924.9,2794.71,3372.3971428571426,6,0,26,2024
2024-06-25,P008,Coffee Maker,Home Appliances,123.06,Yes,0.109,30,3289.24,3208.0,2692.16,3431.4385714285713,6,1,26,2024
2024-06-26,P008,Coffee Maker,Home Appliances,126.43,No,0.0,24,3034.43,3289.24,4419.03,3516.7357142857145,6,2,26,2024
2024-06-27,P008,Coffee Maker,Home Appliances,128.88,No,0.0,28,3608.53,3034.43,2998.55,3318.9357142857148,6,3,26,2024
2024-06-28,P008,Coffee Maker,Home Appliances,123.06,No,0.0,21,2584.36,3608.53,3278.82,3406.075714285714,6,4,26,2024
2024-06-29,P008,Coffee Maker,Home Appliances,126.26,No,0.0,31,3914.21,2584.36,3498.61,3306.867142857143,6,5,26,2024
2024-06-30,P008,Coffee Maker,Home Appliances,134.17,No,0.0,22,2951.66,3914.21,3924.9,3366.238571428571,6,6,26,2024
2024-07-01,P008,Coffee Maker,Home Appliances,139.19,No,0.0,27,3758.17,2951.66,3208.0,3227.2042857142856,7,0,27,2024
2024-07-02,P008,Coffee Maker,Home Appliances,129.58,No,0.0,25,3239.51,3758.17,3289.24,3305.8,7,1,27,2024
2024-07-03,P008,Coffee Maker,Home Appliances,117.6,No,0.0,25,2940.12,3239.51,3034.43,3298.695714285714,7,2,27,2024
2024-07-04,P008,Coffee Maker,Home Appliances,128.27,No,0.0,18,2308.84,2940.12,3608.53,3285.222857142857,7,3,27,2024
2024-07-05,P008,Coffee Maker,Home Appliances,134.06,No,0.0,24,3217.44,2308.84,2584.36,3099.5528571428576,7,4,27,2024
2024-07-06,P008,Coffee Maker,Home Appliances,129.29,No,0.0,26,3361.57,3217.44,3914.21,3189.9928571428572,7,5,27,2024
2024-07-07,P008,Coffee Maker,Home Appliances,124.53,Yes,0.098,41,4605.61,3361.57,2951.66,3111.0442857142857,7,6,27,2024
2024-07-08,P008,Coffee Maker,Home Appliances,135.9,No,0.0,32,4348.82,4605.61,3758.17,3347.3228571428576,7,0,28,2024
2024-07-09,P008,Coffee Maker,Home Appliances,135.29,No,0.0,18,2435.19,4348.82,3239.51,3431.7014285714286,7,1,28,2024
2024-07-10,P008,Coffee Maker,Home Appliances,128.79,No,0.0,23,2962.22,2435.19,2940.12,3316.7985714285714,7,2,28,2024
2024-07-11,P008,Coffee Maker,Home Appliances,126.07,No,0.0,22,2773.46,2962.22,2308.84,3319.9557142857147,7,3,28,2024
2024-07-12,P008,Coffee Maker,Home Appliances,129.07,No,0.0,19,2452.33,2773.46,3217.44,3386.3299999999995,7,4,28,2024
2024-07-13,P008,Coffee Maker,Home Appliances,132.04,Yes,0.212,29,3016.78,2452.33,3361.57,3277.028571428571,7,5,28,2024
2024-07-14,P008,Coffee Maker,Home Appliances,132.89,No,0.0,20,2657.81,3016.78,4605.61,3227.772857142857,7,6,28,2024
2024-07-15,P008,Coffee Maker,Home Appliances,127.69,No,0.0,37,4724.69,2657.81,4348.82,2949.5157142857142,7,0,29,2024
2024-07-16,P008,Coffee Maker,Home Appliances,133.61,Yes,0.173,35,3868.65,4724.69,2435.19,3003.2114285714283,7,1,29,2024
2024-07-17,P008,Coffee Maker,Home Appliances,122.98,No,0.0,27,3320.4,3868.65,2962.22,3207.9914285714285,7,2,29,2024
2024-07-18,P008,Coffee Maker,Home Appliances,128.38,No,0.0,22,2824.47,3320.4,2773.46,3259.16,7,3,29,2024
2024-07-19,P008,Coffee Maker,Home Appliances,127.52,No,0.0,25,3188.0,2824.47,2452.33,3266.447142857143,7,4,29,2024
2024-07-20,P008,Coffee Maker,Home Appliances,132.77,No,0.0,22,2920.97,3188.0,3016.78,3371.5428571428574,7,5,29,2024
2024-07-21,P008,Coffee Maker,Home Appliances,130.22,No,0.0,24,3125.25,2920.97,2657.81,3357.855714285714,7,6,29,2024
2024-07-22,P008,Coffee Maker,Home Appliances,122.86,Yes,0.078,33,3738.96,3125.25,4724.69,3424.632857142857,7,0,30,2024
2024-07-23,P008,Coffee Maker,Home Appliances,124.7,No,0.0,28,3491.7,3738.96,3868.65,3283.8142857142852,7,1,30,2024
2024-07-24,P008,Coffee Maker,Home Appliances,131.5,No,0.0,15,1972.5,3491.7,3320.4,3229.964285714286,7,2,30,2024
2024-07-25,P008,Coffee Maker,Home Appliances,136.31,Yes,0.064,38,4848.49,1972.5,2824.47,3037.407142857143,7,3,30,2024
2024-07-26,P008,Coffee Maker,Home Appliances,129.54,No,0.0,30,3886.27,4848.49,3188.0,3326.552857142857,7,4,30,2024
2024-07-27,P008,Coffee Maker,Home Appliances,125.99,No,0.0,34,4283.52,3886.27,2920.97,3426.305714285714,7,5,30,2024
2024-07-28,P008,Coffee Maker,Home Appliances,134.65,No,0.0,27,3635.52,4283.52,3125.25,3620.9557142857147,7,6,30,2024
2024-07-29,P008,Coffee Maker,Home Appliances,127.64,No,0.0,27,3446.34,3635.52,3738.96,3693.8514285714286,7,0,31,2024
2024-07-30,P008,Coffee Maker,Home Appliances,130.02,No,0.0,14,1820.28,3446.34,3491.7,3652.0485714285714,7,1,31,2024
2024-07-31,P008,Coffee Maker,Home Appliances,126.64,No,0.0,22,2786.13,1820.28,1972.5,3413.274285714286,7,2,31,2024
2024-08-01,P008,Coffee Maker,Home Appliances,123.6,No,0.0,16,1977.64,2786.13,4848.49,3529.507142857143,8,3,31,2024
2024-08-02,P008,Coffee Maker,Home Appliances,133.88,Yes,0.153,26,2948.16,1977.64,3886.27,3119.3857142857146,8,4,31,2024
2024-08-03,P008,Coffee Maker,Home Appliances,132.07,No,0.0,19,2509.38,2948.16,4283.52,2985.37,8,5,31,2024
2024-08-04,P008,Coffee Maker,Home Appliances,133.4,No,0.0,19,2534.53,2509.38,3635.52,2731.9214285714284,8,6,31,2024
2024-08-05,P008,Coffee Maker,Home Appliances,125.6,No,0.0,19,2386.34,2534.53,3446.34,2574.637142857143,8,0,32,2024
2024-08-06,P008,Coffee Maker,Home Appliances,137.22,No,0.0,15,2058.25,2386.34,1820.28,2423.2085714285713,8,1,32,2024
2024-08-07,P008,Coffee Maker,Home Appliances,133.39,Yes,0.074,20,2469.41,2058.25,2786.13,2457.2042857142856,8,2,32,2024
2024-08-08,P008,Coffee Maker,Home Appliances,126.76,No,0.0,17,2154.97,2469.41,1977.64,2411.9585714285713,8,3,32,2024
2024-08-09,P008,Coffee Maker,Home Appliances,133.48,Yes,0.199,33,3528.56,2154.97,2948.16,2437.2914285714287,8,4,32,2024
2024-08-10,P008,Coffee Maker,Home Appliances,128.18,No,0.0,21,2691.85,3528.56,2509.38,2520.2057142857147,8,5,32,2024
2024-08-11,P008,Coffee Maker,Home Appliances,131.98,No,0.0,12,1583.82,2691.85,2534.53,2546.272857142857,8,6,32,2024
2024-08-12,P008,Coffee Maker,Home Appliances,130.9,Yes,0.22,29,2959.65,1583.82,2386.34,2410.457142857143,8,0,33,2024
2024-08-13,P008,Coffee Maker,Home Appliances,130.98,No,0.0,26,3405.56,2959.65,2058.25,2492.3585714285714,8,1,33,2024
2024-08-14,P008,Coffee Maker,Home Appliances,140.72,Yes,0.058,29,3843.07,3405.56,2469.41,2684.8314285714287,8,2,33,2024
2024-08-15,P008,Coffee Maker,Home Appliances,127.12,No,0.0,19,2415.34,3843.07,2154.97,2881.0685714285714,8,3,33,2024
2024-08-16,P008,Coffee Maker,Home Appliances,132.03,No,0.0,25,3300.79,2415.34,3528.56,2918.264285714286,8,4,33,2024
2024-08-17,P008,Coffee Maker,Home Appliances,131.52,No,0.0,24,3156.42,3300.79,2691.85,2885.7257142857147,8,5,33,2024
2024-08-18,P008,Coffee Maker,Home Appliances,132.53,No,0.0,36,4770.95,3156.42,1583.82,2952.092857142857,8,6,33,2024
2024-08-19,P008,Coffee Maker,Home Appliances,125.0,Yes,0.123,31,3399.13,4770.95,2959.65,3407.3971428571426,8,0,34,2024
2024-08-20,P008,Coffee Maker,Home Appliances,132.86,No,0.0,23,3055.88,3399.13,3405.56,3470.1800000000003,8,1,34,2024
2024-08-21,P008,Coffee Maker,Home Appliances,120.19,No,0.0,11,1322.07,3055.88,3843.07,3420.2257142857147,8,2,34,2024
2024-08-22,P008,Coffee Maker,Home Appliances,134.09,No,0.0,18,2413.57,1322.07,2415.34,3060.0828571428574,8,3,34,2024
2024-08-23,P008,Coffee Maker,Home Appliances,134.74,No,0.0,21,2829.61,2413.57,3300.79,3059.8300000000004,8,4,34,2024
2024-08-24,P008,Coffee Maker,Home Appliances,129.38,No,0.0,26,3363.76,2829.61,3156.42,2992.5185714285717,8,5,34,2024
2024-08-25,P008,Coffee Maker,Home Appliances,128.03,No,0.0,26,3328.67,3363.76,4770.95,3022.1385714285716,8,6,34,2024
2024-08-26,P008,Coffee Maker,Home Appliances,131.13,No,0.0,20,2622.7,3328.67,3399.13,2816.0985714285716,8,0,35,2024
2024-08-27,P008,Coffee Maker,Home Appliances,130.08,No,0.0,15,1951.14,2622.7,3055.88,2705.18,8,1,35,2024
2024-08-28,P008,Coffee Maker,Home Appliances,123.61,No,0.0,17,2101.43,1951.14,1322.07,2547.36,8,2,35,2024
2024-08-29,P008,Coffee Maker,Home Appliances,127.95,No,0.0,17,2175.17,2101.43,2413.57,2658.697142857143,8,3,35,2024
2024-08-30,P008,Coffee Maker,Home Appliances,126.08,No,0.0,17,2143.36,2175.17,2829.61,2624.6400000000003,8,4,35,2024
2024-08-31,P008,Coffee Maker,Home Appliances,135.47,No,0.0,30,4064.13,2143.36,3363.76,2526.6042857142857,8,5,35,2024
2024-09-01,P008,Coffee Maker,Home Appliances,130.62,No,0.0,23,3004.31,4064.13,3328.67,2626.6571428571433,9,6,35,2024
2024-09-02,P008,Coffee Maker,Home Appliances,125.31,No,0.0,22,2756.86,3004.31,2622.7,2580.32,9,0,36,2024
2024-09-03,P008,Coffee Maker,Home Appliances,130.74,No,0.0,35,4575.8,2756.86,1951.14,2599.4857142857145,9,1,36,2024
2024-09-04,P008,Coffee Maker,Home Appliances,126.94,No,0.0,24,3046.55,4575.8,2101.43,2974.437142857143,9,2,36,2024
2024-09-05,P008,Coffee Maker,Home Appliances,128.48,No,0.0,30,3854.54,3046.55,2175.17,3109.4542857142856,9,3,36,2024
2024-09-06,P008,Coffee Maker,Home Appliances,125.23,No,0.0,22,2755.11,3854.54,2143.36,3349.3642857142863,9,4,36,2024
2024-09-07,P008,Coffee Maker,Home Appliances,136.4,No,0.0,24,3273.7,2755.11,4064.13,3436.757142857143,9,5,36,2024
2024-09-08,P008,Coffee Maker,Home Appliances,131.59,No,0.0,22,2895.04,3273.7,3004.31,3323.838571428572,9,6,36,2024
2024-09-09,P008,Coffee Maker,Home Appliances,138.41,No,0.0,22,3045.03,2895.04,2756.86,3308.2285714285713,9,0,37,2024
2024-09-10,P008,Coffee Maker,Home Appliances,128.43,No,0.0,19,2440.12,3045.03,4575.8,3349.3957142857143,9,1,37,2024
2024-09-11,P008,Coffee Maker,Home Appliances,131.22,No,0.0,29,3805.24,2440.12,3046.55,3044.2985714285714,9,2,37,2024
2024-09-12,P008,Coffee Maker,Home Appliances,134.02,No,0.0,18,2412.34,3805.24,3854.54,3152.682857142857,9,3,37,2024
2024-09-13,P008,Coffee Maker,Home Appliances,135.47,Yes,0.172,30,3363.38,2412.34,2755.11,2946.654285714286,9,4,37,2024
2024-09-14,P008,Coffee Maker,Home Appliances,128.94,No,0.0,24,3094.62,3363.38,3273.7,3033.5499999999997,9,5,37,2024
2024-09-15,P008,Coffee Maker,Home Appliances,129.61,No,0.0,21,2721.74,3094.62,2895.04,3007.9671428571423,9,6,37,2024
2024-09-16,P008,Coffee Maker,Home Appliances,129.66,No,,21,2722.96,2721.74,3045.03,2983.21,9,0,38,2024
2024-09-17,P008,Coffee Maker,Home Appliances,128.53,No,0.0,19,2442.16,2722.96,2440.12,2937.2,9,1,38,2024
2024-09-18,P008,Coffee Maker,Home Appliances,134.56,No,0.0,26,3498.53,2442.16,3805.24,2937.4914285714285,9,2,38,2024
2024-09-19,P008,Coffee Maker,Home Appliances,132.09,Yes,0.076,20,2440.58,3498.53,2412.34,2893.675714285714,9,3,38,2024
2024-09-20,P008,Coffee Maker,Home Appliances,127.09,No,0.0,28,3558.5,2440.58,3363.38,2897.7099999999996,9,4,38,2024
2024-09-21,P008,Coffee Maker,Home Appliances,129.41,No,0.0,26,3364.65,3558.5,3094.62,2925.5842857142857,9,5,38,2024
2024-09-22,P008,Coffee Maker,Home Appliances,124.85,No,0.0,23,2871.66,3364.65,2721.74,2964.1600000000003,9,6,38,2024
2024-09-23,P008,Coffee Maker,Home Appliances,134.12,No,0.0,18,2414.15,2871.66,2722.96,2985.577142857143,9,0,39,2024
2024-09-24,P008,Coffee Maker,Home Appliances,133.1,No,0.0,18,2395.77,2414.15,2442.16,2941.4614285714283,9,1,39,2024
2024-09-25,P008,Coffee Maker,Home Appliances,131.92,No,0.0,18,2374.52,2395.77,3498.53,2934.8342857142857,9,2,39,2024
2024-09-26,P008,Coffee Maker,Home Appliances,126.66,Yes,0.18,26,2701.28,2374.52,2440.58,2774.2614285714285,9,3,39,2024
2024-09-27,P008,Coffee Maker,Home Appliances,132.0,Yes,0.086,24,2896.15,2701.28,3558.5,2811.5042857142857,9,4,39,2024
2024-09-28,P008,Coffee Maker,Home Appliances,131.76,No,0.0,23,3030.44,2896.15,3364.65,2716.882857142857,9,5,39,2024
2024-09-29,P008,Coffee Maker,Home Appliances,140.94,No,0.0,34,4791.96,3030.44,2871.66,2669.1385714285716,9,6,39,2024
2024-09-30,P008,Coffee Maker,Home Appliances,127.04,Yes,0.134,25,2750.6,4791.96,2414.15,2943.467142857143,9,0,40,2024
2024-10-01,P008,Coffee Maker,Home Appliances,129.13,No,0.0,16,2066.1,2750.6,2395.77,2991.531428571429,10,1,40,2024
2024-10-02,P008,Coffee Maker,Home Appliances,119.66,Yes,0.23,22,2026.88,2066.1,2374.52,2944.4357142857148,10,2,40,2024
2024-10-03,P008,Coffee Maker,Home Appliances,122.85,No,0.0,23,2825.6,2026.88,2701.28,2894.772857142857,10,3,40,2024
2024-10-04,P008,Coffee Maker,Home Appliances,130.24,Yes,0.056,22,2705.26,2825.6,2896.15,2912.532857142857,10,4,40,2024
2024-10-05,P008,Coffee Maker,Home Appliances,126.96,Yes,0.123,34,3784.93,2705.26,3030.44,2885.2628571428572,10,5,40,2024
2024-10-06,P008,Coffee Maker,Home Appliances,124.82,No,0.0,26,3245.23,3784.93,4791.96,2993.047142857143,10,6,40,2024
2024-10-07,P008,Coffee Maker,Home Appliances,132.49,Yes,0.193,23,2459.19,3245.23,2750.6,2772.085714285714,10,0,41,2024
2024-10-08,P008,Coffee Maker,Home Appliances,133.15,No,0.0,30,3994.47,2459.19,2066.1,2730.4557142857147,10,1,41,2024
2024-10-09,P008,Coffee Maker,Home Appliances,129.25,Yes,0.192,33,3447.2,3994.47,2026.88,3005.937142857143,10,2,41,2024
2024-10-10,P008,Coffee Maker,Home Appliances,134.03,No,0.0,21,2814.67,3447.2,2825.6,3208.84,10,3,41,2024
2024-10-11,P008,Coffee Maker,Home Appliances,137.67,No,0.0,22,3028.71,2814.67,2705.26,3207.278571428571,10,4,41,2024
2024-10-12,P008,Coffee Maker,Home Appliances,137.14,No,0.0,24,3291.42,3028.71,3784.93,3253.4857142857145,10,5,41,2024
2024-10-13,P008,Coffee Maker,Home Appliances,126.2,No,0.0,22,2776.49,3291.42,3245.23,3182.9842857142858,10,6,41,2024
2024-10-14,P008,Coffee Maker,Home Appliances,138.43,No,0.0,16,2214.83,2776.49,2459.19,3116.0214285714287,10,0,42,2024
2024-10-15,P008,Coffee Maker,Home Appliances,131.57,No,0.0,21,2762.99,2214.83,3994.47,3081.1128571428567,10,1,42,2024
2024-10-16,P008,Coffee Maker,Home Appliances,132.31,No,0.0,15,1984.61,2762.99,3447.2,2905.187142857143,10,2,42,2024
2024-10-17,P008,Coffee Maker,Home Appliances,132.68,No,0.0,14,1857.54,1984.61,2814.67,2696.245714285714,10,3,42,2024
2024-10-18,P008,Coffee Maker,Home Appliances,134.05,No,0.0,18,2412.86,1857.54,3028.71,2559.5128571428572,10,4,42,2024
2024-10-19,P008,Coffee Maker,Home Appliances,134.2,No,0.0,12,1610.37,2412.86,3291.42,2471.5342857142855,10,5,42,2024
2024-10-20,P008,Coffee Maker,Home Appliances,133.34,No,0.0,21,2800.16,1610.37,2776.49,2231.3842857142854,10,6,42,2024
2024-10-21,P008,Coffee Maker,Home Appliances,136.24,No,0.0,33,4495.79,2800.16,2214.83,2234.7657142857142,10,0,43,2024
2024-10-22,P008,Coffee Maker,Home Appliances,125.74,No,0.0,24,3017.7,4495.79,2762.99,2560.617142857143,10,1,43,2024
2024-10-23,P008,Coffee Maker,Home Appliances,120.64,No,0.0,20,2412.78,3017.7,1984.61,2597.0042857142857,10,2,43,2024
2024-10-24,P008,Coffee Maker,Home Appliances,129.47,No,0.0,26,3366.19,2412.78,1857.54,2658.171428571429,10,3,43,2024
2024-10-25,P008,Coffee Maker,Home Appliances,126.33,No,0.0,22,2779.34,3366.19,2412.86,2873.692857142857,10,4,43,2024
2024-10-26,P008,Coffee Maker,Home Appliances,126.09,No,0.0,24,3026.06,2779.34,1610.37,2926.0471428571427,10,5,43,2024
2024-10-27,P008,Coffee Maker,Home Appliances,132.13,No,0.0,31,4096.01,3026.06,2800.16,3128.2885714285717,10,6,43,2024
2024-10-28,P008,Coffee Maker,Home Appliances,120.4,No,0.0,24,2889.68,4096.01,4495.79,3313.41,10,0,44,2024
2024-10-29,P008,Coffee Maker,Home Appliances,131.66,No,0.0,26,3423.2,2889.68,3017.7,3083.9657142857145,10,1,44,2024
2024-10-30,P008,Coffee Maker,Home Appliances,127.66,No,0.0,16,2042.55,3423.2,2412.78,3141.894285714286,10,2,44,2024
2024-10-31,P008,Coffee Maker,Home Appliances,127.68,No,0.0,13,1659.79,2042.55,3366.19,3089.0042857142857,10,3,44,2024
2024-11-01,P008,Coffee Maker,Home Appliances,131.41,Yes,0.238,33,3304.02,1659.79,2779.34,2845.2328571428575,11,4,44,2024
2024-11-02,P008,Coffee Maker,Home Appliances,126.46,No,0.0,26,3287.99,3304.02,3026.06,2920.1871428571426,11,5,44,2024
2024-11-03,P008,Coffee Maker,Home Appliances,132.92,No,0.0,29,3854.6,3287.99,4096.01,2957.605714285714,11,6,44,2024
2024-11-04,P008,Coffee Maker,Home Appliances,130.22,No,0.0,25,3255.38,3854.6,2889.68,2923.118571428571,11,0,45,2024
2024-11-05,P008,Coffee Maker,Home Appliances,126.18,Yes,0.062,41,4854.06,3255.38,3423.2,2975.3614285714284,11,1,45,2024
2024-11-06,P008,Coffee Maker,Home Appliances,127.03,No,0.0,29,3683.79,4854.06,2042.55,3179.77,11,2,45,2024
2024-11-07,P008,Coffee Maker,Home Appliances,128.55,No,0.0,22,2828.02,3683.79,1659.79,3414.2328571428575,11,3,45,2024
2024-11-08,P008,Coffee Maker,Home Appliances,131.1,No,0.0,29,3801.9,2828.02,3304.02,3581.1228571428574,11,4,45,2024
2024-11-09,P008,Coffee Maker,Home Appliances,131.1,Yes,0.142,33,3713.6,3801.9,3287.99,3652.2485714285717,11,5,45,2024
2024-11-10,P008,Coffee Maker,Home Appliances,130.95,No,0.0,27,3535.53,3713.6,3854.6,3713.05,11,6,45,2024
2024-11-11,P008,Coffee Maker,Home Appliances,125.15,No,0.0,23,2878.39,3535.53,3255.38,3667.468571428572,11,0,46,2024
2024-11-12,P008,Coffee Maker,Home Appliances,135.51,No,0.0,25,3387.86,2878.39,4854.06,3613.612857142857,11,1,46,2024
2024-11-13,P008,Coffee Maker,Home Appliances,134.89,Yes,0.148,38,4367.77,3387.86,3683.79,3404.155714285714,11,2,46,2024
2024-11-14,P008,Coffee Maker,Home Appliances,134.91,Yes,0.079,25,3105.35,4367.77,2828.02,3501.867142857143,11,3,46,2024
2024-11-15,P008,Coffee Maker,Home Appliances,127.37,No,0.0,29,3693.62,3105.35,3801.9,3541.485714285714,11,4,46,2024
2024-11-16,P008,Coffee Maker,Home Appliances,124.22,No,0.0,25,3105.61,3693.62,3713.6,3526.0171428571434,11,5,46,2024
2024-11-17,P008,Coffee Maker,Home Appliances,135.14,No,0.0,25,3378.4,3105.61,3535.53,3439.161428571428,11,6,46,2024
2024-11-18,P008,Coffee Maker,Home Appliances,131.26,No,0.0,20,2625.26,3378.4,2878.39,3416.714285714286,11,0,47,2024
2024-11-19,P008,Coffee Maker,Home Appliances,118.76,No,0.0,27,3206.42,2625.26,3387.86,3380.5528571428576,11,1,47,2024
2024-11-20,P008,Coffee Maker,Home Appliances,131.77,No,0.0,18,2371.82,3206.42,4367.77,3354.632857142857,11,2,47,2024
2024-11-21,P008,Coffee Maker,Home Appliances,134.72,No,0.0,24,3233.33,2371.82,3105.35,3069.497142857143,11,3,47,2024
2024-11-22,P008,Coffee Maker,Home Appliances,125.61,Yes,0.141,34,3667.75,3233.33,3693.62,3087.78,11,4,47,2024
2024-11-23,P008,Coffee Maker,Home Appliances,134.3,No,0.0,23,3088.79,3667.75,3105.61,3084.0842857142857,11,5,47,2024
2024-11-24,P008,Coffee Maker,Home Appliances,128.27,No,0.0,32,4104.72,3088.79,3378.4,3081.681428571429,11,6,47,2024
2024-11-25,P008,Coffee Maker,Home Appliances,132.11,No,0.0,36,4755.9,4104.72,2625.26,3185.441428571429,11,0,48,2024
2024-11-26,P008,Coffee Maker,Home Appliances,135.01,No,0.0,29,3915.25,4755.9,3206.42,3489.8185714285714,11,1,48,2024
2024-11-27,P008,Coffee Maker,Home Appliances,134.91,No,0.0,18,2428.37,3915.25,2371.82,3591.0800000000004,11,2,48,2024
2024-11-28,P008,Coffee Maker,Home Appliances,126.11,Yes,0.217,36,3552.82,2428.37,3233.33,3599.1585714285716,11,3,48,2024
2024-11-29,P008,Coffee Maker,Home Appliances,136.7,No,0.0,34,4647.66,3552.82,3667.75,3644.7999999999997,11,4,48,2024
2024-11-30,P008,Coffee Maker,Home Appliances,137.19,No,0.0,18,2469.39,4647.66,3088.79,3784.7871428571425,11,5,48,2024
2024-12-01,P008,Coffee Maker,Home Appliances,129.66,No,0.0,23,2982.19,2469.39,4104.72,3696.3014285714285,12,6,48,2024
2024-12-02,P008,Coffee Maker,Home Appliances,124.09,No,0.0,32,3970.99,2982.19,4755.9,3535.94,12,0,49,2024
2024-12-03,P008,Coffee Maker,Home Appliances,127.34,No,0.0,28,3565.54,3970.99,3915.25,3423.81,12,1,49,2024
2024-12-04,P008,Coffee Maker,Home Appliances,131.33,No,0.0,25,3283.33,3565.54,2428.37,3373.8514285714286,12,2,49,2024
2024-12-05,P008,Coffee Maker,Home Appliances,130.01,No,0.0,34,4420.22,3283.33,3552.82,3495.988571428571,12,3,49,2024
2024-12-06,P008,Coffee Maker,Home Appliances,135.16,No,0.0,23,3108.76,4420.22,4647.66,3619.902857142857,12,4,49,2024
2024-12-07,P008,Coffee Maker,Home Appliances,127.54,No,0.0,28,3571.01,3108.76,2469.39,3400.06,12,5,49,2024
2024-12-08,P008,Coffee Maker,Home Appliances,123.76,No,0.0,37,4579.11,3571.01,2982.19,3557.434285714286,12,6,49,2024
2024-12-09,P008,Coffee Maker,Home Appliances,128.59,No,0.0,16,2057.45,4579.11,3970.99,3785.565714285714,12,0,50,2024
2024-12-10,P008,Coffee Maker,Home Appliances,130.62,No,0.0,30,3918.65,2057.45,3565.54,3512.202857142857,12,1,50,2024
2024-12-11,P008,Coffee Maker,Home Appliances,123.55,No,0.0,27,3335.75,3918.65,3283.33,3562.6471428571426,12,2,50,2024
2024-12-12,P008,Coffee Maker,Home Appliances,128.88,No,0.0,18,2319.79,3335.75,4420.22,3570.1357142857146,12,3,50,2024
2024-12-13,P008,Coffee Maker,Home Appliances,126.63,No,0.0,24,3039.0,2319.79,3108.76,3270.074285714286,12,4,50,2024
2024-12-14,P008,Coffee Maker,Home Appliances,125.28,No,0.0,37,4635.53,3039.0,3571.01,3260.108571428572,12,5,50,2024
2024-12-15,P008,Coffee Maker,Home Appliances,131.58,No,0.0,39,5131.5,4635.53,4579.11,3412.182857142857,12,6,50,2024
2024-12-16,P008,Coffee Maker,Home Appliances,136.03,No,0.0,30,4080.95,5131.5,2057.45,3491.095714285714,12,0,51,2024
2024-12-17,P008,Coffee Maker,Home Appliances,125.65,No,0.0,19,2387.44,4080.95,3918.65,3780.167142857143,12,1,51,2024
2024-12-18,P008,Coffee Maker,Home Appliances,131.87,Yes,0.16,32,3543.46,2387.44,3335.75,3561.422857142857,12,2,51,2024
2024-12-19,P008,Coffee Maker,Home Appliances,136.34,No,0.0,13,1772.45,3543.46,2319.79,3591.095714285714,12,3,51,2024
2024-12-20,P008,Coffee Maker,Home Appliances,134.62,No,0.0,25,3365.44,1772.45,3039.0,3512.9042857142854,12,4,51,2024
2024-12-21,P008,Coffee Maker,Home Appliances,123.77,No,0.0,38,4703.12,3365.44,4635.53,3559.538571428571,12,5,51,2024
2024-12-22,P008,Coffee Maker,Home Appliances,127.42,No,0.0,42,5351.64,4703.12,5131.5,3569.194285714286,12,6,51,2024
2024-12-23,P008,Coffee Maker,Home Appliances,121.16,Yes,0.108,42,4537.26,5351.64,4080.95,3600.6428571428573,12,0,52,2024
2024-12-24,P008,Coffee Maker,Home Appliances,136.02,No,0.0,35,4760.8,4537.26,2387.44,3665.8299999999995,12,1,52,2024
2024-12-25,P008,Coffee Maker,Home Appliances,123.07,No,0.0,41,5045.76,4760.8,3543.46,4004.881428571429,12,2,52,2024
2024-12-26,P008,Coffee Maker,Home Appliances,138.34,No,0.0,41,5671.84,5045.76,1772.45,4219.495714285715,12,3,52,2024
2024-12-27,P008,Coffee Maker,Home Appliances,128.85,No,0.0,35,4509.89,5671.84,3365.44,4776.551428571429,12,4,52,2024
2024-12-28,P008,Coffee Maker,Home Appliances,126.26,No,0.0,36,4545.34,4509.89,4703.12,4940.044285714285,12,5,52,2024
2024-12-29,P008,Coffee Maker,Home Appliances,129.87,Yes,0.051,45,5547.34,4545.34,5351.64,4917.504285714285,12,6,52,2024
2024-12-30,P008,Coffee Maker,Home Appliances,135.93,No,0.0,37,5029.29,5547.34,4537.26,4945.461428571429,12,0,1,2024
2024-12-31,P008,Coffee Maker,Home Appliances,136.95,No,0.0,37,5067.18,5029.29,4760.8,5015.751428571429,12,1,1,2024
2025-01-01,P008,Coffee Maker,Home Appliances,143.07,No,0.0,36,5150.68,5067.18,5045.76,5059.5199999999995,1,2,1,2025
2025-01-02,P008,Coffee Maker,Home Appliances,135.76,No,0.0,27,3665.62,5150.68,5671.84,5074.508571428572,1,3,1,2025
2025-01-03,P008,Coffee Maker,Home Appliances,126.32,No,0.0,35,4421.07,3665.62,4509.89,4787.905714285715,1,4,1,2025
2025-01-04,P008,Coffee Maker,Home Appliances,132.58,No,0.0,23,3049.23,4421.07,4545.34,4775.217142857144,1,5,1,2025
2025-01-05,P008,Coffee Maker,Home Appliances,131.53,No,0.0,32,4209.04,3049.23,5547.34,4561.487142857143,1,6,1,2025
2025-01-06,P008,Coffee Maker,Home Appliances,128.14,Yes,0.173,32,3392.27,4209.04,5029.29,4370.301428571429,1,0,2,2025
2025-01-07,P008,Coffee Maker,Home Appliances,128.8,No,0.0,20,2575.97,3392.27,5067.18,4136.441428571428,1,1,2,2025
2025-01-08,P008,Coffee Maker,Home Appliances,123.03,No,0.0,19,2337.58,2575.97,5150.68,3780.554285714286,1,2,2,2025
2025-01-09,P008,Coffee Maker,Home Appliances,129.55,No,0.0,21,2720.46,2337.58,3665.62,3378.682857142857,1,3,2,2025
2025-01-10,P008,Coffee Maker,Home Appliances,129.06,No,0.0,22,2839.32,2720.46,4421.07,3243.66,1,4,2,2025
2025-01-11,P008,Coffee Maker,Home Appliances,124.63,No,0.0,25,3115.8,2839.32,3049.23,3017.6957142857145,1,5,2,2025
2025-01-12,P008,Coffee Maker,Home Appliances,133.03,No,0.0,36,4789.14,3115.8,4209.04,3027.2057142857143,1,6,2,2025
2025-01-13,P008,Coffee Maker,Home Appliances,138.2,Yes,0.18,41,4645.39,4789.14,3392.27,3110.077142857143,1,0,3,2025
2025-01-14,P008,Coffee Maker,Home Appliances,136.61,No,0.0,19,2595.59,4645.39,2575.97,3289.0942857142863,1,1,3,2025
2025-01-15,P008,Coffee Maker,Home Appliances,128.34,No,0.0,17,2181.79,2595.59,2337.58,3291.897142857143,1,2,3,2025
2025-01-16,P008,Coffee Maker,Home Appliances,119.95,Yes,0.162,41,4119.1,2181.79,2720.46,3269.6414285714295,1,3,3,2025
2025-01-17,P008,Coffee Maker,Home Appliances,135.49,No,0.0,18,2438.75,4119.1,2839.32,3469.447142857143,1,4,3,2025
2025-01-18,P008,Coffee Maker,Home Appliances,123.32,No,0.0,31,3823.03,2438.75,3115.8,3412.2228571428573,1,5,3,2025
2025-01-19,P008,Coffee Maker,Home Appliances,130.09,No,0.0,32,4163.03,3823.03,4789.14,3513.2557142857145,1,6,3,2025
2025-01-20,P008,Coffee Maker,Home Appliances,135.66,No,0.0,33,4476.7,4163.03,4645.39,3423.8114285714287,1,0,4,2025
2025-01-21,P008,Coffee Maker,Home Appliances,129.86,No,0.0,32,4155.67,4476.7,2595.59,3399.712857142857,1,1,4,2025
2025-01-22,P008,Coffee Maker,Home Appliances,124.79,No,0.0,26,3244.65,4155.67,2181.79,3622.5814285714287,1,2,4,2025
2025-01-23,P008,Coffee Maker,Home Appliances,131.7,No,0.0,22,2897.5,3244.65,4119.1,3774.418571428571,1,3,4,2025
2025-01-24,P008,Coffee Maker,Home Appliances,129.92,No,0.0,29,3767.59,2897.5,2438.75,3599.9042857142854,1,4,4,2025
2025-01-25,P008,Coffee Maker,Home Appliances,121.81,No,0.0,25,3045.28,3767.59,3823.03,3789.738571428571,1,5,4,2025
2025-01-26,P008,Coffee Maker,Home Appliances,132.95,No,0.0,26,3456.59,3045.28,4163.03,3678.631428571429,1,6,4,2025
2025-01-27,P008,Coffee Maker,Home Appliances,132.44,No,0.0,26,3443.51,3456.59,4476.7,3577.7114285714283,1,0,5,2025
2025-01-28,P008,Coffee Maker,Home Appliances,128.96,No,0.0,19,2450.28,3443.51,4155.67,3430.112857142857,1,1,5,2025
2025-01-29,P008,Coffee Maker,Home Appliances,133.91,Yes,0.07,26,3237.19,2450.28,3244.65,3186.4857142857145,1,2,5,2025
2025-01-30,P008,Coffee Maker,Home Appliances,121.49,No,0.0,24,2915.84,3237.19,2897.5,3185.4200000000005,1,3,5,2025
2025-01-31,P008,Coffee Maker,Home Appliances,130.8,No,0.0,37,4839.63,2915.84,3767.59,3188.0400000000004,1,4,5,2025
2025-02-01,P008,Coffee Maker,Home Appliances,132.92,No,0.0,24,3190.09,4839.63,3045.28,3341.188571428572,2,5,5,2025
2025-02-02,P008,Coffee Maker,Home Appliances,128.05,Yes,0.21,36,3641.03,3190.09,3456.59,3361.8757142857144,2,6,5,2025
2025-02-03,P008,Coffee Maker,Home Appliances,123.35,No,0.0,27,3330.5,3641.03,3443.51,3388.2242857142855,2,0,6,2025
2025-02-04,P008,Coffee Maker,Home Appliances,124.44,No,0.0,21,2613.2,3330.5,2450.28,3372.0800000000004,2,1,6,2025
2025-02-05,P008,Coffee Maker,Home Appliances,136.85,Yes,0.128,31,3699.93,2613.2,3237.19,3395.3542857142857,2,2,6,2025
2025-02-06,P008,Coffee Maker,Home Appliances,129.69,No,0.0,18,2334.36,3699.93,2915.84,3461.46,2,3,6,2025
2025-02-07,P008,Coffee Maker,Home Appliances,141.37,No,0.0,30,4240.98,2334.36,4839.63,3378.3914285714286,2,4,6,2025
2025-02-08,P008,Coffee Maker,Home Appliances,124.97,No,0.0,26,3249.35,4240.98,3190.09,3292.8699999999994,2,5,6,2025
2025-02-09,P008,Coffee Maker,Home Appliances,125.04,No,0.0,34,4251.33,3249.35,3641.03,3301.335714285714,2,6,6,2025
2025-02-10,P008,Coffee Maker,Home Appliances,129.52,No,0.0,32,4144.55,4251.33,3330.5,3388.5214285714287,2,0,7,2025
2025-02-11,P008,Coffee Maker,Home Appliances,130.8,Yes,0.181,29,3108.25,4144.55,2613.2,3504.8142857142857,2,1,7,2025
2025-02-12,P008,Coffee Maker,Home Appliances,130.95,No,0.0,32,4190.35,3108.25,3699.93,3575.535714285714,2,2,7,2025
2025-02-13,P008,Coffee Maker,Home Appliances,129.9,Yes,0.112,28,3229.95,4190.35,2334.36,3645.595714285714,2,3,7,2025
2025-02-14,P008,Coffee Maker,Home Appliances,137.6,No,0.0,30,4127.9,3229.95,4240.98,3773.5371428571425,2,4,7,2025
2025-02-15,P008,Coffee Maker,Home Appliances,133.49,Yes,0.073,40,4948.21,4127.9,3249.35,3757.382857142857,2,5,7,2025
2025-02-16,P008,Coffee Maker,Home Appliances,130.54,Yes,0.195,44,4621.18,4948.21,4251.33,4000.077142857143,2,6,7,2025
2025-02-17,P008,Coffee Maker,Home Appliances,129.96,Yes,0.211,32,3280.24,4621.18,4144.55,4052.912857142857,2,0,8,2025
2025-02-18,P008,Coffee Maker,Home Appliances,136.96,No,0.0,26,3560.85,3280.24,3108.25,3929.4399999999996,2,1,8,2025
2025-02-19,P008,Coffee Maker,Home Appliances,127.91,Yes,0.195,47,4838.93,3560.85,4190.35,3994.097142857143,2,2,8,2025
2025-02-20,P008,Coffee Maker,Home Appliances,125.74,No,0.0,23,2892.09,4838.93,3229.95,4086.7514285714287,2,3,8,2025
2025-02-21,P008,Coffee Maker,Home Appliances,130.57,No,0.0,39,5092.11,2892.09,4127.9,4038.4857142857145,2,4,8,2025
2025-02-22,P008,Coffee Maker,Home Appliances,139.12,No,0.0,36,5008.16,5092.11,4948.21,4176.23,2,5,8,2025
2025-02-23,P008,Coffee Maker,Home Appliances,128.59,Yes,0.236,26,2555.28,5008.16,4621.18,4184.794285714285,2,6,8,2025
2025-02-24,P008,Coffee Maker,Home Appliances,129.19,No,0.0,31,4004.81,2555.28,3280.24,3889.6657142857143,2,0,9,2025
2025-02-25,P008,Coffee Maker,Home Appliances,124.09,No,0.0,33,4094.95,4004.81,3560.85,3993.175714285714,2,1,9,2025
2025-02-26,P008,Coffee Maker,Home Appliances,136.05,Yes,0.192,28,3079.23,4094.95,4838.93,4069.475714285714,2,2,9,2025
2025-02-27,P008,Coffee Maker,Home Appliances,129.12,No,0.0,24,3098.92,3079.23,2892.09,3818.09,2,3,9,2025
2025-02-28,P008,Coffee Maker,Home Appliances,125.85,Yes,0.138,27,2929.95,3098.92,5092.11,3847.6371428571433,2,4,9,2025
2025-03-01,P008,Coffee Maker,Home Appliances,134.48,No,0.0,27,3630.92,2929.95,5008.16,3538.7571428571428,3,5,9,2025
2025-03-02,P008,Coffee Maker,Home Appliances,135.45,No,0.0,22,2979.95,3630.92,2555.28,3342.0085714285715,3,6,9,2025
2025-03-03,P008,Coffee Maker,Home Appliances,125.62,No,0.0,30,3768.71,2979.95,4004.81,3402.675714285714,3,0,10,2025
2025-03-04,P008,Coffee Maker,Home Appliances,130.84,No,0.0,27,3532.6,3768.71,4094.95,3368.947142857143,3,1,10,2025
2025-03-05,P008,Coffee Maker,Home Appliances,125.5,Yes,0.137,31,3355.89,3532.6,3079.23,3288.6114285714284,3,2,10,2025
2025-03-06,P008,Coffee Maker,Home Appliances,129.29,No,0.0,27,3490.85,3355.89,3098.92,3328.1342857142854,3,3,10,2025
2025-03-07,P008,Coffee Maker,Home Appliances,125.96,No,0.0,28,3526.79,3490.85,2929.95,3384.1242857142856,3,4,10,2025
2025-03-08,P008,Coffee Maker,Home Appliances,133.52,No,,32,4272.55,3526.79,3630.92,3469.387142857143,3,5,10,2025
2025-03-09,P008,Coffee Maker,Home Appliances,128.03,No,0.0,23,2944.74,4272.55,2979.95,3561.0485714285714,3,6,10,2025
2025-03-10,P008,Coffee Maker,Home Appliances,131.76,No,0.0,30,3952.88,2944.74,3768.71,3556.0185714285712,3,0,11,2025
2025-03-11,P008,Coffee Maker,Home Appliances,122.05,No,0.0,22,2685.01,3952.88,3532.6,3582.328571428571,3,1,11,2025
2025-03-12,P008,Coffee Maker,Home Appliances,128.61,Yes,0.067,23,2761.37,2685.01,3355.89,3461.2442857142855,3,2,11,2025
2025-03-13,P008,Coffee Maker,Home Appliances,131.53,No,0.0,33,4340.54,2761.37,3490.85,3376.3128571428574,3,3,11,2025
2025-03-14,P008,Coffee Maker,Home Appliances,125.01,No,0.0,29,3625.19,4340.54,3526.79,3497.6971428571424,3,4,11,2025
2025-03-15,P008,Coffee Maker,Home Appliances,133.65,No,0.0,34,4544.27,3625.19,4272.55,3511.7542857142857,3,5,11,2025
2025-03-16,P008,Coffee Maker,Home Appliances,127.86,No,0.0,27,3452.24,4544.27,2944.74,3550.5714285714284,3,6,11,2025
2025-03-17,P008,Coffee Maker,Home Appliances,128.12,No,0.0,20,2562.4,3452.24,3952.88,3623.0714285714284,3,0,12,2025
2025-03-18,P008,Coffee Maker,Home Appliances,136.63,Yes,0.083,30,3757.55,2562.4,2685.01,3424.4314285714286,3,1,12,2025
2025-03-19,P008,Coffee Maker,Home Appliances,126.76,No,0.0,24,3042.24,3757.55,2761.37,3577.651428571429,3,2,12,2025
2025-03-20,P008,Coffee Maker,Home Appliances,135.77,No,0.0,28,3801.59,3042.24,4340.54,3617.7757142857145,3,3,12,2025
2025-03-21,P008,Coffee Maker,Home Appliances,132.24,No,0.0,30,3967.17,3801.59,3625.19,3540.782857142857,3,4,12,2025
2025-03-22,P008,Coffee Maker,Home Appliances,123.78,No,0.0,35,4332.15,3967.17,4544.27,3589.637142857143,3,5,12,2025
2025-03-23,P008,Coffee Maker,Home Appliances,136.74,Yes,0.189,36,3993.88,4332.15,3452.24,3559.3342857142857,3,6,12,2025
2025-03-24,P008,Coffee Maker,Home Appliances,132.63,No,0.0,30,3978.86,3993.88,2562.4,3636.7114285714283,3,0,13,2025
2025-03-25,P008,Coffee Maker,Home Appliances,137.84,Yes,0.12,39,4729.93,3978.86,3757.55,3839.0628571428574,3,1,13,2025
2025-03-26,P008,Coffee Maker,Home Appliances,135.26,No,0.0,23,3111.02,4729.93,3042.24,3977.9742857142855,3,2,13,2025
2025-03-27,P008,Coffee Maker,Home Appliances,127.96,No,0.0,33,4222.53,3111.02,3801.59,3987.7999999999997,3,3,13,2025
2025-03-28,P008,Coffee Maker,Home Appliances,133.73,No,0.0,35,4680.39,4222.53,3967.17,4047.934285714286,3,4,13,2025
2025-03-29,P008,Coffee Maker,Home Appliances,132.95,No,0.0,38,5052.15,4680.39,4332.15,4149.822857142857,3,5,13,2025
2025-03-30,P008,Coffee Maker,Home Appliances,125.8,No,0.0,35,4402.89,5052.15,3993.88,4252.679999999999,3,6,13,2025
2025-03-31,P008,Coffee Maker,Home Appliances,128.05,No,0.0,30,3841.38,4402.89,3978.86,4311.11,3,0,14,2025
2025-04-01,P008,Coffee Maker,Home Appliances,127.62,Yes,0.224,32,3168.15,3841.38,4729.93,4291.469999999999,4,1,14,2025
2025-04-02,P008,Coffee Maker,Home Appliances,135.19,No,0.0,28,3785.45,3168.15,3111.02,4068.358571428572,4,2,14,2025
2025-04-03,P008,Coffee Maker,Home Appliances,133.73,No,0.0,20,2674.55,3785.45,4222.53,4164.705714285715,4,3,14,2025
2025-04-04,P008,Coffee Maker,Home Appliances,124.24,No,0.0,27,3354.38,2674.55,4680.39,3943.565714285715,4,4,14,2025
2025-04-05,P008,Coffee Maker,Home Appliances,128.69,No,0.0,30,3860.62,3354.38,5052.15,3754.1357142857146,4,5,14,2025
2025-04-06,P008,Coffee Maker,Home Appliances,136.08,Yes,0.093,48,5925.64,3860.62,4402.89,3583.917142857143,4,6,14,2025
2025-04-07,P008,Coffee Maker,Home Appliances,126.48,No,0.0,20,2529.62,5925.64,3841.38,3801.452857142857,4,0,15,2025
2025-04-08,P008,Coffee Maker,Home Appliances,129.92,No,0.0,29,3767.64,2529.62,3168.15,3614.058571428571,4,1,15,2025
2025-04-09,P008,Coffee Maker,Home Appliances,131.79,No,0.0,24,3162.89,3767.64,3785.45,3699.7,4,2,15,2025
2025-04-10,P008,Coffee Maker,Home Appliances,140.93,Yes,0.214,44,4874.38,3162.89,2674.55,3610.762857142857,4,3,15,2025
2025-04-11,P008,Coffee Maker,Home Appliances,125.45,No,0.0,40,5017.89,4874.38,3354.38,3925.0242857142853,4,4,15,2025
2025-04-12,P008,Coffee Maker,Home Appliances,133.73,No,0.0,24,3209.56,5017.89,3860.62,4162.668571428571,4,5,15,2025
2025-04-13,P008,Coffee Maker,Home Appliances,126.23,No,0.0,33,4165.66,3209.56,5925.64,4069.66,4,6,15,2025
2025-04-14,P008,Coffee Maker,Home Appliances,141.61,No,0.0,23,3257.08,4165.66,2529.62,3818.2342857142858,4,0,16,2025
2025-04-15,P008,Coffee Maker,Home Appliances,135.03,No,0.0,30,4050.98,3257.08,3767.64,3922.157142857143,4,1,16,2025
2025-04-16,P008,Coffee Maker,Home Appliances,138.01,No,0.0,33,4554.27,4050.98,3162.89,3962.634285714286,4,2,16,2025
2025-04-17,P008,Coffee Maker,Home Appliances,122.16,No,0.0,33,4031.14,4554.27,4874.38,4161.402857142857,4,3,16,2025
2025-04-18,P008,Coffee Maker,Home Appliances,130.16,No,0.0,25,3253.96,4031.14,5017.89,4040.94,4,4,16,2025
2025-04-19,P008,Coffee Maker,Home Appliances,126.44,No,0.0,30,3793.34,3253.96,3209.56,3788.9500000000003,4,5,16,2025
2025-04-20,P008,Coffee Maker,Home Appliances,123.85,No,0.0,45,5573.43,3793.34,4165.66,3872.347142857143,4,6,16,2025
2025-04-21,P008,Coffee Maker,Home Appliances,136.17,No,0.0,25,3404.23,5573.43,3257.08,4073.457142857143,4,0,17,2025
2025-04-22,P008,Coffee Maker,Home Appliances,137.79,No,0.0,30,4133.66,3404.23,4050.98,4094.4785714285717,4,1,17,2025
2025-04-23,P008,Coffee Maker,Home Appliances,125.24,No,0.0,25,3130.88,4133.66,4554.27,4106.29,4,2,17,2025
2025-04-24,P008,Coffee Maker,Home Appliances,130.37,Yes,0.176,44,4728.38,3130.88,4031.14,3902.948571428572,4,3,17,2025
2025-04-25,P008,Coffee Maker,Home Appliances,133.62,No,0.0,30,4008.5,4728.38,3253.96,4002.5542857142855,4,4,17,2025
2025-04-26,P008,Coffee Maker,Home Appliances,120.96,No,0.0,32,3870.86,4008.5,3793.34,4110.345714285714,4,5,17,2025
2025-04-27,P008,Coffee Maker,Home Appliances,136.23,No,0.0,29,3950.55,3870.86,5573.43,4121.42,4,6,17,2025
2025-04-28,P008,Coffee Maker,Home Appliances,126.93,No,0.0,34,4315.77,3950.55,3404.23,3889.5800000000004,4,0,18,2025
2025-04-29,P008,Coffee Maker,Home Appliances,129.92,No,0.0,31,4027.65,4315.77,4133.66,4019.7999999999997,4,1,18,2025
2025-04-30,P008,Coffee Maker,Home Appliances,131.3,Yes,0.165,35,3836.34,4027.65,3130.88,4004.655714285714,4,2,18,2025
2025-05-01,P008,Coffee Maker,Home Appliances,128.68,No,0.0,27,3474.3,3836.34,4728.38,4105.435714285714,5,3,18,2025
2025-05-02,P008,Coffee Maker,Home Appliances,121.86,Yes,0.096,32,3523.9,3474.3,4008.5,3926.281428571428,5,4,18,2025
2025-05-03,P008,Coffee Maker,Home Appliances,127.7,No,0.0,28,3575.53,3523.9,3870.86,3857.0528571428576,5,5,18,2025
2025-05-04,P008,Coffee Maker,Home Appliances,134.87,No,0.0,30,4046.01,3575.53,3950.55,3814.862857142857,5,6,18,2025
2025-05-05,P008,Coffee Maker,Home Appliances,131.68,No,0.0,29,3818.84,4046.01,4315.77,3828.5,5,0,19,2025
2025-05-06,P008,Coffee Maker,Home Appliances,134.24,No,0.0,20,2684.73,3818.84,4027.65,3757.5100000000007,5,1,19,2025
2025-05-07,P008,Coffee Maker,Home Appliances,133.15,No,0.0,22,2929.36,2684.73,3836.34,3565.664285714286,5,2,19,2025
2025-05-08,P008,Coffee Maker,Home Appliances,129.69,No,0.0,24,3112.44,2929.36,3474.3,3436.0957142857146,5,3,19,2025
2025-05-09,P008,Coffee Maker,Home Appliances,115.62,No,0.0,27,3121.8,3112.44,3523.9,3384.401428571429,5,4,19,2025
2025-05-10,P008,Coffee Maker,Home Appliances,131.34,No,0.0,28,3677.43,3121.8,3575.53,3326.9585714285713,5,5,19,2025
2025-05-11,P008,Coffee Maker,Home Appliances,122.78,Yes,0.155,46,4770.72,3677.43,4046.01,3341.5157142857142,5,6,19,2025
2025-05-12,P008,Coffee Maker,Home Appliances,122.35,No,0.0,38,4649.13,4770.72,3818.84,3445.0457142857144,5,0,20,2025
2025-05-13,P008,Coffee Maker,Home Appliances,138.01,No,0.0,19,2622.18,4649.13,2684.73,3563.6585714285716,5,1,20,2025
2025-05-14,P008,Coffee Maker,Home Appliances,125.92,No,0.0,34,4281.28,2622.18,2929.36,3554.7228571428573,5,2,20,2025
2025-05-15,P008,Coffee Maker,Home Appliances,131.11,Yes,0.054,28,3472.55,4281.28,3112.44,3747.8542857142857,5,3,20,2025
2025-05-16,P008,Coffee Maker,Home Appliances,125.07,No,0.0,26,3251.81,3472.55,3121.8,3799.2985714285714,5,4,20,2025
2025-05-17,P008,Coffee Maker,Home Appliances,125.77,Yes,0.215,45,4444.55,3251.81,3677.43,3817.871428571429,5,5,20,2025
2025-05-18,P008,Coffee Maker,Home Appliances,129.91,No,0.0,29,3767.43,4444.55,4770.72,3927.46,5,6,20,2025
2025-05-19,P008,Coffee Maker,Home Appliances,125.06,Yes,0.1,29,3264.27,3767.43,4649.13,3784.132857142857,5,0,21,2025
2025-05-20,P008,Coffee Maker,Home Appliances,123.85,No,0.0,32,3963.33,3264.27,2622.18,3586.2957142857144,5,1,21,2025
2025-05-21,P008,Coffee Maker,Home Appliances,124.74,No,0.0,28,3492.83,3963.33,4281.28,3777.888571428571,5,2,21,2025
2025-05-22,P008,Coffee Maker,Home Appliances,124.34,No,0.0,21,2611.13,3492.83,3472.55,3665.252857142857,5,3,21,2025
2025-05-23,P008,Coffee Maker,Home Appliances,132.32,No,0.0,29,3837.2,2611.13,3251.81,3542.192857142857,5,4,21,2025
2025-05-24,P008,Coffee Maker,Home Appliances,135.66,No,0.0,34,4612.36,3837.2,4444.55,3625.8199999999997,5,5,21,2025
2025-05-25,P008,Coffee Maker,Home Appliances,131.18,No,0.0,43,5640.68,4612.36,3767.43,3649.792857142857,5,6,21,2025
2025-05-26,P008,Coffee Maker,Home Appliances,123.68,Yes,0.223,29,2786.54,5640.68,3264.27,3917.4,5,0,22,2025
2025-05-27,P008,Coffee Maker,Home Appliances,139.3,No,0.0,21,2925.2,2786.54,3963.33,3849.152857142857,5,1,22,2025
2025-05-28,P008,Coffee Maker,Home Appliances,132.74,No,0.0,29,3849.53,2925.2,3492.83,3700.8485714285716,5,2,22,2025
2025-05-29,P008,Coffee Maker,Home Appliances,133.32,No,0.0,23,3066.44,3849.53,2611.13,3751.805714285714,5,3,22,2025
2025-05-30,P008,Coffee Maker,Home Appliances,133.08,No,0.0,25,3327.05,3066.44,3837.2,3816.85,5,4,22,2025
2025-05-31,P008,Coffee Maker,Home Appliances,125.29,No,0.0,29,3633.42,3327.05,4612.36,3743.971428571429,5,5,22,2025
2025-06-01,P008,Coffee Maker,Home Appliances,127.66,No,0.0,37,4723.28,3633.42,5640.68,3604.1228571428574,6,6,22,2025
2025-06-02,P008,Coffee Maker,Home Appliances,127.78,Yes,0.09,32,3721.1,4723.28,2786.54,3473.065714285714,6,0,23,2025
2025-06-03,P008,Coffee Maker,Home Appliances,133.35,No,0.0,21,2800.31,3721.1,2925.2,3606.574285714286,6,1,23,2025
2025-06-04,P008,Coffee Maker,Home Appliances,124.7,No,0.0,24,2992.69,2800.31,3849.53,3588.7328571428566,6,2,23,2025
2025-06-05,P008,Coffee Maker,Home Appliances,128.22,No,0.0,19,2436.1,2992.69,3066.44,3466.327142857143,6,3,23,2025
2025-06-06,P008,Coffee Maker,Home Appliances,131.4,No,0.0,28,3679.07,2436.1,3327.05,3376.2785714285715,6,4,23,2025
2025-06-07,P008,Coffee Maker,Home Appliances,123.66,Yes,0.079,40,4555.55,3679.07,3633.42,3426.567142857143,6,5,23,2025
2025-06-08,P008,Coffee Maker,Home Appliances,133.34,No,0.0,33,4400.26,4555.55,4723.28,3558.2999999999997,6,6,23,2025
2025-06-09,P008,Coffee Maker,Home Appliances,124.03,Yes,0.189,37,3719.67,4400.26,3721.1,3512.154285714286,6,0,24,2025
2025-06-10,P008,Coffee Maker,Home Appliances,125.99,No,0.0,29,3653.62,3719.67,2800.31,3511.9500000000003,6,1,24,2025
2025-06-11,P008,Coffee Maker,Home Appliances,125.01,No,0.0,20,2500.19,3653.62,2992.69,3633.851428571429,6,2,24,2025
2025-06-12,P008,Coffee Maker,Home Appliances,128.03,Yes,0.197,39,4009.99,2500.19,2436.1,3563.4942857142855,6,3,24,2025
2025-06-13,P008,Coffee Maker,Home Appliances,117.77,No,0.0,39,4593.03,4009.99,3679.07,3788.3357142857144,6,4,24,2025
2025-06-14,P008,Coffee Maker,Home Appliances,127.41,No,0.0,31,3949.78,4593.03,4555.55,3918.901428571429,6,5,24,2025
2025-06-15,P008,Coffee Maker,Home Appliances,126.72,No,0.0,32,4055.12,3949.78,4400.26,3832.362857142857,6,6,24,2025
2025-06-16,P008,Coffee Maker,Home Appliances,131.38,No,0.0,25,3284.54,4055.12,3719.67,3783.057142857143,6,0,25,2025
2025-06-17,P008,Coffee Maker,Home Appliances,134.41,Yes,0.129,33,3864.49,3284.54,3653.62,3720.8957142857143,6,1,25,2025
2025-06-18,P008,Coffee Maker,Home Appliances,131.25,No,0.0,36,4725.11,3864.49,2500.19,3751.02,6,2,25,2025
2025-06-19,P008,Coffee Maker,Home Appliances,128.2,No,0.0,28,3589.55,4725.11,4009.99,4068.865714285714,6,3,25,2025
2025-06-20,P008,Coffee Maker,Home Appliances,139.32,No,0.0,20,2786.49,3589.55,4593.03,4008.802857142857,6,4,25,2025
2025-06-21,P008,Coffee Maker,Home Appliances,130.54,No,0.0,28,3655.2,2786.49,3949.78,3750.725714285714,6,5,25,2025
2025-06-22,P008,Coffee Maker,Home Appliances,122.45,No,0.0,26,3183.81,3655.2,4055.12,3708.6428571428573,6,6,25,2025
2025-06-23,P008,Coffee Maker,Home Appliances,122.02,No,,38,4636.67,3183.81,3284.54,3584.1699999999996,6,0,26,2025
2025-06-24,P008,Coffee Maker,Home Appliances,127.91,Yes,0.079,36,4242.0,4636.67,3864.49,3777.3314285714287,6,1,26,2025
2025-06-25,P008,Coffee Maker,Home Appliances,124.88,No,0.0,33,4121.03,4242.0,4725.11,3831.2614285714285,6,2,26,2025
2025-06-26,P008,Coffee Maker,Home Appliances,135.56,Yes,0.113,42,5048.92,4121.03,3589.55,3744.964285714286,6,3,26,2025
2025-06-27,P008,Coffee Maker,Home Appliances,140.05,Yes,0.134,36,4365.47,5048.92,2786.49,3953.445714285714,6,4,26,2025
2025-06-28,P008,Coffee Maker,Home Appliances,129.59,Yes,0.147,35,3867.08,4365.47,3655.2,4179.0142857142855,6,5,26,2025
2025-06-29,P008,Coffee Maker,Home Appliances,121.9,No,0.0,44,5363.46,3867.08,3183.81,4209.282857142857,6,6,26,2025
2025-06-30,P008,Coffee Maker,Home Appliances,135.84,No,0.0,19,2580.94,5363.46,4636.67,4520.661428571429,6,0,27,2025
2025-07-01,P008,Coffee Maker,Home Appliances,136.29,No,0.0,38,5178.95,2580.94,4242.0,4226.9857142857145,7,1,27,2025
2025-07-02,P008,Coffee Maker,Home Appliances,125.02,No,0.0,27,3375.48,5178.95,4121.03,4360.835714285714,7,2,27,2025
2025-07-03,P008,Coffee Maker,Home Appliances,130.44,No,0.0,28,3652.19,3375.48,5048.92,4254.328571428572,7,3,27,2025
2025-07-04,P008,Coffee Maker,Home Appliances,127.3,Yes,0.213,37,3707.69,3652.19,4365.47,4054.7957142857144,7,4,27,2025
2025-07-05,P008,Coffee Maker,Home Appliances,130.65,No,0.0,31,4050.26,3707.69,3867.08,3960.8271428571425,7,5,27,2025
2025-07-06,P008,Coffee Maker,Home Appliances,120.55,No,0.0,30,3616.51,4050.26,5363.46,3986.9957142857143,7,6,27,2025
2025-07-07,P008,Coffee Maker,Home Appliances,133.8,No,0.0,36,4816.73,3616.51,2580.94,3737.4314285714286,7,0,28,2025
2025-07-08,P008,Coffee Maker,Home Appliances,116.2,No,0.0,26,3021.23,4816.73,5178.95,4056.8299999999995,7,1,28,2025
2025-07-09,P008,Coffee Maker,Home Appliances,134.93,No,0.0,26,3508.2,3021.23,3375.48,3748.584285714286,7,2,28,2025
2025-07-10,P008,Coffee Maker,Home Appliances,129.36,No,0.0,30,3880.77,3508.2,3652.19,3767.5442857142853,7,3,28,2025
2025-07-11,P008,Coffee Maker,Home Appliances,131.02,No,0.0,14,1834.31,3880.77,3707.69,3800.1985714285715,7,4,28,2025
2025-07-12,P008,Coffee Maker,Home Appliances,126.4,No,0.0,30,3792.02,1834.31,4050.26,3532.5728571428576,7,5,28,2025
2025-07-13,P008,Coffee Maker,Home Appliances,129.41,No,0.0,22,2847.1,3792.02,3616.51,3495.6814285714286,7,6,28,2025
2025-07-14,P008,Coffee Maker,Home Appliances,128.25,No,0.0,27,3462.67,2847.1,4816.73,3385.7657142857142,7,0,29,2025
2025-07-15,P008,Coffee Maker,Home Appliances,123.09,No,0.0,23,2831.01,3462.67,3021.23,3192.328571428571,7,1,29,2025
2025-07-16,P008,Coffee Maker,Home Appliances,135.56,Yes,0.241,30,3088.41,2831.01,3508.2,3165.1542857142854,7,2,29,2025
2025-07-17,P008,Coffee Maker,Home Appliances,134.92,No,0.0,24,3238.08,3088.41,3880.77,3105.184285714286,7,3,29,2025
2025-07-18,P008,Coffee Maker,Home Appliances,126.55,No,0.0,38,4809.04,3238.08,1834.31,3013.371428571429,7,4,29,2025
2025-07-19,P008,Coffee Maker,Home Appliances,129.65,No,0.0,36,4667.53,4809.04,3792.02,3438.3328571428574,7,5,29,2025
2025-07-20,P008,Coffee Maker,Home Appliances,129.0,No,0.0,32,4127.85,4667.53,2847.1,3563.405714285714,7,6,29,2025
2025-07-21,P008,Coffee Maker,Home Appliances,125.85,No,0.0,27,3398.08,4127.85,3462.67,3746.37,7,0,30,2025
2025-07-22,P008,Coffee Maker,Home Appliances,132.66,No,0.0,26,3449.05,3398.08,2831.01,3737.1428571428573,7,1,30,2025
2025-07-23,P008,Coffee Maker,Home Appliances,128.63,Yes,0.062,41,4949.03,3449.05,3088.41,3825.434285714286,7,2,30,2025
2025-07-24,P008,Coffee Maker,Home Appliances,124.94,No,0.0,30,3748.24,4949.03,3238.08,4091.2371428571428,7,3,30,2025
2025-07-25,P008,Coffee Maker,Home Appliances,136.09,No,0.0,30,4082.56,3748.24,4809.04,4164.117142857142,7,4,30,2025
2025-07-26,P008,Coffee Maker,Home Appliances,127.53,No,0.0,41,5228.89,4082.56,4667.53,4060.334285714285,7,5,30,2025
2025-07-27,P008,Coffee Maker,Home Appliances,124.59,No,0.0,37,4609.72,5228.89,4127.85,4140.528571428571,7,6,30,2025
2025-07-28,P008,Coffee Maker,Home Appliances,136.22,Yes,0.112,31,3751.24,4609.72,3398.08,4209.367142857142,7,0,31,2025
2025-07-29,P008,Coffee Maker,Home Appliances,125.85,No,0.0,30,3775.55,3751.24,3449.05,4259.818571428571,7,1,31,2025
2025-07-30,P008,Coffee Maker,Home Appliances,132.2,No,0.0,31,4098.09,3775.55,4949.03,4306.461428571429,7,2,31,2025
2025-07-31,P008,Coffee Maker,Home Appliances,129.97,No,0.0,24,3119.2,4098.09,3748.24,4184.898571428572,7,3,31,2025
2025-08-01,P008,Coffee Maker,Home Appliances,130.1,No,0.0,30,3903.13,3119.2,4082.56,4095.035714285714,8,4,31,2025
2025-08-02,P008,Coffee Maker,Home Appliances,133.96,Yes,0.174,37,4094.21,3903.13,5228.89,4069.402857142857,8,5,31,2025
2025-08-03,P008,Coffee Maker,Home Appliances,134.86,No,0.0,26,3506.29,4094.21,4609.72,3907.3057142857147,8,6,31,2025
2025-08-04,P008,Coffee Maker,Home Appliances,128.79,No,0.0,15,1931.82,3506.29,3751.24,3749.672857142857,8,0,32,2025
2025-08-05,P008,Coffee Maker,Home Appliances,133.29,No,0.0,26,3465.59,1931.82,3775.55,3489.7557142857145,8,1,32,2025
2025-08-06,P008,Coffee Maker,Home Appliances,127.79,No,0.0,29,3705.81,3465.59,4098.09,3445.4757142857147,8,2,32,2025
2025-08-07,P008,Coffee Maker,Home Appliances,125.96,No,0.0,20,2519.1,3705.81,3119.2,3389.4357142857143,8,3,32,2025
2025-08-08,P008,Coffee Maker,Home Appliances,132.92,No,0.0,23,3057.23,2519.1,3903.13,3303.7071428571426,8,4,32,2025
2025-08-09,P008,Coffee Maker,Home Appliances,135.35,No,0.0,27,3654.57,3057.23,4094.21,3182.8642857142863,8,5,32,2025
2025-08-10,P008,Coffee Maker,Home Appliances,131.86,No,0.0,28,3692.17,3654.57,3506.29,3120.058571428571,8,6,32,2025
2025-08-11,P008,Coffee Maker,Home Appliances,133.34,Yes,0.138,31,3564.52,3692.17,1931.82,3146.612857142857,8,0,33,2025
2025-08-12,P008,Coffee Maker,Home Appliances,134.06,No,0.0,21,2815.22,3564.52,3465.59,3379.855714285714,8,1,33,2025
2025-08-13,P008,Coffee Maker,Home Appliances,132.74,No,0.0,16,2123.76,2815.22,3705.81,3286.9457142857145,8,2,33,2025
2025-08-14,P008,Coffee Maker,Home Appliances,125.69,No,0.0,22,2765.25,2123.76,2519.1,3060.9385714285713,8,3,33,2025
2025-08-15,P008,Coffee Maker,Home Appliances,131.34,Yes,0.116,23,2670.05,2765.25,3057.23,3096.1028571428574,8,4,33,2025
2025-08-16,P008,Coffee Maker,Home Appliances,125.24,No,0.0,32,4007.7,2670.05,3654.57,3040.7914285714287,8,5,33,2025
2025-08-17,P008,Coffee Maker,Home Appliances,136.28,Yes,0.052,28,3619.11,4007.7,3692.17,3091.238571428571,8,6,33,2025
2025-08-18,P008,Coffee Maker,Home Appliances,131.73,Yes,0.18,30,3241.05,3619.11,3564.52,3080.8014285714285,8,0,34,2025
2025-08-19,P008,Coffee Maker,Home Appliances,128.18,No,0.0,28,3588.99,3241.05,2815.22,3034.5914285714284,8,1,34,2025
2025-08-20,P008,Coffee Maker,Home Appliances,124.66,Yes,0.138,28,3008.0,3588.99,2123.76,3145.13,8,2,34,2025
2025-08-21,P008,Coffee Maker,Home Appliances,127.89,No,0.0,29,3708.72,3008.0,2765.25,3271.4500000000003,8,3,34,2025
2025-08-22,P008,Coffee Maker,Home Appliances,128.07,Yes,0.151,25,2717.72,3708.72,2670.05,3406.2314285714288,8,4,34,2025
2025-08-23,P008,Coffee Maker,Home Appliances,128.71,No,0.0,29,3732.54,2717.72,4007.7,3413.0414285714282,8,5,34,2025
2025-08-24,P008,Coffee Maker,Home Appliances,123.04,No,0.0,26,3199.04,3732.54,3619.11,3373.7328571428575,8,6,34,2025
2025-08-25,P008,Coffee Maker,Home Appliances,126.31,Yes,0.112,37,4150.39,3199.04,3241.05,3313.7228571428573,8,0,35,2025
2025-08-26,P008,Coffee Maker,Home Appliances,135.0,Yes,0.052,34,4351.17,4150.39,3588.99,3443.628571428572,8,1,35,2025
2025-08-27,P008,Coffee Maker,Home Appliances,132.07,Yes,0.17,43,4711.93,4351.17,3008.0,3552.511428571429,8,2,35,2025
2025-08-28,P008,Coffee Maker,Home Appliances,128.35,No,0.0,15,1925.3,4711.93,3708.72,3795.9300000000003,8,3,35,2025
2025-08-29,P008,Coffee Maker,Home Appliances,125.98,No,0.0,30,3779.26,1925.3,2717.72,3541.155714285714,8,4,35,2025
2025-08-30,P008,Coffee Maker,Home Appliances,124.06,No,0.0,33,4093.92,3779.26,3732.54,3692.804285714286,8,5,35,2025
2025-08-31,P008,Coffee Maker,Home Appliances,132.23,No,0.0,36,4760.19,4093.92,3199.04,3744.4300000000003,8,6,35,2025
2025-09-01,P008,Coffee Maker,Home Appliances,137.32,No,0.0,15,2059.85,4760.19,4150.39,3967.4514285714286,9,0,36,2025
2025-09-02,P008,Coffee Maker,Home Appliances,141.09,No,0.0,33,4655.97,2059.85,4351.17,3668.802857142857,9,1,36,2025
2025-09-03,P008,Coffee Maker,Home Appliances,128.0,No,0.0,24,3071.97,4655.97,4711.93,3712.345714285714,9,2,36,2025
2025-09-04,P008,Coffee Maker,Home Appliances,133.16,No,0.0,17,2263.76,3071.97,1925.3,3478.065714285714,9,3,36,2025
2025-09-05,P008,Coffee Maker,Home Appliances,128.33,No,0.0,19,2438.27,2263.76,3779.26,3526.4171428571426,9,4,36,2025
2025-09-06,P008,Coffee Maker,Home Appliances,127.73,Yes,0.178,30,3148.04,2438.27,4093.92,3334.847142857143,9,5,36,2025
2025-09-07,P008,Coffee Maker,Home Appliances,134.53,No,0.0,28,3766.85,3148.04,4760.19,3199.7214285714285,9,6,36,2025
2025-09-08,P008,Coffee Maker,Home Appliances,129.95,No,0.0,15,1949.23,3766.85,2059.85,3057.815714285714,9,0,37,2025
2025-09-09,P008,Coffee Maker,Home Appliances,134.18,No,0.0,20,2683.55,1949.23,4655.97,3042.0128571428572,9,1,37,2025
2025-09-10,P008,Coffee Maker,Home Appliances,135.11,No,0.0,29,3918.13,2683.55,3071.97,2760.238571428571,9,2,37,2025
2025-09-11,P008,Coffee Maker,Home Appliances,130.2,No,0.0,26,3385.26,3918.13,2263.76,2881.1185714285716,9,3,37,2025
2025-09-12,P008,Coffee Maker,Home Appliances,137.38,No,0.0,24,3297.17,3385.26,2438.27,3041.332857142857,9,4,37,2025
2025-09-13,P008,Coffee Maker,Home Appliances,129.14,Yes,0.229,38,3782.46,3297.17,3148.04,3164.032857142857,9,5,37,2025
2025-09-14,P008,Coffee Maker,Home Appliances,136.23,No,0.0,29,3950.81,3782.46,3766.85,3254.664285714286,9,6,37,2025
2025-09-15,P008,Coffee Maker,Home Appliances,135.69,No,0.0,24,3256.5,3950.81,1949.23,3280.944285714286,9,0,38,2025
2025-09-16,P008,Coffee Maker,Home Appliances,136.25,No,0.0,19,2588.73,3256.5,2683.55,3467.697142857143,9,1,38,2025
2025-09-17,P008,Coffee Maker,Home Appliances,129.64,Yes,0.195,38,3965.46,2588.73,3918.13,3454.151428571429,9,2,38,2025
2025-09-18,P008,Coffee Maker,Home Appliances,129.58,Yes,0.066,31,3752.47,3965.46,3385.26,3460.912857142857,9,3,38,2025
2025-09-19,P008,Coffee Maker,Home Appliances,128.7,No,0.0,21,2702.8,3752.47,3297.17,3513.371428571429,9,4,38,2025
2025-09-20,P008,Coffee Maker,Home Appliances,127.94,No,0.0,20,2558.72,2702.8,3782.46,3428.4614285714283,9,5,38,2025
2025-09-21,P008,Coffee Maker,Home Appliances,132.96,No,0.0,35,4653.46,2558.72,3950.81,3253.641428571428,9,6,38,2025
2025-09-22,P008,Coffee Maker,Home Appliances,121.42,No,0.0,25,3035.46,4653.46,3256.5,3354.02,9,0,39,2025
2025-09-23,P008,Coffee Maker,Home Appliances,126.99,No,0.0,26,3301.65,3035.46,2588.73,3322.442857142857,9,1,39,2025
2025-09-24,P008,Coffee Maker,Home Appliances,128.14,No,0.0,26,3331.72,3301.65,3965.46,3424.2885714285717,9,2,39,2025
2025-09-25,P008,Coffee Maker,Home Appliances,132.87,No,0.0,24,3188.96,3331.72,3752.47,3333.7542857142857,9,3,39,2025
2025-09-26,P008,Coffee Maker,Home Appliances,132.52,No,0.0,15,1987.83,3188.96,2702.8,3253.2528571428566,9,4,39,2025
2025-09-27,P008,Coffee Maker,Home Appliances,132.48,No,0.0,32,4239.28,1987.83,2558.72,3151.1142857142854,9,5,39,2025
2025-09-28,P008,Coffee Maker,Home Appliances,133.19,No,0.0,21,2796.97,4239.28,4653.46,3391.194285714286,9,6,39,2025
2025-09-29,P008,Coffee Maker,Home Appliances,132.86,No,0.0,24,3188.57,2796.97,3035.46,3125.9814285714283,9,0,40,2025
2025-09-30,P008,Coffee Maker,Home Appliances,124.37,No,0.0,23,2860.48,3188.57,3301.65,3147.8542857142857,9,1,40,2025
2025-10-01,P008,Coffee Maker,Home Appliances,134.31,No,0.0,27,3626.26,2860.48,3331.72,3084.8299999999995,10,2,40,2025
2025-10-02,P008,Coffee Maker,Home Appliances,131.34,Yes,0.166,30,3287.08,3626.26,3188.96,3126.9071428571433,10,3,40,2025
2025-10-03,P008,Coffee Maker,Home Appliances,128.54,No,0.0,23,2956.32,3287.08,1987.83,3140.9242857142854,10,4,40,2025
2025-10-04,P008,Coffee Maker,Home Appliances,129.02,No,0.0,28,3612.53,2956.32,4239.28,3279.2799999999997,10,5,40,2025
2025-10-05,P008,Coffee Maker,Home Appliances,127.61,No,0.0,25,3190.28,3612.53,2796.97,3189.744285714286,10,6,40,2025
2025-10-06,P008,Coffee Maker,Home Appliances,132.07,No,0.0,16,2113.12,3190.28,3188.57,3245.9314285714286,10,0,41,2025
2025-10-07,P008,Coffee Maker,Home Appliances,131.88,Yes,0.102,35,4143.46,2113.12,2860.48,3092.2957142857144,10,1,41,2025
2025-10-08,P008,Coffee Maker,Home Appliances,128.78,No,0.0,18,2318.01,4143.46,3626.26,3275.5785714285716,10,2,41,2025
2025-10-09,P008,Coffee Maker,Home Appliances,130.87,No,0.0,23,3010.12,2318.01,3287.08,3088.6857142857143,10,3,41,2025
2025-10-10,P008,Coffee Maker,Home Appliances,128.19,No,0.0,32,4101.98,3010.12,2956.32,3049.12,10,4,41,2025
2025-10-11,P008,Coffee Maker,Home Appliances,124.03,No,0.0,33,4093.08,4101.98,3612.53,3212.785714285714,10,5,41,2025
2025-10-12,P008,Coffee Maker,Home Appliances,133.35,No,0.0,26,3467.01,4093.08,3190.28,3281.4357142857143,10,6,41,2025
2025-10-13,P008,Coffee Maker,Home Appliances,131.58,No,0.0,26,3421.17,3467.01,2113.12,3320.968571428571,10,0,42,2025
2025-10-14,P008,Coffee Maker,Home Appliances,126.39,No,0.0,20,2527.78,3421.17,4143.46,3507.8328571428574,10,1,42,2025
2025-10-15,P008,Coffee Maker,Home Appliances,134.66,No,0.0,25,3366.46,2527.78,2318.01,3277.0214285714287,10,2,42,2025
2025-10-16,P008,Coffee Maker,Home Appliances,128.98,No,0.0,24,3095.58,3366.46,3010.12,3426.7999999999997,10,3,42,2025
2025-10-17,P008,Coffee Maker,Home Appliances,133.78,No,0.0,17,2274.3,3095.58,4101.98,3439.0085714285715,10,4,42,2025
2025-10-18,P008,Coffee Maker,Home Appliances,131.5,No,0.0,27,3550.54,2274.3,4093.08,3177.9114285714286,10,5,42,2025
2025-10-19,P008,Coffee Maker,Home Appliances,135.11,No,0.0,29,3918.21,3550.54,3467.01,3100.405714285714,10,6,42,2025
2025-10-20,P008,Coffee Maker,Home Appliances,128.01,No,0.0,21,2688.17,3918.21,3421.17,3164.862857142857,10,0,43,2025
2025-10-21,P008,Coffee Maker,Home Appliances,131.17,Yes,0.109,31,3621.83,2688.17,2527.78,3060.1485714285714,10,1,43,2025
2025-10-22,P008,Coffee Maker,Home Appliances,132.54,No,0.0,19,2518.19,3621.83,3366.46,3216.441428571429,10,2,43,2025
2025-10-23,P008,Coffee Maker,Home Appliances,120.25,No,0.0,22,2645.45,2518.19,3095.58,3095.2599999999998,10,3,43,2025
2025-10-24,P008,Coffee Maker,Home Appliances,129.23,No,0.0,20,2584.69,2645.45,2274.3,3030.9557142857143,10,4,43,2025
2025-10-25,P008,Coffee Maker,Home Appliances,127.36,No,0.0,23,2929.37,2584.69,3550.54,3075.297142857143,10,5,43,2025
2025-10-26,P008,Coffee Maker,Home Appliances,140.1,No,0.0,28,3922.81,2929.37,3918.21,2986.558571428571,10,6,43,2025
2025-10-27,P008,Coffee Maker,Home Appliances,130.62,No,0.0,24,3134.94,3922.81,2688.17,2987.2157142857145,10,0,44,2025
2025-10-28,P008,Coffee Maker,Home Appliances,134.47,Yes,0.069,27,3379.23,3134.94,3621.83,3051.04,10,1,44,2025
2025-10-29,P008,Coffee Maker,Home Appliances,124.38,No,0.0,20,2487.63,3379.23,2518.19,3016.382857142857,10,2,44,2025
2025-10-30,P008,Coffee Maker,Home Appliances,132.94,No,0.0,20,2658.88,2487.63,2645.45,3012.0171428571425,10,3,44,2025
2025-10-31,P008,Coffee Maker,Home Appliances,136.8,Yes,0.109,32,3900.42,2658.88,2584.69,3013.9357142857148,10,4,44,2025
2025-11-01,P008,Coffee Maker,Home Appliances,133.54,No,0.0,35,4673.92,3900.42,2929.37,3201.8971428571426,11,5,44,2025
2025-11-02,P008,Coffee Maker,Home Appliances,124.7,Yes,0.132,54,5844.08,4673.92,3922.81,3451.1185714285716,11,6,44,2025
2025-11-03,P008,Coffee Maker,Home Appliances,128.44,No,0.0,27,3467.85,5844.08,3134.94,3725.5857142857144,11,0,45,2025
2025-11-04,P008,Coffee Maker,Home Appliances,135.66,No,0.0,26,3527.14,3467.85,3379.23,3773.1442857142856,11,1,45,2025
2025-11-05,P008,Coffee Maker,Home Appliances,125.38,No,0.0,23,2883.64,3527.14,2487.63,3794.2742857142853,11,2,45,2025
2025-11-06,P008,Coffee Maker,Home Appliances,127.85,No,0.0,27,3452.02,2883.64,2658.88,3850.847142857143,11,3,45,2025
2025-11-07,P008,Coffee Maker,Home Appliances,133.87,No,0.0,24,3212.81,3452.02,3900.42,3964.152857142857,11,4,45,2025
2025-11-08,P008,Coffee Maker,Home Appliances,129.65,Yes,0.201,37,3834.51,3212.81,4673.92,3865.922857142857,11,5,45,2025
2025-11-09,P008,Coffee Maker,Home Appliances,124.54,No,0.0,33,4109.84,3834.51,5844.08,3746.007142857143,11,6,45,2025
2025-11-10,P008,Coffee Maker,Home Appliances,122.82,No,0.0,32,3930.3,4109.84,3467.85,3498.258571428571,11,0,46,2025
2025-11-11,P008,Coffee Maker,Home Appliances,130.66,No,0.0,20,2613.25,3930.3,3527.14,3564.3228571428576,11,1,46,2025
2025-11-12,P008,Coffee Maker,Home Appliances,128.09,Yes,0.19,40,4151.3,2613.25,2883.64,3433.7671428571434,11,2,46,2025
2025-11-13,P008,Coffee Maker,Home Appliances,129.48,No,0.0,29,3754.82,4151.3,3452.02,3614.8614285714284,11,3,46,2025
2025-11-14,P008,Coffee Maker,Home Appliances,133.56,No,0.0,27,3606.04,3754.82,3212.81,3658.1185714285716,11,4,46,2025
2025-11-15,P008,Coffee Maker,Home Appliances,133.79,No,0.0,37,4950.26,3606.04,3834.51,3714.2942857142857,11,5,46,2025
2025-11-16,P008,Coffee Maker,Home Appliances,128.52,No,0.0,40,5140.92,4950.26,4109.84,3873.6871428571426,11,6,46,2025
2025-11-17,P008,Coffee Maker,Home Appliances,136.53,No,0.0,15,2047.93,5140.92,3930.3,4020.984285714286,11,0,47,2025
2025-11-18,P008,Coffee Maker,Home Appliances,128.99,No,0.0,24,3095.73,2047.93,2613.25,3752.074285714286,11,1,47,2025
2025-11-19,P008,Coffee Maker,Home Appliances,135.14,No,0.0,30,4054.16,3095.73,4151.3,3821.0,11,2,47,2025
2025-11-20,P008,Coffee Maker,Home Appliances,131.95,No,0.0,32,4222.43,4054.16,3754.82,3807.1228571428574,11,3,47,2025
2025-11-21,P008,Coffee Maker,Home Appliances,135.77,No,0.0,30,4073.12,4222.43,3606.04,3873.924285714286,11,4,47,2025
2025-11-22,P008,Coffee Maker,Home Appliances,134.85,Yes,0.116,32,3814.87,4073.12,4950.26,3940.65,11,5,47,2025
2025-11-23,P008,Coffee Maker,Home Appliances,124.33,No,0.0,26,3232.56,3814.87,5140.92,3778.451428571429,11,6,47,2025
2025-11-24,P008,Coffee Maker,Home Appliances,127.88,Yes,0.105,33,3775.81,3232.56,2047.93,3505.828571428571,11,0,48,2025
2025-11-25,P008,Coffee Maker,Home Appliances,134.72,No,0.0,36,4849.95,3775.81,3095.73,3752.6685714285713,11,1,48,2025
2025-11-26,P008,Coffee Maker,Home Appliances,131.09,No,0.0,43,5636.71,4849.95,4054.16,4003.2714285714287,11,2,48,2025
2025-11-27,P008,Coffee Maker,Home Appliances,127.45,Yes,0.131,32,3545.28,5636.71,4222.43,4229.35,11,3,48,2025
2025-11-28,P008,Coffee Maker,Home Appliances,131.27,No,0.0,24,3150.41,3545.28,4073.12,4132.614285714286,11,4,48,2025
2025-11-29,P008,Coffee Maker,Home Appliances,122.07,No,0.0,23,2807.54,3150.41,3814.87,4000.7985714285714,11,5,48,2025
2025-11-30,P008,Coffee Maker,Home Appliances,131.52,Yes,0.134,38,4326.01,2807.54,3232.56,3856.894285714286,11,6,48,2025
2025-12-01,P008,Coffee Maker,Home Appliances,120.52,No,0.0,22,2651.44,4326.01,3775.81,4013.1014285714286,12,0,49,2025
2025-12-02,P008,Coffee Maker,Home Appliances,120.58,No,0.0,42,5064.24,2651.44,4849.95,3852.477142857143,12,1,49,2025
2025-12-03,P008,Coffee Maker,Home Appliances,135.41,No,0.0,40,5416.21,5064.24,5636.71,3883.0899999999997,12,2,49,2025
2025-12-04,P008,Coffee Maker,Home Appliances,129.49,Yes,0.118,48,5482.49,5416.21,3545.28,3851.59,12,3,49,2025
2025-12-05,P008,Coffee Maker,Home Appliances,140.62,No,0.0,22,3093.57,5482.49,3150.41,4128.334285714286,12,4,49,2025
2025-12-06,P008,Coffee Maker,Home Appliances,135.77,Yes,0.193,44,4822.64,3093.57,2807.54,4120.214285714285,12,5,49,2025
2025-12-07,P008,Coffee Maker,Home Appliances,139.79,No,0.0,24,3354.9,4822.64,4326.01,4408.085714285714,12,6,49,2025
2025-12-08,P008,Coffee Maker,Home Appliances,129.77,No,0.0,26,3373.91,3354.9,2651.44,4269.355714285714,12,0,50,2025
2025-12-09,P008,Coffee Maker,Home Appliances,119.46,No,0.0,30,3583.7,3373.91,5064.24,4372.565714285714,12,1,50,2025
2025-12-10,P008,Coffee Maker,Home Appliances,127.81,Yes,0.192,35,3615.84,3583.7,5416.21,4161.06,12,2,50,2025
2025-12-11,P008,Coffee Maker,Home Appliances,134.91,No,0.0,35,4721.95,3615.84,5482.49,3903.8642857142854,12,3,50,2025
2025-12-12,P008,Coffee Maker,Home Appliances,129.7,No,0.0,28,3631.73,4721.95,3093.57,3795.2157142857145,12,4,50,2025
2025-12-13,P008,Coffee Maker,Home Appliances,126.4,No,0.0,41,5182.51,3631.73,4822.64,3872.0957142857146,12,5,50,2025
2025-12-14,P008,Coffee Maker,Home Appliances,131.98,No,0.0,38,5015.08,5182.51,3354.9,3923.505714285714,12,6,50,2025
2025-12-15,P008,Coffee Maker,Home Appliances,125.48,No,0.0,28,3513.46,5015.08,3373.91,4160.674285714286,12,0,51,2025
2025-12-16,P008,Coffee Maker,Home Appliances,127.49,No,0.0,44,5609.54,3513.46,3583.7,4180.61,12,1,51,2025
2025-12-17,P008,Coffee Maker,Home Appliances,130.59,No,0.0,28,3656.46,5609.54,3615.84,4470.015714285714,12,2,51,2025
2025-12-18,P008,Coffee Maker,Home Appliances,129.91,No,0.0,28,3637.54,3656.46,4721.95,4475.818571428571,12,3,51,2025
2025-12-19,P008,Coffee Maker,Home Appliances,122.53,No,0.0,37,4533.57,3637.54,3631.73,4320.902857142857,12,4,51,2025
2025-12-20,P008,Coffee Maker,Home Appliances,131.74,No,0.0,44,5796.46,4533.57,5182.51,4449.737142857142,12,5,51,2025
2025-12-21,P008,Coffee Maker,Home Appliances,138.28,No,0.0,48,6637.41,5796.46,5015.08,4537.444285714286,12,6,51,2025
2025-12-22,P008,Coffee Maker,Home Appliances,127.57,No,0.0,40,5102.83,6637.41,3513.46,4769.205714285714,12,0,52,2025
2025-12-23,P008,Coffee Maker,Home Appliances,126.35,No,0.0,40,5054.14,5102.83,5609.54,4996.2585714285715,12,1,52,2025
2025-12-24,P008,Coffee Maker,Home Appliances,130.09,No,0.0,31,4032.77,5054.14,3656.46,4916.915714285714,12,2,52,2025
2025-12-25,P008,Coffee Maker,Home Appliances,131.93,Yes,0.096,52,6204.48,4032.77,3637.54,4970.674285714286,12,3,52,2025
2025-12-26,P008,Coffee Maker,Home Appliances,134.52,No,0.0,42,5649.68,6204.48,4533.57,5337.379999999999,12,4,52,2025
2025-12-27,P008,Coffee Maker,Home Appliances,127.4,No,0.0,50,6369.78,5649.68,5796.46,5496.824285714285,12,5,52,2025
2025-12-28,P008,Coffee Maker,Home Appliances,119.27,No,0.0,42,5009.5,6369.78,6637.41,5578.727142857142,12,6,52,2025
2025-12-29,P008,Coffee Maker,Home Appliances,122.68,No,0.0,35,4293.75,5009.5,5102.83,5346.168571428571,12,0,1,2025
2025-12-30,P008,Coffee Maker,Home Appliances,131.09,No,0.0,45,5899.1,4293.75,5054.14,5230.585714285714,12,1,1,2025
2025-12-31,P008,Coffee Maker,Home Appliances,135.87,No,0.0,42,5706.59,5899.1,4032.77,5351.294285714286,12,2,1,2025
